PlayerID,KTC ID,Name,Position,Team,Age,KTC Value,Owner,Position-Owner,Value/Age Ratio,1 Year Progressive Value,2 Year Progressive Value,3 Year Progressive Value,1 Year Change,2 Year Change,3 Year Change,Game Injury Odds,Game Missed Odds
9509,1414,Bijan Robinson,RB,ATL,24,9997,Lucas,RB-Lucas,416.5416667,9997,8747.375,6248.125,0,-1249.625,-2499.25,0,0
4984,365,Josh Allen,QB,BUF,30,9992,Lucas,QB-Lucas,333.0666667,8992.8,7993.6,6994.4,-999.2,-999.2,-999.2,0,0
9221,1415,Jahmyr Gibbs,RB,DET,24,9998,Jordan,RB-Jordan,416.5833333,9997,8747.375,6248.125,-1,-1249.625,-2499.25,0,0
7564,1004,Ja'Marr Chase,WR,CIN,26,9967,Lucas,WR-Lucas,383.3461538,9087.558824,8208.117647,7328.676471,-879.4411765,-879.4411765,-879.4411765,0,0
9488,1437,Jaxon Smith-Njigba,WR,SEA,24,9226,Matt,WR-Matt,384.4166667,9468.65,9468.65,8633.180882,242.65,0,-835.4691176,0,0
11564,1551,Drake Maye,QB,NE,23,9233,Luc,QB-Luc,401.4347826,9492.4,9492.4,9492.4,259.4,0,0,0,0
9493,1426,Puka Nacua,WR,LAR,25,8896,Joe,WR-Joe,355.84,9452,8618,7784,556,-834,-834,0,0
11604,1612,Brock Bowers,TE,LV,23,8225,Ricky,TE-Ricky,357.6086957,8225,8225,7359.210526,0,0,-865.7894737,0,0
7547,1010,Amon-Ra St Brown,WR,DET,26,7890,Joe,WR-Joe,303.4615385,7193.823529,6497.647059,5801.470588,-696.1764706,-696.1764706,-696.1764706,0,0
11560,1550,Caleb Williams,QB,CHI,24,7927,Lucas,QB-Lucas,330.2916667,8244.08,8878.24,9492.4,317.08,634.16,614.16,0,0
12527,1742,Ashton Jeanty,RB,LV,22,7618,,RB-,346.2727273,9498.1,9498.1,9498.1,1880.1,0,0,0,0
4881,372,Lamar Jackson,QB,BAL,29,7557,James,QB-James,260.5862069,7084.6875,6376.21875,5667.75,-472.3125,-708.46875,-708.46875,0,0
11566,1552,Jayden Daniels,QB,WAS,25,7509,Alex,QB-Alex,300.36,8086.615385,8664.230769,8953.038462,577.6153846,577.6153846,288.8076923,0,0
6794,542,Justin Jefferson,WR,MIN,27,7596,Lucas,WR-Lucas,281.3333333,6860.903226,6125.806452,3920.516129,-735.0967742,-735.0967742,-2205.290323,0,0
13287,1934,Jeremiyah Love,RB,ARI,21,7398,,RB-,352.2857143,9498.1,9498.1,9498.1,2100.1,0,0,0,0
6770,601,Joe Burrow,QB,CIN,29,7427,James,QB-James,256.1034483,6962.8125,6266.53125,5570.25,-464.1875,-696.28125,-696.28125,0,0
8130,1253,Trey McBride,TE,ARI,26,7338,Ricky,TE-Ricky,282.2307692,6690.529412,5611.411765,5179.764706,-647.4705882,-1079.117647,-431.6470588,0,0
11632,1586,Malik Nabers,WR,NYG,23,7297,James,WR-James,317.2608696,9468.65,9468.65,9468.65,2171.65,0,0,0,0
6786,546,CeeDee Lamb,WR,DAL,27,7164,Luc,WR-Luc,265.3333333,6470.709677,5777.419355,3697.548387,-693.2903226,-693.2903226,-2079.870968,0,0
8112,1268,Drake London,WR,ATL,25,6983,James,WR-James,279.32,7419.4375,6764.78125,6110.125,436.4375,-654.65625,-654.65625,0,0
6797,599,Justin Herbert,QB,LAC,28,7125,Joe,QB-Joe,254.4642857,7354.83871,6895.16129,6205.645161,229.8387097,-459.6774194,-689.516129,0,0
12507,1744,Omarion Hampton,RB,LAC,23,7046,,RB-,306.3478261,9394.666667,9394.666667,8220.333333,2348.666667,0,-1174.333333,0,0
9226,1398,De'Von Achane,RB,MIA,24,6781,Jordan,RB-Jordan,282.5416667,6781,5933.375,4238.125,0,-847.625,-1695.25,0,0
12526,1771,Tetairoa McMillan,WR,CAR,23,6387,,WR-,277.6956522,8941.8,9468.65,9468.65,2554.8,526.85,0,0,0
7523,1094,Trevor Lawrence,QB,JAX,26,6252,Jordan,QB-Jordan,240.4615385,6698.571429,6921.857143,7145.142857,446.5714286,223.2857143,223.2857143,0,0
4046,272,Patrick Mahomes,QB,KC,30,6316,Lucas,QB-Lucas,210.5333333,5684.4,5052.8,4421.2,-631.6,-631.6,-631.6,0,0
12508,1732,Jaxson Dart,QB,NYG,23,6200,,QB-,269.5652174,8157.894737,8484.210526,9136.842105,1957.894737,326.3157895,652.6315789,0,0
12517,1804,Colston Loveland,TE,CHI,22,6307,,TE-,286.6818182,7813.75,7813.75,7813.75,1506.75,0,0,0,0
12514,1781,Emeka Egbuka,WR,TB,23,6303,,WR-,274.0434783,8824.2,9468.65,9468.65,2521.2,644.45,0,0,0
6904,595,Jalen Hurts,QB,PHI,27,6097,Tom,QB-Tom,225.8148148,6300.233333,6503.466667,6097,203.2333333,203.2333333,-406.4666667,0,0
8138,1231,James Cook,RB,BUF,26,6167,Joe,RB-Joe,237.1923077,4405,3876.4,2114.4,-1762,-528.6,-1762,0,0
6813,634,Jonathan Taylor,RB,IND,27,6182,Joe,RB-Joe,228.962963,5440.16,2967.36,2472.8,-741.84,-2472.8,-494.56,0,0
8137,1279,George Pickens,WR,DAL,25,6161,Tristan,WR-Tristan,246.44,6546.0625,5968.46875,5390.875,385.0625,-577.59375,-577.59375,0,0
11563,1553,Bo Nix,QB,DEN,26,5914,Tristan,QB-Tristan,227.4615385,6336.428571,6547.642857,6758.857143,422.4285714,211.2142857,211.2142857,0,0
13279,1959,Carnell Tate,WR,TEN,21,6021,,WR-,286.7142857,7024.5,9468.65,9468.65,1003.5,2444.15,0,0,0
12518,1802,Tyler Warren,TE,IND,24,5969,,TE-,248.7083333,7813.75,6991.25,6374.375,1844.75,-822.5,-616.875,0,0
8183,1214,Brock Purdy,QB,SF,26,5798,Joe,QB-Joe,223,6212.142857,6419.214286,6626.285714,414.1428571,207.0714286,207.0714286,0,0
7569,1040,Nico Collins,WR,HOU,27,5586,Alex,WR-Alex,206.8888889,5045.419355,4504.83871,2883.096774,-540.5806452,-540.5806452,-1621.741935,0,0
8151,1227,Kenneth Walker,RB,KC,25,5575,Lucas,RB-Lucas,223,4878.125,3484.375,3066.25,-696.875,-1393.75,-418.125,0,0
8146,1270,Garrett Wilson,WR,NYJ,26,5544,Joe,WR-Joe,213.2307692,5054.823529,4565.647059,4076.470588,-489.1764706,-489.1764706,-489.1764706,0,0
11635,1598,Ladd McConkey,WR,LAC,24,5635,Shane,WR-Shane,234.7916667,8586.666667,9123.333333,8318.333333,2951.666667,536.6666667,-805,0,0
12512,1751,Quinshon Judkins,RB,CLE,22,5487,,RB-,249.4090909,9145,9498.1,9498.1,3658,353.1,0,0,0
12519,1770,Luther Burden,WR,CHI,22,5506,,WR-,250.2727273,9468.65,9468.65,9468.65,3962.65,0,0,0,0
7525,1005,DeVonta Smith,WR,PHI,27,5479,Joe,WR-Joe,202.9259259,4948.774194,4418.548387,2827.870968,-530.2258065,-530.2258065,-1590.677419,0,0
6804,596,Jordan Love,QB,GB,27,5427,Joe,QB-Joe,201,5607.9,5788.8,5427,180.9,180.9,-361.8,0,0
8144,1271,Chris Olave,WR,NO,26,5625,Lucas,WR-Lucas,216.3461538,5128.676471,4632.352941,4136.029412,-496.3235294,-496.3235294,-496.3235294,0,0
13269,1924,Fernando Mendoza,QB,LV,22,5357,,QB-,243.5,9492.4,9492.4,9492.4,4135.4,0,0,0,0
12529,1743,TreVeyon Henderson,RB,NE,23,5326,,RB-,231.5652174,7101.333333,7101.333333,6213.666667,1775.333333,0,-887.6666667,0,0
13281,1960,Jordyn Tyson,WR,NO,21,5374,,WR-,255.9047619,6269.666667,9468.65,9468.65,895.6666667,3198.983333,0,0,0
8155,1224,Breece Hall,RB,NYJ,25,5227,James,RB-James,209.08,4573.625,3266.875,2874.85,-653.375,-1306.75,-392.025,0,0
12522,1730,Cam Ward,QB,TEN,24,5196,,QB-,216.5,5403.84,5819.52,6235.2,207.84,415.68,415.68,0,0
9224,1396,Chase Brown,RB,CIN,26,5437,Jeremy,RB-Jeremy,209.1153846,3883.571429,3417.542857,1864.114286,-1553.428571,-466.0285714,-1553.428571,0,0
11620,1587,Rome Odunze,WR,CHI,24,5270,Lucas,WR-Lucas,219.5833333,8030.47619,8532.380952,7779.52381,2760.47619,501.9047619,-752.8571429,0,0
4034,283,Christian McCaffrey,RB,SF,30,5238,Tom,RB-Tom,174.6,2619,1047.6,523.8,-2619,-1571.4,-523.8,0,0
4866,1,Saquon Barkley,RB,PHI,29,5081,Lucas,RB-Lucas,175.2068966,4234.166667,2117.083333,846.8333333,-846.8333333,-2117.083333,-1270.25,0,0
5859,217,AJ Brown,WR,NE,29,4993,Joe,WR-Joe,172.1724138,3195.52,2596.36,1997.2,-1797.48,-599.16,-599.16,0,0
9997,1443,Zay Flowers,WR,BAL,25,5084,Jordan,WR-Jordan,203.36,5401.75,4925.125,4448.5,317.75,-476.625,-476.625,0,0
13294,1961,Makai Lemon,WR,PHI,22,4994,,WR-,227,9468.65,9468.65,9468.65,4474.65,0,0,0,0
6801,543,Tee Higgins,WR,CIN,27,4938,Ricky,WR-Ricky,182.8888889,4460.129032,3982.258065,2548.645161,-477.8709677,-477.8709677,-1433.612903,0,0
10229,1447,Rashee Rice,WR,KC,26,4990,Jeremy,WR-Jeremy,191.9230769,4549.705882,4109.411765,3669.117647,-440.2941176,-440.2941176,-440.2941176,0,0
8150,1226,Kyren Williams,RB,LAR,25,4942,Joe,RB-Joe,197.68,4324.25,3088.75,2718.1,-617.75,-1235.5,-370.65,0,0
3294,371,Dak Prescott,QB,DAL,33,5013,Tristan,QB-Tristan,151.9090909,4535.571429,3580.714286,3342,-477.4285714,-954.8571429,-238.7142857,0,0
9484,1418,Tucker Kraft,TE,GB,25,4935,Joe,TE-Joe,197.4,4415.526316,4025.921053,3376.578947,-519.4736842,-389.6052632,-649.3421053,0,0
7526,1007,Jaylen Waddle,WR,DEN,27,4885,Luc,WR-Luc,180.9259259,4412.258065,3939.516129,2521.290323,-472.7419355,-472.7419355,-1418.225806,0,0
11628,1585,Marvin Harrison,WR,ARI,23,4815,Lucas,WR-Lucas,209.3478261,6741,9468.65,9468.65,1926,2727.65,0,0,0
12545,1739,Tyler Shough,QB,NO,26,4822,,QB-,185.4615385,5166.428571,5338.642857,5510.857143,344.4285714,172.2142857,172.2142857,0,0
11631,1589,Brian Thomas,WR,JAX,23,4832,Joe,WR-Joe,210.0869565,6764.8,9468.65,9468.65,1932.8,2703.85,0,0,0
13286,1935,Jadarian Price,RB,SEA,22,4850,,RB-,220.4545455,8083.333333,9498.1,9498.1,3233.333333,1414.766667,0,0,0
12506,1803,Harold Fannin,TE,CLE,22,4743,,TE-,215.5909091,7813.75,7813.75,7813.75,3070.75,0,0,0,0
12481,1745,Cam Skattebo,RB,NYG,24,4840,,RB-,201.6666667,4840,4235,3025,0,-605,-1210,0,0
8148,1273,Jameson Williams,WR,DET,25,4703,Ricky,WR-Ricky,188.12,4996.9375,4556.03125,4115.125,293.9375,-440.90625,-440.90625,0,0
11584,1569,Bucky Irving,RB,TB,23,4691,Matt,RB-Matt,203.9565217,6254.666667,6254.666667,5472.833333,1563.666667,0,-781.8333333,0,0
3163,388,Jared Goff,QB,DET,31,4700,Shane,QB-Shane,151.6129032,4177.777778,3655.555556,3307.407407,-522.2222222,-522.2222222,-348.1481481,0,0
9758,1403,CJ Stroud,QB,HOU,24,4673,Joe,QB-Joe,194.7083333,4859.92,5233.76,5607.6,186.92,373.84,373.84,0,0
4892,215,Baker Mayfield,QB,TB,31,4649,Matt,QB-Matt,149.9677419,4132.444444,3615.888889,3271.518519,-516.5555556,-516.5555556,-344.3703704,0,0
10859,1429,Sam LaPorta,TE,DET,25,4578,Luc,TE-Luc,183.12,4096.105263,3734.684211,3132.315789,-481.8947368,-361.4210526,-602.3684211,0,0
7588,1033,Javonte Williams,RB,DAL,26,4576,Lucas,RB-Lucas,176,3268.571429,2876.342857,1568.914286,-1307.428571,-392.2285714,-1307.428571,0,0
7553,1051,Kyle Pitts,TE,ATL,25,4534,Jordan,TE-Jordan,181.36,4056.736842,3698.789474,3102.210526,-477.2631579,-357.9473684,-596.5789474,0,0
4943,331,Sam Darnold,QB,SEA,29,4346,Ricky,QB-Ricky,149.862069,4074.375,3666.9375,3259.5,-271.625,-407.4375,-407.4375,0,0
7543,1030,Travis Etienne,RB,NO,27,4373,James,RB-James,161.962963,3848.24,2099.04,1749.2,-524.76,-1749.2,-349.84,0,0
13298,1963,KC Concepcion,WR,CLE,21,4313,,WR-,205.3809524,5031.833333,9468.65,9468.65,718.8333333,4436.816667,0,0,0
12490,1752,Bhayshul Tuten,RB,JAX,23,4305,,RB-,187.173913,5740,5740,5022.5,1435,0,-717.5,0,0
3198,296,Derrick Henry,RB,BAL,32,4157,Tristan,RB-Tristan,129.90625,2078.5,2078.5,2078.5,-2078.5,0,0,0,0
5850,303,Josh Jacobs,RB,GB,28,4139,Luc,RB-Luc,147.8214286,2257.636364,1881.363636,940.6818182,-1881.363636,-376.2727273,-940.6818182,0,0
13330,2005,Kenyon Sadiq,TE,NYJ,21,3959,,TE-,188.5238095,7813.75,7813.75,7813.75,3854.75,0,0,0,0
5849,379,Kyler Murray,QB,MIN,28,3950,Ricky,QB-Ricky,141.0714286,4077.419355,3822.580645,3440.322581,127.4193548,-254.8387097,-382.2580645,0,0
8167,1248,Christian Watson,WR,GB,27,3875,Tom,WR-Tom,143.5185185,3500,3125,2000,-375,-375,-1125,0,0
9228,1456,Bryce Young,QB,CAR,25,3911,Matt,QB-Matt,156.44,4211.846154,4512.692308,4663.115385,300.8461538,300.8461538,150.4230769,0,0
5870,87,Daniel Jones,QB,IND,29,3888,Tom,QB-Tom,134.0689655,3645,3280.5,2916,-243,-364.5,-364.5,0,0
9756,1420,Jordan Addison,WR,MIN,24,3876,Ricky,WR-Ricky,161.5,5906.285714,6275.428571,5721.714286,2030.285714,369.1428571,-553.7142857,0,0
8142,1285,Alec Pierce,WR,IND,26,3876,Jordan,WR-Jordan,149.0769231,3534,3192,2850,-342,-342,-342,0,0
421,356,Matthew Stafford,QB,LAR,38,3886,James,QB-James,102.2631579,2428.75,1457.25,971.5,-1457.25,-971.5,-485.75,0,0
8161,1210,Malik Willis,QB,MIA,27,3651,Tristan,QB-Tristan,135.2222222,3772.7,3894.4,3651,121.7,121.7,-243.4,0,0
9487,1445,Parker Washington,WR,JAX,24,3893,Jeremy,WR-Jeremy,162.2083333,5932.190476,6302.952381,5746.809524,2039.190476,370.7619048,-556.1428571,0,0
10232,1421,Michael Wilson,WR,ARI,26,3731,Jeremy,WR-Jeremy,143.5,3401.794118,3072.588235,2743.382353,-329.2058824,-329.2058824,-329.2058824,0,0
6790,639,D'Andre Swift,RB,CHI,27,3672,Joe,RB-Joe,136,3231.36,1762.56,1468.8,-440.64,-1468.8,-293.76,0,0
9500,1440,Josh Downs,WR,IND,24,3523,Jeremy,WR-Jeremy,146.7916667,5368.380952,5703.904762,5200.619048,1845.380952,335.5238095,-503.2857143,0,0
9754,1441,Quentin Johnston,WR,LAC,24,3545,Joe,WR-Joe,147.7083333,5401.904762,5739.52381,5233.095238,1856.904762,337.6190476,-506.4285714,0,0
5927,328,Terry McLaurin,WR,WAS,30,3550,Joe,WR-Joe,118.3333333,2884.375,2218.75,1109.375,-665.625,-665.625,-1109.375,0,0
11583,1568,Jonathon Brooks,RB,CAR,23,3504,Luc,RB-Luc,152.3478261,4672,4672,4088,1168,0,-584,0,0
4983,304,DJ Moore,WR,BUF,29,3621,Ricky,WR-Ricky,124.862069,2317.44,1882.92,1448.4,-1303.56,-434.52,-434.52,0,0
12534,1766,Kyle Monangai,RB,CHI,24,3469,,RB-,144.5416667,3469,3035.375,2168.125,0,-433.625,-867.25,0,0
12501,1775,Matthew Golden,WR,GB,23,3586,,WR-,155.9130435,5020.4,7650.133333,8128.266667,1434.4,2629.733333,478.1333333,0,0
13275,1925,Ty Simpson,QB,LAR,23,3412,,QB-,148.3478261,4489.473684,4669.052632,5028.210526,1077.473684,179.5789474,359.1578947,0,0
12493,1799,Oronde Gadsden,TE,LAC,23,3376,,TE-,146.7826087,3713.6,6414.4,5739.2,337.6,2700.8,-675.2,0,0
11638,1593,Ricky Pearsall,WR,SF,25,2586,Lucas,WR-Lucas,103.44,2747.625,2505.1875,2262.75,161.625,-242.4375,-242.4375,0,0
5892,288,David Montgomery,RB,HOU,29,3492,Tom,RB-Tom,120.4137931,2910,1455,582,-582,-1455,-873,0,0
8131,1257,Isaiah Likely,TE,NYG,26,3441,Jeremy,TE-Jeremy,132.3461538,3137.382353,2631.352941,2428.941176,-303.6176471,-506.0294118,-202.4117647,0,0
2133,277,Davante Adams,WR,LAR,33,3448,Jordan,WR-Jordan,104.4848485,3448,2758.4,2068.8,0,-689.6,-689.6,0,0
11586,1564,Blake Corum,RB,LAR,25,3498,James,RB-James,139.92,3060.75,2186.25,1923.9,-437.25,-874.5,-262.35,0,0
12489,1768,RJ Harvey,RB,DEN,25,3406,,RB-,136.24,2980.25,2128.75,1873.3,-425.75,-851.5,-255.45,0,0
13349,2006,Eli Stowers,TE,PHI,23,3371,,TE-,146.5652174,3708.1,6404.9,5730.7,337.1,2696.8,-674.2,0,0
5846,224,DK Metcalf,WR,PIT,28,3468,Tom,WR-Tom,123.8571429,3096.428571,1981.714286,1610.142857,-371.5714286,-1114.714286,-371.5714286,0,0
13346,1962,Denzel Boston,WR,CLE,22,3522,,WR-,160.0909091,7547.142857,9468.65,9468.65,4025.142857,1921.507143,0,0,0
10222,1419,Jayden Reed,WR,GB,26,3392,Shane,WR-Shane,130.4615385,3092.705882,2793.411765,2494.117647,-299.2941176,-299.2941176,-299.2941176,0,0
9753,1384,Zach Charbonnet,RB,SEA,25,3411,James,RB-James,136.44,2984.625,2131.875,1876.05,-426.375,-852.75,-255.825,0,0
6819,536,Michael Pittman,WR,PIT,28,3382,Alex,WR-Alex,120.7857143,3019.642857,1932.571429,1570.214286,-362.3571429,-1087.071429,-362.3571429,0,0
8126,1274,Wan'Dale Robinson,WR,TEN,25,3412,Jeremy,WR-Jeremy,136.48,3625.25,3305.375,2985.5,213.25,-319.875,-319.875,0,0
4217,298,George Kittle,TE,SF,32,3368,Tristan,TE-Tristan,105.25,2947,2526,2105,-421,-421,-421,0,0
12484,1783,Jayden Higgins,WR,HOU,23,3407,,WR-,148.1304348,4769.8,7268.266667,7722.533333,1362.8,2498.466667,454.2666667,0,0
12530,1774,Travis Hunter,WR,JAX,23,3369,,WR-,146.4782609,4716.6,7187.2,7636.4,1347.6,2470.6,449.2,0,0
8228,1201,Jaylen Warren,RB,PIT,27,3308,Tom,RB-Tom,122.5185185,2911.04,1587.84,1323.2,-396.96,-1323.2,-264.64,0,0
11624,1591,Xavier Worthy,WR,KC,23,3370,Joe,WR-Joe,146.5217391,4718,7189.333333,7638.666667,1348,2471.333333,449.3333333,0,0
2216,275,Mike Evans,WR,SF,32,3352,Ricky,WR-Ricky,104.75,1676,1676,1340.8,-1676,0,-335.2,0,0
11646,1653,Jalen Coker,WR,CAR,24,3178,Lucas,WR-Lucas,132.4166667,4842.666667,5145.333333,4691.333333,1664.666667,302.6666667,-454,0,0
8110,1258,Jake Ferguson,TE,DAL,27,3171,Joe,TE-Joe,117.4444444,2659.548387,2454.967742,2045.806452,-511.4516129,-204.5806452,-409.1612903,0,0
10236,1428,Dalton Kincaid,TE,BUF,26,3182,Joe,TE-Joe,122.3846154,2901.235294,2433.294118,2246.117647,-280.7647059,-467.9411765,-187.1764706,0,0
7594,1014,Chuba Hubbard,RB,CAR,27,3166,Tom,RB-Tom,117.2592593,2786.08,1519.68,1266.4,-379.92,-1266.4,-253.28,0,0
13345,1939,Jonah Coleman,RB,DEN,22,3105,,RB-,141.1363636,5175,6900,6900,2070,1725,0,0,0
9480,1461,Brenton Strange,TE,JAX,25,3017,Jordan,TE-Jordan,120.68,2699.421053,2461.236842,2064.263158,-317.5789474,-238.1842105,-396.9736842,0,0
7611,1036,Rhamondre Stevenson,RB,NE,28,3024,Shane,RB-Shane,108,1649.454545,1374.545455,687.2727273,-1374.545455,-274.9090909,-687.2727273,0,0
7021,555,Rico Dowdle,RB,PIT,28,3141,Luc,RB-Luc,112.1785714,1713.272727,1427.727273,713.8636364,-1427.727273,-285.5454545,-713.8636364,0,0
5045,226,Courtland Sutton,WR,DEN,30,3088,Luc,WR-Luc,102.9333333,2509,1930,965,-579,-579,-965,0,0
8121,1238,Romeo Doubs,WR,NE,26,3050,Ricky,WR-Ricky,117.3076923,2780.882353,2511.764706,2242.647059,-269.1176471,-269.1176471,-269.1176471,0,0
13311,1968,Chris Bell,WR,MIA,22,2931,,WR-,133.2272727,6280.714286,8793,9468.65,3349.714286,2512.285714,675.65,0,0
13301,1974,Antonio Williams,WR,WAS,22,3027,,WR-,137.5909091,6486.428571,9081,9468.65,3459.428571,2594.571429,387.65,0,0
13417,1976,De'Zhaun Stribling,WR,SF,23,3195,,WR-,138.9130435,4473,6816,7242,1278,2343,426,0,0
11618,1599,Jalen McMillan,WR,TB,24,3010,Jeremy,WR-Jeremy,125.4166667,4586.666667,4873.333333,4443.333333,1576.666667,286.6666667,-430,0,0
6806,636,JK Dobbins,RB,DEN,27,3028,Shane,RB-Shane,112.1481481,2664.64,1453.44,1211.2,-363.36,-1211.2,-242.24,0,0
12533,1832,Jacory Croskey-Merritt,RB,WAS,25,3017,,RB-,120.68,2639.875,1885.625,1659.35,-377.125,-754.25,-226.275,0,0
5947,13,Jakobi Meyers,WR,JAX,29,2997,Alex,WR-Alex,103.3448276,1918.08,1558.44,1198.8,-1078.92,-359.64,-359.64,0,0
4037,299,Chris Godwin,WR,TB,30,2934,James,WR-James,97.8,2383.875,1833.75,916.875,-550.125,-550.125,-916.875,0,0
13274,1965,Germie Bernard,WR,PIT,22,2914,,WR-,132.4545455,6244.285714,8742,9468.65,3330.285714,2497.714286,726.65,0,0
13288,1938,Nicholas Singleton,RB,TEN,22,2882,,RB-,131,4803.333333,6404.444444,6404.444444,1921.333333,1601.111111,0,0,0
8134,1278,Khalil Shakir,WR,BUF,26,2912,Lucas,WR-Lucas,112,2655.058824,2398.117647,2141.176471,-256.9411765,-256.9411765,-256.9411765,0,0
5967,344,Tony Pollard,RB,TEN,29,2800,Matt,RB-Matt,96.55172414,2333.333333,1166.666667,466.6666667,-466.6666667,-1166.666667,-700,0,0
8676,1360,Rashid Shaheed,WR,SEA,27,2868,Joe,WR-Joe,106.2222222,2590.451613,2312.903226,1480.258065,-277.5483871,-277.5483871,-832.6451613,0,0
8210,1320,Chig Okonkwo,TE,WAS,26,2815,Jordan,TE-Jordan,108.2692308,2566.617647,2152.647059,1987.058824,-248.3823529,-413.9705882,-165.5882353,0,0
11559,1554,Michael Penix,QB,ATL,26,2818,Alex,QB-Alex,108.3846154,3019.285714,3119.928571,3220.571429,201.2857143,100.6428571,100.6428571,0,0
12469,1747,Dylan Sampson,RB,CLE,21,2738,,RB-,130.3809524,7040.571429,9498.1,9498.1,4302.571429,2457.528571,0,0,0
8136,1180,Rachaad White,RB,WAS,27,2825,Tristan,RB-Tristan,104.6296296,2486,1356,1130,-339,-1130,-226,0,0
5012,366,Mark Andrews,TE,BAL,30,2744,Tom,TE-Tom,91.46666667,1234.8,1097.6,960.4,-1509.2,-137.2,-137.2,0,0
11603,1629,AJ Barner,TE,SEA,24,2768,Jeremy,TE-Jeremy,115.3333333,4781.090909,4277.818182,3900.363636,2013.090909,-503.2727273,-377.4545455,0,0
12487,1807,Terrance Ferguson,TE,LAR,23,2826,,TE-,122.8695652,3108.6,5369.4,4804.2,282.6,2260.8,-565.2,0,0
12535,1813,Isaac TeSlaa,WR,DET,24,2753,,WR-,114.7083333,4195.047619,4457.238095,4063.952381,1442.047619,262.1904762,-393.2857143,0,0
8408,1330,Jordan Mason,RB,MIN,27,2747,Ricky,RB-Ricky,101.7407407,2417.36,1318.56,1098.8,-329.64,-1098.8,-219.76,0,0
12474,1753,Woody Marks,RB,HOU,25,2716,,RB-,108.64,2376.5,1697.5,1493.8,-339.5,-679,-203.7,0,0
12502,1805,Gunnar Helm,TE,TEN,23,2570,,TE-,111.7391304,2827,4883,4369,257,2056,-514,0,0
13320,1969,Zachariah Branch,WR,ATL,22,2783,,WR-,126.5,5963.571429,8349,9468.65,3180.571429,2385.428571,1119.65,0,0
5022,382,Dallas Goedert,TE,PHI,31,2638,James,TE-James,85.09677419,2344.888889,2051.777778,1758.666667,-293.1111111,-293.1111111,-293.1111111,0,0
5844,247,TJ Hockenson,TE,MIN,29,2602,Lucas,TE-Lucas,89.72413793,2168.333333,975.75,867.3333333,-433.6666667,-1192.583333,-108.4166667,0,0
12524,1731,Shedeur Sanders,QB,CLE,24,2638,,QB-,109.9166667,2743.52,2954.56,3165.6,105.52,211.04,211.04,0,0
13268,1967,Elijah Sarratt,WR,BAL,23,2650,,WR-,115.2173913,3710,5653.333333,6006.666667,1060,1943.333333,353.3333333,0,0
8132,1228,Tyler Allgeier,RB,ARI,26,2754,Lucas,RB-Lucas,105.9230769,1967.142857,1731.085714,944.2285714,-786.8571429,-236.0571429,-786.8571429,0,0
11625,1597,Adonai Mitchell,WR,NYJ,23,2609,Matt,WR-Matt,113.4347826,3652.6,5565.866667,5913.733333,1043.6,1913.266667,347.8666667,0,0
12536,1780,Jaylin Noel,WR,HOU,23,2651,,WR-,115.2608696,3711.4,5655.466667,6008.933333,1060.4,1944.066667,353.4666667,0,0
6768,600,Tua Tagovailoa,QB,ATL,28,2672,James,QB-James,95.42857143,2758.193548,2585.806452,2327.225806,86.19354839,-172.3870968,-258.5806452,0,0
1466,264,Travis Kelce,TE,KC,36,2629,Lucas,TE-Lucas,73.02777778,1314.5,1314.5,1314.5,-1314.5,0,0,0,0
13285,1973,Malachi Fields,WR,NYG,22,2617,,WR-,118.9545455,5607.857143,7851,9468.65,2990.857143,2243.142857,1617.65,0,0
7527,1018,Mac Jones,QB,SF,27,2537,Tristan,QB-Tristan,93.96296296,2621.566667,2706.133333,2537,84.56666667,84.56666667,-169.1333333,0,0
10219,1389,Chris Rodriguez,RB,JAX,26,2641,Tom,RB-Tom,101.5769231,1886.428571,1660.057143,905.4857143,-754.5714286,-226.3714286,-754.5714286,0,0
11565,1555,JJ McCarthy,QB,MIN,23,2626,Luc,QB-Luc,114.173913,3455.263158,3593.473684,3869.894737,829.2631579,138.2105263,276.4210526,0,0
11655,1632,Tyrone Tracy,RB,NYG,26,2601,Jordan,RB-Jordan,100.0384615,1857.857143,1634.914286,891.7714286,-743.1428571,-222.9428571,-743.1428571,0,0
11576,1567,Braelon Allen,RB,NYJ,22,2604,Tristan,RB-Tristan,118.3636364,4340,5786.666667,5786.666667,1736,1446.666667,0,0,0
12497,1798,Tory Horton,WR,SEA,23,2599,,WR-,113,3638.6,5544.533333,5891.066667,1039.6,1905.933333,346.5333333,0,0
9511,1393,Keaton Mitchell,RB,LAC,24,2618,Jordan,RB-Jordan,109.0833333,2618,2290.75,1636.25,0,-327.25,-654.5,0,0
9225,1401,Tank Bigsby,RB,PHI,23,2668,Jordan,RB-Jordan,116,3557.333333,3557.333333,3112.666667,889.3333333,0,-444.6666667,0,0
13272,1928,Carson Beck,QB,ARI,23,2567,,QB-,111.6086957,3377.631579,3512.736842,3782.947368,810.6315789,135.1052632,270.2105263,0,0
9502,1438,Tank Dell,WR,HOU,26,2637,Luc,WR-Luc,101.4230769,2404.323529,2171.647059,1938.970588,-232.6764706,-232.6764706,-232.6764706,0,0
8180,1245,Jalen Nailor,WR,LV,27,2553,Lucas,WR-Lucas,94.55555556,2305.935484,2058.870968,1317.677419,-247.0645161,-247.0645161,-741.1935484,0,0
3257,20,Jacoby Brissett,QB,ARI,33,2659,Alex,QB-Alex,80.57575758,2405.761905,1899.285714,1772.666667,-253.2380952,-506.4761905,-126.6190476,0,0
13317,1982,Ted Hurst,WR,TB,22,2599,,WR-,118.1363636,5569.285714,7797,9468.65,2970.285714,2227.714286,1671.65,0,0
10213,1460,Tre Tucker,WR,LV,25,2468,James,WR-James,98.72,2622.25,2390.875,2159.5,154.25,-231.375,-231.375,0,0
9508,1417,Tyjae Spears,RB,TEN,25,2578,Luc,RB-Luc,103.12,2255.75,1611.25,1417.9,-322.25,-644.5,-193.35,0,0
11610,1623,Malik Washington,WR,MIA,25,2600,Jeremy,WR-Jeremy,104,2762.5,2518.75,2275,162.5,-243.75,-243.75,0,0
11627,1590,Troy Franklin,WR,DEN,23,2508,Jordan,WR-Jordan,109.0434783,3511.2,5350.4,5684.8,1003.2,1839.2,334.4,0,0
9504,1446,Kayshon Boutte,WR,NE,24,2613,Joe,WR-Joe,108.875,3981.714286,4230.571429,3857.285714,1368.714286,248.8571429,-373.2857143,0,0
13405,1940,Kaytron Allen,RB,WAS,23,2524,,RB-,109.7391304,3365.333333,3365.333333,2944.666667,841.3333333,0,-420.6666667,0,0
12521,1808,Elijah Arroyo,TE,SEA,23,2474,,TE-,107.5652174,2721.4,4700.6,4205.8,247.4,1979.2,-494.8,0,0
13337,1936,Emmett Johnson,RB,KC,22,2469,,RB-,112.2272727,4115,5486.666667,5486.666667,1646,1371.666667,0,0,0
12499,1773,Elic Ayomanor,WR,TEN,23,2463,,WR-,107.0869565,3448.2,5254.4,5582.8,985.2,1806.2,328.4,0,0
12492,1782,Pat Bryant,WR,DEN,23,2496,,WR-,108.5217391,3494.4,5324.8,5657.6,998.4,1830.4,332.8,0,0
6783,545,Jerry Jeudy,WR,CLE,27,2535,Joe,WR-Joe,93.88888889,2289.677419,2044.354839,1308.387097,-245.3225806,-245.3225806,-735.9677419,0,0
7049,576,Jauan Jennings,WR,MIN,29,2319,Ricky,WR-Ricky,79.96551724,1484.16,1205.88,927.6,-834.84,-278.28,-278.28,0,0
13293,1979,Ja'Kobi Lane,WR,BAL,22,2492,,WR-,113.2727273,5340,7476,9468.65,2848,2136,1992.65,0,0
12483,1778,Jack Bech,WR,LV,23,2386,,WR-,103.7391304,3340.4,5090.133333,5408.266667,954.4,1749.733333,318.1333333,0,0
13402,1970,Skyler Bell,WR,BUF,24,2369,,WR-,98.70833333,3609.904762,3835.52381,3497.095238,1240.904762,225.6190476,-338.4285714,0,0
9486,1448,Dontayvion Wicks,WR,PHI,25,2526,Shane,WR-Shane,101.04,2683.875,2447.0625,2210.25,157.875,-236.8125,-236.8125,0,0
11637,1588,Keon Coleman,WR,BUF,23,2380,James,WR-James,103.4782609,3332,5077.333333,5394.666667,952,1745.333333,317.3333333,0,0
3214,212,Hunter Henry,TE,NE,31,2329,Alex,TE-Alex,75.12903226,2070.222222,1811.444444,1552.666667,-258.7777778,-258.7777778,-258.7777778,0,0
12498,1806,Mason Taylor,TE,NYJ,22,2322,,TE-,105.5454545,7740,7813.75,7813.75,5418,73.75,0,0,0
4199,301,Aaron Jones,RB,MIN,31,2312,Lucas,RB-Lucas,74.58064516,924.8,462.4,462.4,-1387.2,-462.4,0,0,0
7002,575,Juwan Johnson,TE,NO,29,2295,Alex,TE-Alex,79.13793103,1912.5,860.625,765,-382.5,-1051.875,-95.625,0,0
8154,1232,Brian Robinson,RB,ATL,27,2390,Tristan,RB-Tristan,88.51851852,2103.2,1147.2,956,-286.8,-956,-191.2,0,0
8111,1261,Cade Otton,TE,TB,27,2290,Jeremy,TE-Jeremy,84.81481481,1920.645161,1772.903226,1477.419355,-369.3548387,-147.7419355,-295.483871,0,0
7600,1053,Pat Freiermuth,TE,PIT,27,2212,Lucas,TE-Lucas,81.92592593,1855.225806,1712.516129,1427.096774,-356.7741935,-142.7096774,-285.4193548,0,0
8172,1256,Greg Dulcich,TE,MIA,26,2312,Shane,TE-Shane,88.92307692,2108,1768,1632,-204,-340,-136,0,0
9506,1400,Sean Tucker,RB,TB,24,2152,Luc,RB-Luc,89.66666667,2152,1883,1345,0,-269,-538,0,0
13278,2009,Max Klare,TE,LAR,23,2234,,TE-,97.13043478,2457.4,4244.6,3797.8,223.4,1787.2,-446.8,0,0
12467,1755,Jordan James,RB,SF,22,2236,,RB-,101.6363636,3726.666667,4968.888889,4968.888889,1490.666667,1242.222222,0,0,0
12540,1814,Chimere Dike,WR,TEN,24,2264,,WR-,94.33333333,3449.904762,3665.52381,3342.095238,1185.904762,215.6190476,-323.4285714,0,0
12504,1748,Kaleb Johnson,RB,PIT,22,2226,,RB-,101.1818182,3710,4946.666667,4946.666667,1484,1236.666667,0,0,0
11643,1581,Jaylen Wright,RB,MIA,23,2273,Matt,RB-Matt,98.82608696,3030.666667,3030.666667,2651.833333,757.6666667,0,-378.8333333,0,0
12495,1759,Ollie Gordon,RB,MIA,22,2303,,RB-,104.6818182,3838.333333,5117.777778,5117.777778,1535.333333,1279.444444,0,0,0
4033,252,David Njoku,TE,LAC,30,2219,Jeremy,TE-Jeremy,73.96666667,998.55,887.6,776.65,-1220.45,-110.95,-110.95,0,0
8205,1266,Isiah Pacheco,RB,DET,27,2337,Jordan,RB-Jordan,86.55555556,2056.56,1121.76,934.8,-280.44,-934.8,-186.96,0,0
13347,1943,Demond Claiborne,RB,MIN,22,2196,,RB-,99.81818182,3660,4880,4880,1464,1220,0,0,0
12510,1733,Jalen Milroe,QB,SEA,23,2238,,QB-,97.30434783,2944.736842,3062.526316,3298.105263,706.7368421,117.7894737,235.5789474,0,0
13421,2018,Eli Raridon,TE,NE,22,2225,,TE-,101.1363636,7416.666667,7813.75,7813.75,5191.666667,397.0833333,0,0,0
11647,1636,Kimani Vidal,RB,LAC,24,2268,Joe,RB-Joe,94.5,2268,1984.5,1417.5,0,-283.5,-567,0,0
1373,671,Geno Smith,QB,NYJ,35,2179,Ricky,QB-Ricky,62.25714286,2033.733333,1597.933333,1162.133333,-145.2666667,-435.8,-435.8,0,0
5001,487,Dalton Schultz,TE,HOU,30,2131,Matt,TE-Matt,71.03333333,958.95,852.4,745.85,-1172.05,-106.55,-106.55,0,0
9229,1405,Anthony Richardson,QB,IND,24,2104,Jordan,QB-Jordan,87.66666667,2188.16,2356.48,2524.8,84.16,168.32,168.32,0,0
12547,1812,Kyle Williams,WR,NE,23,2076,,WR-,90.26086957,2906.4,4428.8,4705.6,830.4,1522.4,276.8,0,0
12457,1769,Jaydon Blue,RB,DAL,22,2190,,RB-,99.54545455,3650,4866.666667,4866.666667,1460,1216.666667,0,0,0
11589,1565,Trey Benson,RB,ARI,24,2001,Jordan,RB-Jordan,83.375,2001,1750.875,1250.625,0,-250.125,-500.25,0,0
13319,2013,Oscar Delp,TE,NO,23,2142,,TE-,93.13043478,2356.2,4069.8,3641.4,214.2,1713.6,-428.4,0,0
11597,1620,Theo Johnson,TE,NYG,25,2101,James,TE-James,84.04,1879.842105,1713.973684,1437.526316,-221.1578947,-165.8684211,-276.4473684,0,0
11581,1575,MarShawn Lloyd,RB,GB,25,2127,Alex,RB-Alex,85.08,1861.125,1329.375,1169.85,-265.875,-531.75,-159.525,0,0
9482,1427,Michael Mayer,TE,LV,25,2078,Joe,TE-Joe,83.12,1859.263158,1695.210526,1421.789474,-218.7368421,-164.0526316,-273.4210526,0,0
8698,1356,Jake Tonges,TE,SF,27,1997,,TE-,73.96296296,1674.903226,1546.064516,1288.387097,-322.0967742,-128.8387097,-257.6774194,0,0
12485,1779,Tez Johnson,WR,TB,24,2052,,WR-,85.5,3126.857143,3322.285714,3029.142857,1074.857143,195.4285714,-293.1428571,0,0
13296,2016,Caleb Douglas,WR,MIA,22,2104,,WR-,95.63636364,4508.571429,6312,9468.65,2404.571429,1803.428571,3156.65,0,0
12544,1761,LeQuint Allen,RB,JAX,22,2040,,RB-,92.72727273,3400,4533.333333,4533.333333,1360,1133.333333,0,0,0
12471,1760,DJ Giddens,RB,IND,22,2014,,RB-,91.54545455,3356.666667,4475.555556,4475.555556,1342.666667,1118.888889,0,0,0
13414,1947,Kaelon Black,RB,SF,24,2186,,RB-,91.08333333,2186,1912.75,1366.25,0,-273.25,-546.5,0,0
12503,1776,Isaiah Bond,WR,CLE,22,2012,,WR-,91.45454545,4311.428571,6036,9197.714286,2299.428571,1724.571429,3161.714286,0,0
4035,282,Alvin Kamara,RB,NO,31,2018,James,RB-James,65.09677419,807.2,403.6,403.6,-1210.8,-403.6,0,0,0
7571,1070,Rashod Bateman,WR,BAL,26,2048,Ricky,WR-Ricky,78.76923077,1867.294118,1686.588235,1505.882353,-180.7058824,-180.7058824,-180.7058824,0,0
9494,1442,Marvin Mims,WR,DEN,24,2050,Shane,WR-Shane,85.41666667,3123.809524,3319.047619,3026.190476,1073.809524,195.2380952,-292.8571429,0,0
13338,1990,Kevin Coleman,WR,MIA,22,2074,,WR-,94.27272727,4444.285714,6222,9468.65,2370.285714,1777.714286,3246.65,0,0
13289,1930,Drew Allar,QB,PIT,22,2135,,QB-,97.04545455,5795,7625,7930,3660,1830,305,0,0
4017,261,Deshaun Watson,QB,CLE,30,1906,Shane,QB-Shane,63.53333333,1715.4,1524.8,1334.2,-190.6,-190.6,-190.6,0,0
12531,1756,Trevor Etienne,RB,CAR,22,1953,,RB-,88.77272727,3255,4340,4340,1302,1085,0,0,0
7090,911,Darnell Mooney,WR,NYG,28,1944,Tristan,WR-Tristan,69.42857143,1735.714286,1110.857143,902.5714286,-208.2857143,-624.8571429,-208.2857143,0,0
7591,1015,Justin Fields,QB,KC,27,1901,Joe,QB-Joe,70.40740741,1964.366667,2027.733333,1901,63.36666667,63.36666667,-126.7333333,0,0
11783,1642,Ryan Flournoy,WR,DAL,26,1997,Lucas,WR-Lucas,76.80769231,1820.794118,1644.588235,1468.382353,-176.2058824,-176.2058824,-176.2058824,0,0
6826,569,Cole Kmet,TE,CHI,27,1911,Tristan,TE-Tristan,70.77777778,1602.774194,1479.483871,1232.903226,-308.2258065,-123.2903226,-246.5806452,0,0
11600,1614,Ja'Tavion Sanders,TE,CAR,23,1935,Matt,TE-Matt,84.13043478,2128.5,3676.5,3289.5,193.5,1548,-387,0,0
12641,1816,Jaylin Lane,WR,WAS,24,1924,,WR-,80.16666667,2931.809524,3115.047619,2840.190476,1007.809524,183.2380952,-274.8571429,0,0
13303,1929,Cade Klubnik,QB,NYJ,22,1930,,QB-,87.72727273,5238.571429,6892.857143,7168.571429,3308.571429,1654.285714,275.7142857,0,0
96,235,Aaron Rodgers,QB,PIT,42,1977,Luc,QB-Luc,47.07142857,1977,1977,1977,0,0,0,0,0
11575,1574,Ray Davis,RB,BUF,26,1956,James,RB-James,75.23076923,1397.142857,1229.485714,670.6285714,-558.8571429,-167.6571429,-558.8571429,0,0
12476,1746,Devin Neal,RB,NO,22,1934,,RB-,87.90909091,3223.333333,4297.777778,4297.777778,1289.333333,1074.444444,0,0,0
11435,1515,Emanuel Wilson,RB,SEA,27,1835,Alex,RB-Alex,67.96296296,1614.8,880.8,734,-220.2,-734,-146.8,0,0
9479,1431,Darnell Washington,TE,PIT,24,1878,,TE-,78.25,3243.818182,2902.363636,2646.272727,1365.818182,-341.4545455,-256.0909091,0,0
6865,565,Colby Parkinson,TE,LAR,27,1926,Matt,TE-Matt,71.33333333,1615.354839,1491.096774,1242.580645,-310.6451613,-124.2580645,-248.516129,0,0
12541,1787,Dont'e Thornton,WR,LV,23,1918,,WR-,83.39130435,2685.2,4091.733333,4347.466667,767.2,1406.533333,255.7333333,0,0
9501,1468,DeMario Douglas,WR,NE,25,1887,Matt,WR-Matt,75.48,2004.9375,1828.03125,1651.125,117.9375,-176.90625,-176.90625,0,0
11626,1610,Xavier Legette,WR,CAR,25,1954,Jeremy,WR-Jeremy,78.16,2076.125,1892.9375,1709.75,122.125,-183.1875,-183.1875,0,0
4950,221,Christian Kirk,WR,SF,29,1803,Shane,WR-Shane,62.17241379,1153.92,937.56,721.2,-649.08,-216.36,-216.36,0,0
13400,2010,Justin Joly,TE,DEN,22,1867,,TE-,84.86363636,6223.333333,6845.666667,7813.75,4356.333333,622.3333333,968.0833333,0,0
11571,1635,Isaiah Davis,RB,NYJ,24,1864,Joe,RB-Joe,77.66666667,1864,1631,1165,0,-233,-466,0,0
1166,396,Kirk Cousins,QB,LV,37,1901,Jordan,QB-Jordan,51.37837838,1382.545455,864.0909091,518.4545455,-518.4545455,-518.4545455,-345.6363636,0,0
8117,1247,Jalen Tolbert,WR,MIA,27,1787,Ricky,WR-Ricky,66.18518519,1614.064516,1441.129032,922.3225806,-172.9354839,-172.9354839,-518.8064516,0,0
12505,1786,Jalen Royals,WR,KC,23,1838,,WR-,79.91304348,2573.2,3921.066667,4166.133333,735.2,1347.866667,245.0666667,0,0
4981,293,Calvin Ridley,WR,TEN,31,1721,Tom,WR-Tom,55.51612903,1323.846154,661.9230769,661.9230769,-397.1538462,-661.9230769,0,0,0
12511,1736,Will Howard,QB,PIT,24,1789,,QB-,74.54166667,1860.56,2003.68,2146.8,71.56,143.12,143.12,0,0
4066,229,Evan Engram,TE,DEN,31,1770,Shane,TE-Shane,57.09677419,1573.333333,1376.666667,1180,-196.6666667,-196.6666667,-196.6666667,0,0
11596,1615,Ben Sinnott,TE,WAS,24,1726,Matt,TE-Matt,71.91666667,2981.272727,2667.454545,2432.090909,1255.272727,-313.8181818,-235.3636364,0,0
13420,1981,Bryce Lance,WR,NO,23,1808,,WR-,78.60869565,2531.2,3857.066667,4098.133333,723.2,1325.866667,241.0666667,0,0
10444,1444,Cedric Tillman,WR,CLE,26,1738,Jeremy,WR-Jeremy,66.84615385,1584.647059,1431.294118,1277.941176,-153.3529412,-153.3529412,-153.3529412,0,0
12500,1734,Quinn Ewers,QB,MIA,23,1664,,QB-,72.34782609,2189.473684,2277.052632,2452.210526,525.4736842,87.57894737,175.1578947,0,0
8188,1246,Tyquan Thornton,WR,KC,25,1761,,WR-,70.44,1871.0625,1705.96875,1540.875,110.0625,-165.09375,-165.09375,0,0
12455,1749,Brashard Smith,RB,KC,23,1688,,RB-,73.39130435,2250.666667,2250.666667,1969.333333,562.6666667,0,-281.3333333,0,0
4137,268,James Conner,RB,ARI,31,1702,Tom,RB-Tom,54.90322581,680.8,340.4,340.4,-1021.2,-340.4,0,0,0
9481,1430,Luke Musgrave,TE,GB,25,1683,Jeremy,TE-Jeremy,67.32,1505.842105,1372.973684,1151.526316,-177.1578947,-132.8684211,-221.4473684,0,0
13423,2036,Eli Heidenreich,RB,PIT,23,1759,,RB-,76.47826087,2345.333333,2345.333333,2052.166667,586.3333333,0,-293.1666667,0,0
4039,310,Cooper Kupp,WR,SEA,33,1658,Matt,WR-Matt,50.24242424,1658,1326.4,994.8,0,-331.6,-331.6,0,0
5906,88,Dawson Knox,TE,BUF,29,1662,Tristan,TE-Tristan,57.31034483,1385,623.25,554,-277,-761.75,-69.25,0,0
12543,1758,Tahj Brooks,RB,CIN,24,1610,,RB-,67.08333333,1610,1408.75,1006.25,0,-201.25,-402.5,0,0
9757,1386,Kendre Miller,RB,NO,24,1668,Lucas,RB-Lucas,69.5,1668,1459.5,1042.5,0,-208.5,-417,0,0
13380,1991,Brenen Thompson,WR,LAC,23,1779,,WR-,77.34782609,2490.6,3795.2,4032.4,711.6,1304.6,237.2,0,0
10226,1422,Andrei Iosivas,WR,CIN,26,1638,Jordan,WR-Jordan,63,1493.470588,1348.941176,1204.411765,-144.5294118,-144.5294118,-144.5294118,0,0
8135,1269,Treylon Burks,WR,WAS,26,1674,Alex,WR-Alex,64.38461538,1526.294118,1378.588235,1230.882353,-147.7058824,-147.7058824,-147.7058824,0,0
13411,1983,Zavion Thomas,WR,CHI,22,1766,,WR-,80.27272727,3784.285714,5298,8073.142857,2018.285714,1513.714286,2775.142857,0,0
8119,1272,Jahan Dotson,WR,ATL,26,1647,Alex,WR-Alex,63.34615385,1501.676471,1356.352941,1211.029412,-145.3235294,-145.3235294,-145.3235294,0,0
12482,1796,Savion Williams,WR,GB,24,1685,,WR-,70.20833333,2567.619048,2728.095238,2487.380952,882.6190476,160.4761905,-240.7142857,0,0
12048,1579,George Holani,RB,SEA,26,1614,,RB-,62.07692308,1152.857143,1014.514286,553.3714286,-461.1428571,-138.3428571,-461.1428571,0,0
12470,1735,Riley Leonard,QB,IND,23,1565,,QB-,68.04347826,2059.210526,2141.578947,2306.315789,494.2105263,82.36842105,164.7368421,0,0
11650,1606,Luke McCaffrey,WR,WAS,25,1625,Joe,WR-Joe,65,1726.5625,1574.21875,1421.875,101.5625,-152.34375,-152.34375,0,0
6803,538,Brandon Aiyuk,WR,SF,28,1452,Jordan,WR-Jordan,51.85714286,1296.428571,829.7142857,674.1428571,-155.5714286,-466.7142857,-155.5714286,0,0
7828,1059,Noah Gray,TE,KC,27,1527,Tom,TE-Tom,56.55555556,1280.709677,1182.193548,985.1612903,-246.2903226,-98.51612903,-197.0322581,0,0
10218,1454,Xavier Hutchinson,WR,HOU,26,1642,Tristan,WR-Tristan,63.15384615,1497.117647,1352.235294,1207.352941,-144.8823529,-144.8823529,-144.8823529,0,0
11569,1764,Jarquez Hunter,RB,LAR,23,1502,,RB-,65.30434783,2002.666667,2002.666667,1752.333333,500.6666667,0,-250.3333333,0,0
11557,1556,Joe Milton,QB,DAL,26,1577,Jeremy,QB-Jeremy,60.65384615,1689.642857,1745.964286,1802.285714,112.6428571,56.32142857,56.32142857,0,0
6149,77,Darius Slayton,WR,NYG,29,1524,Tom,WR-Tom,52.55172414,975.36,792.48,609.6,-548.64,-182.88,-182.88,0,0
11630,1600,Roman Wilson,WR,PIT,25,1712,Jeremy,WR-Jeremy,68.48,1819,1658.5,1498,107,-160.5,-160.5,0,0
11579,1566,Audric Estime,RB,NO,22,1448,Ricky,RB-Ricky,65.81818182,2413.333333,3217.777778,3217.777778,965.3333333,804.4444444,0,0,0
7670,1065,Joshua Palmer,WR,BUF,26,1518,Ricky,WR-Ricky,58.38461538,1384.058824,1250.117647,1116.176471,-133.9411765,-133.9411765,-133.9411765,0,0
4993,330,Mike Gesicki,TE,CIN,30,1499,James,TE-James,49.96666667,674.55,599.6,524.65,-824.45,-74.95,-74.95,0,0
11577,1572,Will Shipley,RB,PHI,23,1513,Matt,RB-Matt,65.7826087,2017.333333,2017.333333,1765.166667,504.3333333,0,-252.1666667,0,0
7562,1078,Tutu Atwell,WR,MIA,26,1499,Tom,WR-Tom,57.65384615,1366.735294,1234.470588,1102.205882,-132.2647059,-132.2647059,-132.2647059,0,0
13404,1927,Garrett Nussmeier,QB,KC,24,1469,,QB-,61.20833333,1527.76,1645.28,1762.8,58.76,117.52,117.52,0,0
11370,1490,Chris Brooks,RB,GB,26,1507,Luc,RB-Luc,57.96153846,1076.428571,947.2571429,516.6857143,-430.5714286,-129.1714286,-430.5714286,0,0
5995,368,Justice Hill,RB,BAL,28,1449,Shane,RB-Shane,51.75,790.3636364,658.6363636,329.3181818,-658.6363636,-131.7272727,-329.3181818,0,0
8800,1197,Malik Davis,RB,DAL,27,1428,,RB-,52.88888889,1256.64,685.44,571.2,-171.36,-571.2,-114.24,0,0
13302,2026,Adam Randall,RB,BAL,22,1570,,RB-,71.36363636,2616.666667,3488.888889,3488.888889,1046.666667,872.2222222,0,0,0
11562,1557,Spencer Rattler,QB,NO,25,1459,Tristan,QB-Tristan,58.36,1571.230769,1683.461538,1739.576923,112.2307692,112.2307692,56.11538462,0,0
11651,1626,Isaac Guerendo,RB,SF,26,1371,James,RB-James,52.73076923,979.2857143,861.7714286,470.0571429,-391.7142857,-117.5142857,-391.7142857,0,0
5848,311,Marquise Brown,WR,PHI,29,1433,Matt,WR-Matt,49.4137931,917.12,745.16,573.2,-515.88,-171.96,-171.96,0,0
12523,1824,Jimmy Horn,WR,CAR,23,1501,,WR-,65.26086957,2101.4,3202.133333,3402.266667,600.4,1100.733333,200.1333333,0,0
12670,1818,KeAndre Lambert-Smith,WR,LAC,24,1475,,WR-,61.45833333,2247.619048,2388.095238,2177.380952,772.6190476,140.4761905,-210.7142857,0,0
5857,243,Noah Fant,TE,NO,28,1422,Lucas,TE-Lucas,50.78571429,1312.615385,1093.846154,492.2307692,-109.3846154,-218.7692308,-601.6153846,0,0
11834,1643,Devaughn Vele,WR,NO,28,1392,Joe,WR-Joe,49.71428571,1242.857143,795.4285714,646.2857143,-149.1428571,-447.4285714,-149.1428571,0,0
7587,1069,Dyami Brown,WR,WAS,26,1411,Lucas,WR-Lucas,54.26923077,1286.5,1162,1037.5,-124.5,-124.5,-124.5,0,0
8143,1229,Jerome Ford,RB,WAS,26,1383,Jordan,RB-Jordan,53.19230769,987.8571429,869.3142857,474.1714286,-395.1428571,-118.5428571,-395.1428571,0,0
11623,1604,Jordan Whittington,WR,LAR,25,1407,Lucas,WR-Lucas,56.28,1494.9375,1363.03125,1231.125,87.9375,-131.90625,-131.90625,0,0
8147,1276,John Metchie,WR,CAR,26,1422,Shane,WR-Shane,54.69230769,1296.529412,1171.058824,1045.588235,-125.4705882,-125.4705882,-125.4705882,0,0
11629,1592,Devontez Walker,WR,BAL,25,1447,Jeremy,WR-Jeremy,57.88,1537.4375,1401.78125,1266.125,90.4375,-135.65625,-135.65625,0,0
8225,1322,Daniel Bellinger,TE,TEN,25,1336,Joe,TE-Joe,53.44,1195.368421,1089.894737,914.1052632,-140.6315789,-105.4736842,-175.7894737,0,0
10235,1390,Roschon Johnson,RB,CHI,25,1338,Lucas,RB-Lucas,53.52,1170.75,836.25,735.9,-167.25,-334.5,-100.35,0,0
11599,1613,Cade Stover,TE,HOU,26,1321,Shane,TE-Shane,50.80769231,1204.441176,1010.176471,932.4705882,-116.5588235,-194.2647059,-77.70588235,0,0
11592,1616,Erick All,TE,CIN,25,1458,Lucas,TE-Lucas,58.32,1304.526316,1189.421053,997.5789474,-153.4736842,-115.1052632,-191.8421053,0,0
11439,1486,Jaleel McLaughlin,RB,DEN,25,1281,Shane,RB-Shane,51.24,1120.875,800.625,704.55,-160.125,-320.25,-96.075,0,0
11821,1644,Tahj Washington,WR,MIA,25,1336,,WR-,53.44,1419.5,1294.25,1169,83.5,-125.25,-125.25,0,0
12462,1754,Damien Martinez,RB,GB,22,1316,,RB-,59.81818182,2193.333333,2924.444444,2924.444444,877.3333333,731.1111111,0,0,0
12496,1797,Tai Felton,WR,MIN,23,1297,,WR-,56.39130435,1815.8,2766.933333,2939.866667,518.8,951.1333333,172.9333333,0,0
3271,159,Tyler Higbee,TE,LAR,33,1296,Ricky,TE-Ricky,39.27272727,1110.857143,925.7142857,370.2857143,-185.1428571,-185.1428571,-555.4285714,0,0
13424,1937,Seth McGowan,RB,IND,24,1419,,RB-,59.125,1419,1241.625,886.875,0,-177.375,-354.75,0,0
12718,1830,Konata Mumpfield,WR,LAR,23,1314,,WR-,57.13043478,1839.6,2803.2,2978.4,525.6,963.6,175.2,0,0
12738,1763,Phil Mafah,RB,DAL,23,1269,,RB-,55.17391304,1692,1692,1480.5,423,0,-211.5,0,0
9497,1399,Jalin Hyatt,WR,NYG,24,1316,Shane,WR-Shane,54.83333333,2005.333333,2130.666667,1942.666667,689.3333333,125.3333333,-188,0,0
11256,1478,Tyson Bagent,QB,CHI,26,1290,,QB-,49.61538462,1382.142857,1428.214286,1474.285714,92.14285714,46.07142857,46.07142857,0,0
11570,1631,Rasheen Ali,RB,BAL,25,1255,Lucas,RB-Lucas,50.2,1098.125,784.375,690.25,-156.875,-313.75,-94.125,0,0
11617,1607,Malachi Corley,WR,CLE,24,1252,,WR-,52.16666667,1907.809524,2027.047619,1848.190476,655.8095238,119.2380952,-178.8571429,0,0
6039,6,Ty Johnson,RB,BUF,28,1244,Tom,RB-Tom,44.42857143,678.5454545,565.4545455,282.7272727,-565.4545455,-113.0909091,-282.7272727,0,0
13306,2029,Taylen Green,QB,CLE,23,1329,,QB-,57.7826087,1748.684211,1818.631579,1958.526316,419.6842105,69.94736842,139.8947368,0,0
6271,609,Olamide Zaccheaus,WR,ATL,29,1241,Alex,WR-Alex,42.79310345,794.24,645.32,496.4,-446.76,-148.92,-148.92,0,0
7694,1054,Tommy Tremble,TE,CAR,26,1280,Tristan,TE-Tristan,49.23076923,1167.058824,978.8235294,903.5294118,-112.9411765,-188.2352941,-75.29411765,0,0
2306,413,Jameis Winston,QB,NYG,32,1230,Jeremy,QB-Jeremy,38.4375,1076.25,973.75,768.75,-153.75,-102.5,-205,0,0
9230,1218,Tanner McKee,QB,PHI,26,1145,Tom,QB-Tom,44.03846154,1226.785714,1267.678571,1308.571429,81.78571429,40.89285714,40.89285714,0,0
13333,1972,Deion Burks,WR,IND,23,1270,,WR-,55.2173913,1778,2709.333333,2878.666667,508,931.3333333,169.3333333,0,0
11199,1481,Emari Demercado,RB,KC,27,1181,Jordan,RB-Jordan,43.74074074,1039.28,566.88,472.4,-141.72,-472.4,-94.48,0,0
12486,1737,Dillon Gabriel,QB,CLE,25,1166,,QB-,46.64,1255.692308,1345.384615,1390.230769,89.69230769,89.69230769,44.84615385,0,0
4454,153,Kendrick Bourne,WR,ARI,31,1230,Jeremy,WR-Jeremy,39.67741935,946.1538462,473.0769231,473.0769231,-283.8461538,-473.0769231,0,0,0
11994,1701,Kameron Johnson,WR,TB,24,1238,,WR-,51.58333333,1886.47619,2004.380952,1827.52381,648.4761905,117.9047619,-176.8571429,0,0
6130,238,Devin Singletary,RB,NYG,28,1212,Shane,RB-Shane,43.28571429,661.0909091,550.9090909,275.4545455,-550.9090909,-110.1818182,-275.4545455,0,0
9492,1452,Trey Palmer,WR,NO,25,1203,Luc,WR-Luc,48.12,1278.1875,1165.40625,1052.625,75.1875,-112.78125,-112.78125,0,0
6011,47,Gardner Minshew,QB,ARI,30,1089,Tom,QB-Tom,36.3,980.1,871.2,762.3,-108.9,-108.9,-108.9,0,0
12634,1817,Jordan Watkins,WR,SF,24,1221,,WR-,50.875,1860.571429,1976.857143,1802.428571,639.5714286,116.2857143,-174.4285714,0,0
12472,1762,Raheim Sanders,RB,CLE,24,1187,,RB-,49.45833333,1187,1038.625,741.875,0,-148.375,-296.75,0,0
7585,1029,Davis Mills,QB,HOU,27,1188,,QB-,44,1227.6,1267.2,1188,39.6,39.6,-79.2,0,0
12520,1777,Xavier Restrepo,WR,TEN,24,1225,,WR-,51.04166667,1866.666667,1983.333333,1808.333333,641.6666667,116.6666667,-175,0,0
12542,1838,Efton Chism,WR,NE,24,1148,,WR-,47.83333333,1749.333333,1858.666667,1694.666667,601.3333333,109.3333333,-164,0,0
13401,2008,Michael Trigg,TE,DAL,24,1163,,TE-,48.45833333,2008.818182,1797.363636,1638.772727,845.8181818,-211.4545455,-158.5909091,0,0
12473,1809,Mitchell Evans,TE,CAR,23,1197,,TE-,52.04347826,1316.7,2274.3,2034.9,119.7,957.6,-239.4,0,0
5970,10,Greg Dortch,WR,DET,28,1172,Matt,WR-Matt,41.85714286,1046.428571,669.7142857,544.1428571,-125.5714286,-376.7142857,-125.5714286,0,0
7596,1012,Elijah Moore,WR,PHI,26,1207,Matt,WR-Matt,46.42307692,1100.5,994,887.5,-106.5,-106.5,-106.5,0,0
7083,618,Tyler Huntley,QB,BAL,28,1149,Matt,QB-Matt,41.03571429,1186.064516,1111.935484,1000.741935,37.06451613,-74.12903226,-111.1935484,0,0
10871,1382,Luke Schoonmaker,TE,DAL,27,1136,Matt,TE-Matt,42.07407407,952.7741935,879.483871,732.9032258,-183.2258065,-73.29032258,-146.5806452,0,0
12515,1757,Donovan Edwards,RB,MIA,23,1167,,RB-,50.73913043,1556,1556,1361.5,389,0,-194.5,0,0
10231,1469,Elijah Higgins,TE,ARI,25,1142,,TE-,45.68,1021.789474,931.6315789,781.3684211,-120.2105263,-90.15789474,-150.2631579,0,0
13413,1980,Cyrus Allen,WR,KC,23,2073,,WR-,90.13043478,2902.2,4422.4,4698.8,829.2,1520.2,276.4,0,0
11616,1611,Jacob Cowing,WR,SF,25,1155,Jeremy,WR-Jeremy,46.2,1227.1875,1118.90625,1010.625,72.1875,-108.28125,-108.28125,0,0
12516,1750,Kalel Mullings,RB,TEN,23,1124,,RB-,48.86956522,1498.666667,1498.666667,1311.333333,374.6666667,0,-187.3333333,0,0
8917,1336,KaVontae Turpin,WR,DAL,30,1115,James,WR-James,37.16666667,905.9375,696.875,348.4375,-209.0625,-209.0625,-348.4375,0,0
8127,1254,Charlie Kolar,TE,LAC,27,1125,Luc,TE-Luc,41.66666667,943.5483871,870.9677419,725.8064516,-181.4516129,-72.58064516,-145.1612903,0,0
2307,23,Marcus Mariota,QB,WAS,32,1025,,QB-,32.03125,896.875,811.4583333,640.625,-128.125,-85.41666667,-170.8333333,0,0
13270,1966,CJ Daniels,WR,LAR,24,1119,,WR-,46.625,1705.142857,1811.714286,1651.857143,586.1428571,106.5714286,-159.8571429,0,0
9999,1402,Will Levis,QB,TEN,27,1099,Alex,QB-Alex,40.7037037,1135.633333,1172.266667,1099,36.63333333,36.63333333,-73.26666667,0,0
7610,1017,Trey Lance,QB,LAC,26,1054,Tristan,QB-Tristan,40.53846154,1129.285714,1166.928571,1204.571429,75.28571429,37.64285714,37.64285714,0,0
10225,1450,Jonathan Mingo,WR,DAL,25,1058,Jeremy,WR-Jeremy,42.32,1124.125,1024.9375,925.75,66.125,-99.1875,-99.1875,0,0
7496,950,Nick Westbrook-Ikhine,WR,IND,29,1082,Tom,WR-Tom,37.31034483,692.48,562.64,432.8,-389.52,-129.84,-129.84,0,0
9227,1383,Israel Abanikanda,RB,DAL,23,1002,Tristan,RB-Tristan,43.56521739,1336,1336,1169,334,0,-167,0,0
4177,767,Mack Hollins,WR,NE,32,1083,,WR-,33.84375,541.5,541.5,433.2,-541.5,0,-108.3,0,0
8207,1189,Tyler Goodson,RB,ATL,25,1028,Tom,RB-Tom,41.12,899.5,642.5,565.4,-128.5,-257,-77.1,0,0
6920,561,Isaiah Hodgins,WR,NYG,27,1037,James,WR-James,38.40740741,936.6451613,836.2903226,535.2258065,-100.3548387,-100.3548387,-301.0645161,0,0
19,722,Joe Flacco,QB,CIN,41,966,Jordan,QB-Jordan,23.56097561,483,483,483,-483,0,0,0,0
8129,1207,Dameon Pierce,RB,PHI,26,1025,Matt,RB-Matt,39.42307692,732.1428571,644.2857143,351.4285714,-292.8571429,-87.85714286,-292.8571429,0,0
8160,1208,Kenny Pickett,QB,CAR,28,1030,Alex,QB-Alex,36.78571429,1063.225806,996.7741935,897.0967742,33.22580645,-66.4516129,-99.67741935,0,0
11377,1524,Tyrell Shavers,WR,BUF,26,1001,,WR-,38.5,912.6764706,824.3529412,736.0294118,-88.32352941,-88.32352941,-88.32352941,0,0
7568,1052,Brevin Jordan,TE,HOU,26,1037,Ricky,TE-Ricky,39.88461538,945.5,793,732,-91.5,-152.5,-61,0,0
8162,1209,Sam Howell,QB,DAL,25,1006,Ricky,QB-Ricky,40.24,1083.384615,1160.769231,1199.461538,77.38461538,77.38461538,38.69230769,0,0
8208,1206,Tyler Badie,RB,DEN,26,1015,,RB-,39.03846154,725,638,348,-290,-87,-290,0,0
9490,1436,Tyler Scott,WR,LAR,24,985,James,WR-James,41.04166667,1500.952381,1594.761905,1454.047619,515.952381,93.80952381,-140.7142857,0,0
13348,1949,J'Mari Taylor,RB,JAX,24,983,,RB-,40.95833333,983,860.125,614.375,0,-122.875,-245.75,0,0
7607,1035,Michael Carter,RB,TEN,27,992,Tom,RB-Tom,36.74074074,872.96,476.16,396.8,-119.04,-396.8,-79.36,0,0
10867,1488,Jake Bobo,WR,SEA,28,971,Jordan,WR-Jordan,34.67857143,866.9642857,554.8571429,450.8214286,-104.0357143,-312.1071429,-104.0357143,0,0
11595,1619,Jared Wiley,TE,KC,25,963,Jeremy,TE-Jeremy,38.52,861.6315789,785.6052632,658.8947368,-101.3684211,-76.02631579,-126.7105263,0,0
7538,1016,Zach Wilson,QB,NO,27,856,Tristan,QB-Tristan,31.7037037,884.5333333,913.0666667,856,28.53333333,28.53333333,-57.06666667,0,0
11649,1577,Kendall Milton,RB,CIN,24,926,,RB-,38.58333333,926,810.25,578.75,0,-115.75,-231.5,0,0
11306,1504,Xavier Gipson,WR,NYG,25,924,Jordan,WR-Jordan,36.96,981.75,895.125,808.5,57.75,-86.625,-86.625,0,0
13322,2011,Sam Roush,TE,CHI,22,968,,TE-,44,3226.666667,3549.333333,6130.666667,2258.666667,322.6666667,2581.333333,0,0
10214,1434,Davis Allen,TE,LAR,25,934,,TE-,37.36,835.6842105,761.9473684,639.0526316,-98.31578947,-73.73684211,-122.8947368,0,0
11729,1627,Sione Vaki,RB,DET,25,958,Lucas,RB-Lucas,38.32,838.25,598.75,526.9,-119.75,-239.5,-71.85,0,0
7891,1162,Brock Wright,TE,DET,27,926,,TE-,34.2962963,776.6451613,716.9032258,597.4193548,-149.3548387,-59.74193548,-119.483871,0,0
8204,1244,Bo Melton,WR,GB,27,880,Tom,WR-Tom,32.59259259,794.8387097,709.6774194,454.1935484,-85.16129032,-85.16129032,-255.483871,0,0
11895,1686,Mason Tipton,WR,NO,25,893,Tom,WR-Tom,35.72,948.8125,865.09375,781.375,55.8125,-83.71875,-83.71875,0,0
12539,1815,Arian Smith,WR,NYJ,24,903,,WR-,37.625,1376,1462,1333,473,86,-129,0,0
8168,1283,Skyy Moore,WR,GB,25,846,Lucas,WR-Lucas,33.84,898.875,819.5625,740.25,52.875,-79.3125,-79.3125,0,0
13335,2027,Cole Payton,QB,PHI,23,839,,QB-,36.47826087,1103.947368,1148.105263,1236.421053,264.9473684,44.15789474,88.31578947,0,0
5854,33,Drew Lock,QB,SEA,29,857,Matt,QB-Matt,29.55172414,803.4375,723.09375,642.75,-53.5625,-80.34375,-80.34375,0,0
5938,177,Lil'Jordan Humphrey,WR,DEN,28,875,Joe,WR-Joe,31.25,781.25,500,406.25,-93.75,-281.25,-93.75,0,0
13533,2003,Barion Brown,WR,NO,22,922,,WR-,41.90909091,1975.714286,2766,4214.857143,1053.714286,790.2857143,1448.857143,0,0
11633,1595,Jamari Thrash,WR,CLE,25,804,James,WR-James,32.16,854.25,778.875,703.5,50.25,-75.375,-75.375,0,0
11588,1641,Jawhar Jordan,RB,HOU,26,797,,RB-,30.65384615,569.2857143,500.9714286,273.2571429,-227.7142857,-68.31428571,-227.7142857,0,0
3286,52,Demarcus Robinson,WR,SF,31,827,James,WR-James,26.67741935,636.1538462,318.0769231,318.0769231,-190.8461538,-318.0769231,0,0,0
4147,785,Samaje Perine,RB,CIN,30,749,Jeremy,RB-Jeremy,24.96666667,374.5,149.8,74.9,-374.5,-224.7,-74.9,0,0
11748,1634,Bub Means,WR,NO,25,696,Joe,WR-Joe,27.84,739.5,674.25,609,43.5,-65.25,-65.25,0,0
11299,1898,Zavier Scott,RB,MIN,27,672,,RB-,24.88888889,591.36,322.56,268.8,-80.64,-268.8,-53.76,0,0
13282,2007,Jack Endries,TE,CIN,22,670,,TE-,30.45454545,2233.333333,2456.666667,4243.333333,1563.333333,223.3333333,1786.666667,0,0
8230,1182,Ty Chandler,RB,NO,28,615,Jeremy,RB-Jeremy,21.96428571,335.4545455,279.5454545,139.7727273,-279.5454545,-55.90909091,-139.7727273,0,0
11636,1596,Johnny Wilson,WR,PHI,25,761,Tom,WR-Tom,30.44,808.5625,737.21875,665.875,47.5625,-71.34375,-71.34375,0,0
7561,1013,Elijah Mitchell,RB,PHI,28,753,Luc,RB-Luc,26.89285714,410.7272727,342.2727273,171.1363636,-342.2727273,-68.45454545,-171.1363636,0,0
6960,572,Tyler Johnson,WR,DAL,27,549,Tom,WR-Tom,20.33333333,495.8709677,442.7419355,283.3548387,-53.12903226,-53.12903226,-159.3870968,0,0
11615,1624,Ainias Smith,WR,CAR,25,654,James,WR-James,26.16,694.875,633.5625,572.25,40.875,-61.3125,-61.3125,0,0
12494,1738,Kyle McCord,QB,GB,23,555,,QB-,24.13043478,730.2631579,759.4736842,817.8947368,175.2631579,29.21052632,58.42105263,0,0
12412,1720,Terrell Jennings,RB,NE,25,607,,RB-,24.28,531.125,379.375,333.85,-75.875,-151.75,-45.525,0,0
12699,1823,LaJohntay Wester,WR,BAL,24,583,,WR-,24.29166667,888.3809524,943.9047619,860.6190476,305.3809524,55.52380952,-83.28571429,0,0
10234,1473,Derius Davis,WR,LAC,25,638,,WR-,25.52,677.875,618.0625,558.25,39.875,-59.8125,-59.8125,0,0
11210,1502,Malik Heath,WR,ATL,25,614,,WR-,24.56,652.375,594.8125,537.25,38.375,-57.5625,-57.5625,0,0
8145,X,Jeremy Ruckert,TE,NYJ,25,0,,TE-,0,0,0,0,0,0,0,0,0
4219,782,Jeremy McNichols,RB,WAS,30,628,Jeremy,RB-Jeremy,20.93333333,314,125.6,62.8,-314,-188.4,-62.8,0,0
6828,631,AJ Dillon,RB,CAR,28,583,Matt,RB-Matt,20.82142857,318,265,132.5,-265,-53,-132.5,0,0
6853,X,Van Jefferson,WR,WAS,30,0,,WR-,0,0,0,0,0,0,0,0,0
11574,1584,Dylan Laube,RB,LV,26,533,Ricky,RB-Ricky,20.5,380.7142857,335.0285714,182.7428571,-152.2857143,-45.68571429,-152.2857143,0,0
4972,X,Mason Rudolph,QB,PIT,31,0,Lucas,QB-Lucas,0,0,0,0,0,0,0,0,0
5133,X,Tyler Conklin,TE,DET,31,0,Jeremy,TE-Jeremy,0,0,0,0,0,0,0,0,0
5973,X,Josh Oliver,TE,MIN,29,0,,TE-,0,0,0,0,0,0,0,0,0
8177,1263,Grant Calcaterra,TE,PHI,27,496,James,TE-James,18.37037037,416,384,320,-80,-32,-64,0,0
13477,2004,Colbie Young,WR,CIN,24,664,,WR-,27.66666667,1011.809524,1075.047619,980.1904762,347.8095238,63.23809524,-94.85714286,0,0
1,X,GJ Kinne,QB,,28,0,,QB-,0,0,0,0,0,0,0,0,0
1001,X,Tyler Clutts,FB,,35,0,,FB-,0,0,0,0,0,0,0,0,0
1003,X,Trindon Holliday,WR,,31,0,,WR-,0,0,0,0,0,0,0,0,0
1004,X,Ben Tate,RB,,29,0,,RB-,0,0,0,0,0,0,0,0,0
1007,X,Kevin Brock,TE,,31,0,,TE-,0,0,0,0,0,0,0,0,0
1009,X,Bryan Walters,WR,,32,0,,WR-,0,0,0,0,0,0,0,0,0
1014,X,Richie Brockel,TE,,34,0,,TE-,0,0,0,0,0,0,0,0,0
1015,X,Jed Collins,FB,,31,0,,FB-,0,0,0,0,0,0,0,0,0
1020,X,Terrelle Pryor,WR,,32,0,,WR-,0,0,0,0,0,0,0,0,0
10210,X,Cameron Latu,TE,PHI,26,0,Alex,TE-Alex,0,0,0,0,0,0,0,0,0
10211,X,Camerun Peoples,RB,,23,0,,RB-,0,0,0,0,0,0,0,0,0
10212,X,Josh Whyle,TE,GB,26,0,Ricky,TE-Ricky,0,0,0,0,0,0,0,0,0
10215,X,Jake Haener,QB,,27,0,,QB-,0,0,0,0,0,0,0,0,0
10216,X,Kenny McIntosh,RB,,26,0,,RB-,0,0,0,0,0,0,0,0,0
10217,X,Clayton Tune,QB,,27,0,,QB-,0,0,0,0,0,0,0,0,0
1022,X,Thaddeus Lewis,QB,,32,0,,QB-,0,0,0,0,0,0,0,0,0
10220,X,Will Mallory,TE,IND,27,0,Matt,TE-Matt,0,0,0,0,0,0,0,0,0
10221,X,Ronnie Bell,WR,NO,26,0,,WR-,0,0,0,0,0,0,0,0,0
10223,X,Eric Gray,RB,NYG,26,0,Luc,RB-Luc,0,0,0,0,0,0,0,0,0
10224,X,Brayden Willis,TE,SF,26,0,,TE-,0,0,0,0,0,0,0,0,0
10227,X,Payne Durham,TE,TB,26,0,,TE-,0,0,0,0,0,0,0,0,0
10228,X,Charlie Jones,WR,CIN,27,0,Matt,WR-Matt,0,0,0,0,0,0,0,0,0
10230,X,Jalen Wayne,WR,,25,0,,WR-,0,0,0,0,0,0,0,0,0
10233,X,Max Duggan,QB,,23,0,,QB-,0,0,0,0,0,0,0,0,0
1026,X,Bryce Brown,RB,,29,0,,RB-,0,0,0,0,0,0,0,0,0
1029,X,Nick Foles,QB,,34,0,,QB-,0,0,0,0,0,0,0,0,0
103,X,Matt Forte,RB,,34,0,,RB-,0,0,0,0,0,0,0,0,0
1030,X,Damaris Johnson,WR,,30,0,,WR-,0,0,0,0,0,0,0,0,0
1033,X,Chris Polk,RB,,30,0,,RB-,0,0,0,0,0,0,0,0,0
1034,X,Brandon Bolden,RB,,34,0,,RB-,0,0,0,0,0,0,0,0,0
104,X,Donnie Avery,WR,,33,0,,WR-,0,0,0,0,0,0,0,0,0
1045,X,Trevor Graham,WR,,31,0,,WR-,0,0,0,0,0,0,0,0,0
1046,X,Rishard Matthews,WR,,32,0,,WR-,0,0,0,0,0,0,0,0,0
1048,X,Lamar Miller,RB,,30,0,,RB-,0,0,0,0,0,0,0,0,0
1049,X,Ryan Tannehill,QB,,35,0,,QB-,0,0,0,0,0,0,0,0,0
1050,X,Marcus Thigpen,WR,,34,0,,WR-,0,0,0,0,0,0,0,0,0
1054,X,Stephen Hill,WR,,27,0,,WR-,0,0,0,0,0,0,0,0,0
1059,X,Bobby Rainey,RB,,32,0,,RB-,0,0,0,0,0,0,0,0,0
1060,X,Tommy Streeter,WR,,28,0,,WR-,0,0,0,0,0,0,0,0,0
1061,X,Deonte Thompson,WR,,32,0,,WR-,0,0,0,0,0,0,0,0,0
1065,X,Orson Charles,TE,,30,0,,TE-,0,0,0,0,0,0,0,0,0
10651,X,Mohamed Ibrahim,RB,,25,0,,RB-,0,0,0,0,0,0,0,0,0
1067,X,Marvin Jones,WR,,33,0,,WR-,0,0,0,0,0,0,0,0,0
1071,X,Mohamed Sanu,WR,,33,0,,WR-,0,0,0,0,0,0,0,0,0
1073,X,Taylor Thompson,TE,,27,0,,TE-,0,0,0,0,0,0,0,0,0
1077,X,Travis Benjamin,WR,,32,0,,WR-,0,0,0,0,0,0,0,0,0
108,X,Steve Johnson,WR,,34,0,,WR-,0,0,0,0,0,0,0,0,0
1082,X,Trent Richardson,RB,,29,0,,RB-,0,0,0,0,0,0,0,0,0
1085,X,Brandon Weeden,QB,,38,0,,QB-,0,0,0,0,0,0,0,0,0
10857,X,Stetson Bennett,QB,LAR,28,0,Ricky,QB-Ricky,0,0,0,0,0,0,0,0,0
10860,X,Malik Cunningham,WR,DET,27,0,,WR-,0,0,0,0,0,0,0,0,0
10861,X,Xazavian Valladay,RB,,27,0,,RB-,0,0,0,0,0,0,0,0,0
10862,X,Dorian Thompson-Robinson,QB,,25,0,Lucas,QB-Lucas,0,0,0,0,0,0,0,0,0
10863,X,AT Perry,WR,PIT,26,0,Luc,WR-Luc,0,0,0,0,0,0,0,0,0
10865,X,Travis Dye,RB,,24,0,,RB-,0,0,0,0,0,0,0,0,0
10866,1412,Aidan O'Connell,QB,LV,27,477,Jeremy,QB-Jeremy,17.66666667,492.9,508.8,477,15.9,15.9,-31.8,0,0
10869,X,Matt Landers,WR,,26,0,,WR-,0,0,0,0,0,0,0,0,0
10870,X,Deneric Prince,RB,,25,0,Shane,RB-Shane,0,0,0,0,0,0,0,0,0
1091,X,David Paulson,TE,,28,0,,TE-,0,0,0,0,0,0,0,0,0
1097,X,Kendall Wright,WR,,32,0,,WR-,0,0,0,0,0,0,0,0,0
10983,X,Sean Clifford,QB,CIN,28,0,,QB-,0,0,0,0,0,0,0,0,0
1102,X,Keshawn Martin,WR,,30,0,,WR-,0,0,0,0,0,0,0,0,0
11024,X,Grant DuBose,WR,,24,0,,WR-,0,0,0,0,0,0,0,0,0
11034,X,Jalen Brooks,WR,ARI,26,0,,WR-,0,0,0,0,0,0,0,0,0
1104,X,DeVier Posey,WR,,31,0,,WR-,0,0,0,0,0,0,0,0,0
11046,X,Colton Dowell,WR,SF,27,0,,WR-,0,0,0,0,0,0,0,0,0
1105,X,Dwayne Allen,TE,,31,0,,TE-,0,0,0,0,0,0,0,0,0
11053,X,Antoine Green,WR,,25,0,,WR-,0,0,0,0,0,0,0,0,0
11056,X,Jared Wayne,WR,HOU,25,0,,WR-,0,0,0,0,0,0,0,0,0
1106,X,Vick Ballard,RB,,30,0,,RB-,0,0,0,0,0,0,0,0,0
11060,X,Robert Burns,RB,,26,0,,RB-,0,0,0,0,0,0,0,0,0
11065,X,Adrian Martinez,QB,SF,26,0,,QB-,0,0,0,0,0,0,0,0,0
11068,X,Mitch Tinsley,WR,CIN,26,0,,WR-,0,0,0,0,0,0,0,0,0
1107,X,Coby Fleener,TE,,31,0,,TE-,0,0,0,0,0,0,0,0,0
11070,X,Kazmeir Allen,WR,,25,0,,WR-,0,0,0,0,0,0,0,0,0
11073,X,Thayer Thomas,WR,,27,0,,WR-,0,0,0,0,0,0,0,0,0
11080,X,Malik Knowles,WR,,25,0,,WR-,0,0,0,0,0,0,0,0,0
11081,X,Cephus Johnson,WR,,24,0,,WR-,0,0,0,0,0,0,0,0,0
11082,X,Ben Sims,TE,MIA,26,0,,TE-,0,0,0,0,0,0,0,0,0
11088,X,Monte Pottebaum,FB,,23,0,,FB-,0,0,0,0,0,0,0,0,0
11089,X,Jordan Byrd,WR,,23,0,,WR-,0,0,0,0,0,0,0,0,0
1109,X,Chandler Harnish,QB,,29,0,,QB-,0,0,0,0,0,0,0,0,0
11099,X,Kearis Jackson,WR,,25,0,,WR-,0,0,0,0,0,0,0,0,0
111,X,Marcedes Lewis,TE,,41,0,,TE-,0,0,0,0,0,0,0,0,0
1110,X,TY Hilton,WR,,33,0,,WR-,0,0,0,0,0,0,0,0,0
11102,X,Charles McClelland,RB,,24,0,,RB-,0,0,0,0,0,0,0,0,0
11104,X,SaRodorick Thompson,RB,,24,0,,RB-,0,0,0,0,0,0,0,0,0
11105,X,Shaquan Davis,WR,,24,0,,WR-,0,0,0,0,0,0,0,0,0
1111,X,Andrew Luck,QB,,32,0,,QB-,0,0,0,0,0,0,0,0,0
11111,X,Sy Barnett,WR,,25,0,,WR-,0,0,0,0,0,0,0,0,0
11113,X,Joel Wilson,TE,TEN,26,0,,TE-,0,0,0,0,0,0,0,0,0
11114,X,Elijah Dotson,RB,,26,0,,RB-,0,0,0,0,0,0,0,0,0
11115,X,Terrell Bynum,WR,,26,0,,WR-,0,0,0,0,0,0,0,0,0
11123,X,Tyler Hoosman,RB,,24,0,,RB-,0,0,0,0,0,0,0,0,0
11126,X,Michael Ezeike,TE,,23,0,,TE-,0,0,0,0,0,0,0,0,0
11130,X,Pokey Wilson,WR,,26,0,,WR-,0,0,0,0,0,0,0,0,0
11133,X,Jaray Jenkins,WR,,24,0,,WR-,0,0,0,0,0,0,0,0,0
11136,X,Oliver Martin,WR,,24,0,,WR-,0,0,0,0,0,0,0,0,0
11139,X,Elijah Cooks,WR,CAR,27,0,,WR-,0,0,0,0,0,0,0,0,0
1114,X,Justin Blackmon,WR,,32,0,,WR-,0,0,0,0,0,0,0,0,0
11140,X,Leonard Taylor,TE,,24,0,,TE-,0,0,0,0,0,0,0,0,0
11148,X,Tyler Hudson,WR,,22,0,,WR-,0,0,0,0,0,0,0,0,0
11155,X,Christian Sims,TE,,22,0,,TE-,0,0,0,0,0,0,0,0,0
11157,X,Brycen Tremayne,WR,CAR,26,0,,WR-,0,0,0,0,0,0,0,0,0
11158,X,Jalen Sample,WR,,24,0,,WR-,0,0,0,0,0,0,0,0,0
11159,X,Zion Bowens,WR,,24,0,,WR-,0,0,0,0,0,0,0,0,0
11163,X,Tim DeMorat,QB,,23,0,,QB-,0,0,0,0,0,0,0,0,0
11168,X,Xavier Smith,WR,LAR,28,0,,WR-,0,0,0,0,0,0,0,0,0
11169,X,Dresser Winn,QB,,26,0,,QB-,0,0,0,0,0,0,0,0,0
11172,X,Shae Wyatt,WR,,24,0,,WR-,0,0,0,0,0,0,0,0,0
11174,X,Jack Colletto,FB,,25,0,,FB-,0,0,0,0,0,0,0,0,0
11176,X,Khalan Laborn,RB,,24,0,,RB-,0,0,0,0,0,0,0,0,0
11182,X,Ronald Awatt,RB,,25,0,,RB-,0,0,0,0,0,0,0,0,0
11184,X,Daniel Arias,WR,,25,0,,WR-,0,0,0,0,0,0,0,0,0
11186,X,Carlos Washington,RB,MIA,27,0,,RB-,0,0,0,0,0,0,0,0,0
11189,X,Zay Malone,WR,,23,0,,WR-,0,0,0,0,0,0,0,0,0
11190,X,Keilahn Harris,WR,,23,0,,WR-,0,0,0,0,0,0,0,0,0
11191,X,Justin Marshall,WR,,24,0,,WR-,0,0,0,0,0,0,0,0,0
11192,X,Malik Flowers,WR,,24,0,,WR-,0,0,0,0,0,0,0,0,0
11197,X,Joel Honigford,TE,,25,0,,TE-,0,0,0,0,0,0,0,0,0
11201,X,Blake Whiteheart,TE,CLE,26,0,,TE-,0,0,0,0,0,0,0,0,0
11204,X,Duece Watts,WR,,24,0,,WR-,0,0,0,0,0,0,0,0,0
11209,X,Henry Pearson,FB,,24,0,,FB-,0,0,0,0,0,0,0,0,0
11213,X,Camren McDonald,TE,,24,0,,TE-,0,0,0,0,0,0,0,0,0
11214,X,Tanner Morgan,QB,,24,0,,QB-,0,0,0,0,0,0,0,0,0
11216,X,Holton Ahlers,QB,,23,0,,QB-,0,0,0,0,0,0,0,0,0
11223,X,John Hall,WR,,25,0,,WR-,0,0,0,0,0,0,0,0,0
11224,X,Griffin Hebert,TE,,25,0,,TE-,0,0,0,0,0,0,0,0,0
11225,X,Noah Gindorff,TE,,24,0,,TE-,0,0,0,0,0,0,0,0,0
11226,X,Tyjon Lindsey,WR,,24,0,,WR-,0,0,0,0,0,0,0,0,0
11229,X,Calvin Tyler,RB,,24,0,,RB-,0,0,0,0,0,0,0,0,0
1123,X,Ronnie Hillman,RB,,29,0,,RB-,0,0,0,0,0,0,0,0,0
11231,X,Christian Trahan,TE,,24,0,,TE-,0,0,0,0,0,0,0,0,0
11232,X,Isaiah Winstead,WR,,25,0,,WR-,0,0,0,0,0,0,0,0,0
11237,X,Jacob Saylors,RB,DET,25,0,,RB-,0,0,0,0,0,0,0,0,0
11245,X,Patrick Murtagh,TE,,25,0,,TE-,0,0,0,0,0,0,0,0,0
11247,X,Mac Hippenhammer,WR,,24,0,,WR-,0,0,0,0,0,0,0,0,0
11249,X,Chris Smith,RB,,23,0,,RB-,0,0,0,0,0,0,0,0,0
11257,X,Shedrick Jackson,WR,LV,26,0,,WR-,0,0,0,0,0,0,0,0,0
1126,X,Brock Osweiler,QB,,31,0,,QB-,0,0,0,0,0,0,0,0,0
11266,X,Thyrick Pitts,WR,,25,0,,WR-,0,0,0,0,0,0,0,0,0
11267,X,Aron Cruickshank,WR,,22,0,,WR-,0,0,0,0,0,0,0,0,0
11270,X,Hassan Hall,RB,,24,0,,RB-,0,0,0,0,0,0,0,0,0
11276,X,Joseph Ngata,WR,,24,0,,WR-,0,0,0,0,0,0,0,0,0
11280,X,Brady Russell,TE,SEA,27,0,,TE-,0,0,0,0,0,0,0,0,0
11282,X,Johnny King,WR,,23,0,,WR-,0,0,0,0,0,0,0,0,0
11283,X,Darius Hagans,RB,,24,0,,RB-,0,0,0,0,0,0,0,0,0
11292,X,Tommy DeVito,QB,NE,27,0,Jordan,QB-Jordan,0,0,0,0,0,0,0,0,0
11298,X,Ryan Jones,TE,,24,0,,TE-,0,0,0,0,0,0,0,0,0
1130,X,Cyrus Gray,RB,,28,0,,RB-,0,0,0,0,0,0,0,0,0
11304,X,EJ Jenkins,TE,PHI,27,0,,TE-,0,0,0,0,0,0,0,0,0
11311,X,Jason Brownlee,WR,KC,27,0,,WR-,0,0,0,0,0,0,0,0,0
11312,X,TJ Luther,WR,,25,0,,WR-,0,0,0,0,0,0,0,0,0
11320,X,Nikko Remigio,WR,KC,26,0,,WR-,0,0,0,0,0,0,0,0,0
11329,X,Josh Vann,WR,,23,0,,WR-,0,0,0,0,0,0,0,0,0
1133,X,Devon Wylie,WR,,29,0,,WR-,0,0,0,0,0,0,0,0,0
11344,X,Keytaon Thompson,WR,,24,0,,WR-,0,0,0,0,0,0,0,0,0
11347,X,Chase Cota,WR,,25,0,,WR-,0,0,0,0,0,0,0,0,0
11351,X,Thomas Greaney,TE,,24,0,,TE-,0,0,0,0,0,0,0,0,0
11357,X,Tyler Adams,WR,,25,0,,WR-,0,0,0,0,0,0,0,0,0
11359,X,Kody Case,WR,,24,0,,WR-,0,0,0,0,0,0,0,0,0
11366,X,Chris Coleman,WR,,24,0,,WR-,0,0,0,0,0,0,0,0,0
11367,X,Daewood Davis,WR,,25,0,,WR-,0,0,0,0,0,0,0,0,0
1137,X,Juron Criner,WR,,27,0,,WR-,0,0,0,0,0,0,0,0,0
11371,X,Julian Hill,TE,NE,26,0,,TE-,0,0,0,0,0,0,0,0,0
11374,X,James Blackman,QB,,24,0,,QB-,0,0,0,0,0,0,0,0,0
11378,X,Jordan Mims,RB,MIN,27,0,,RB-,0,0,0,0,0,0,0,0,0
1138,X,Rod Streater,WR,,33,0,,WR-,0,0,0,0,0,0,0,0,0
11380,X,Johnny Lumpkin,TE,,27,0,,TE-,0,0,0,0,0,0,0,0,0
11381,X,Travis Vokolek,TE,ARI,27,0,,TE-,0,0,0,0,0,0,0,0,0
11382,X,Dontay Demus,WR,,23,0,,WR-,0,0,0,0,0,0,0,0,0
11384,X,Owen Wright,RB,,27,0,,RB-,0,0,0,0,0,0,0,0,0
11385,X,Brian Walker,TE,,24,0,,TE-,0,0,0,0,0,0,0,0,0
11387,X,Sean Ryan,WR,,25,0,,WR-,0,0,0,0,0,0,0,0,0
11388,X,Nolan Henderson,QB,,24,0,,QB-,0,0,0,0,0,0,0,0,0
1139,X,Ladarius Green,TE,,30,0,,TE-,0,0,0,0,0,0,0,0,0
11410,X,Braxton Burmeister,WR,,24,0,,WR-,0,0,0,0,0,0,0,0,0
11413,X,Ronnie Brown,RB,,23,0,,RB-,0,0,0,0,0,0,0,0,0
11415,X,Tanner Taula,TE,,27,0,,TE-,0,0,0,0,0,0,0,0,0
11418,X,Taye Barber,WR,,23,0,,WR-,0,0,0,0,0,0,0,0,0
11419,X,Kade Warner,WR,,24,0,,WR-,0,0,0,0,0,0,0,0,0
11421,X,Ryan Miller,WR,NYG,26,0,Tristan,WR-Tristan,0,0,0,0,0,0,0,0,0
11431,X,Isaiah Bowser,RB,,23,0,,RB-,0,0,0,0,0,0,0,0,0
11433,X,Nate Adkins,TE,DEN,27,0,,TE-,0,0,0,0,0,0,0,0,0
1144,X,Cole Beasley,WR,,34,0,,WR-,0,0,0,0,0,0,0,0,0
11445,X,Taylor Grimes,WR,,23,0,,WR-,0,0,0,0,0,0,0,0,0
11452,X,Jesse Matthews,WR,,26,0,,WR-,0,0,0,0,0,0,0,0,0
11456,X,Tre'Shaun Harrison,WR,,24,0,,WR-,0,0,0,0,0,0,0,0,0
11467,X,John Samuel Shenker,TE,,26,0,,TE-,0,0,0,0,0,0,0,0,0
1147,X,James Hanna,TE,,31,0,,TE-,0,0,0,0,0,0,0,0,0
11472,X,Alfonzo Graham,RB,,23,0,,RB-,0,0,0,0,0,0,0,0,0
11474,X,Dylan Drummond,WR,ATL,26,0,,WR-,0,0,0,0,0,0,0,0,0
11478,X,Gavin Holmes,WR,,24,0,,WR-,0,0,0,0,0,0,0,0,0
11483,X,Ellis Merriweather,RB,,26,0,,RB-,0,0,0,0,0,0,0,0,0
11486,X,Zach Ojile,FB,,24,0,,FB-,0,0,0,0,0,0,0,0,0
1149,X,Alshon Jeffery,WR,,31,0,,WR-,0,0,0,0,0,0,0,0,0
11491,X,Austin Aune,QB,,29,0,,QB-,0,0,0,0,0,0,0,0,0
11493,X,Jordan Murray,TE,,25,0,,TE-,0,0,0,0,0,0,0,0,0
11495,X,Bryan Thompson,WR,,25,0,,WR-,0,0,0,0,0,0,0,0,0
11496,X,Braydon Johnson,WR,,24,0,,WR-,0,0,0,0,0,0,0,0,0
11502,X,Brian Cobbs,WR,,23,0,,WR-,0,0,0,0,0,0,0,0,0
11504,X,Jose Barbon,WR,,23,0,,WR-,0,0,0,0,0,0,0,0,0
11505,X,David Durden,WR,,25,0,,WR-,0,0,0,0,0,0,0,0,0
11506,X,Jalen Moreno-Cropper,WR,NO,25,0,,WR-,0,0,0,0,0,0,0,0,0
11508,X,Princeton Fant,TE,DAL,27,0,,TE-,0,0,0,0,0,0,0,0,0
11510,X,Hunter Luepke,FB,DAL,26,0,,FB-,0,0,0,0,0,0,0,0,0
11511,X,John Stephens,TE,,26,0,,TE-,0,0,0,0,0,0,0,0,0
1152,X,Evan Rodriguez,TE,,29,0,,TE-,0,0,0,0,0,0,0,0,0
11520,X,Lucky Jackson,WR,DET,29,0,,WR-,0,0,0,0,0,0,0,0,0
11521,X,Jadakis Bonds,WR,,23,0,,WR-,0,0,0,0,0,0,0,0,0
11522,X,Jerome Kapp,WR,,24,0,,WR-,0,0,0,0,0,0,0,0,0
11523,X,Cody Chrest,WR,,25,0,,WR-,0,0,0,0,0,0,0,0,0
11524,X,Izaiah Gathings,TE,,23,0,,TE-,0,0,0,0,0,0,0,0,0
11526,X,Malachi Carter,WR,,23,0,,WR-,0,0,0,0,0,0,0,0,0
11528,X,Garett Maag,WR,,23,0,,WR-,0,0,0,0,0,0,0,0,0
11529,X,Ed Lee,WR,,24,0,,WR-,0,0,0,0,0,0,0,0,0
11536,X,Milton Wright,WR,,22,0,,WR-,0,0,0,0,0,0,0,0,0
11537,X,Wayne Taulapapa,RB,,25,0,,RB-,0,0,0,0,0,0,0,0,0
1154,X,Ryan Broyles,WR,,29,0,,WR-,0,0,0,0,0,0,0,0,0
11540,X,La'Michael Pettway,TE,,27,0,,TE-,0,0,0,0,0,0,0,0,0
11544,X,Avery Davis,WR,,24,0,,WR-,0,0,0,0,0,0,0,0,0
11554,X,Chase Cota,WR,,24,0,,WR-,0,0,0,0,0,0,0,0,0
11556,X,Devin Leary,QB,,25,0,,QB-,0,0,0,0,0,0,0,0,0
11558,X,Sam Hartman,QB,WAS,27,0,,QB-,0,0,0,0,0,0,0,0,0
11561,X,Michael Pratt,QB,,23,0,,QB-,0,0,0,0,0,0,0,0,0
11567,X,Jordan Travis,QB,,24,0,Jordan,QB-Jordan,0,0,0,0,0,0,0,0,0
11568,X,Blake Watson,RB,,26,0,,RB-,0,0,0,0,0,0,0,0,0
11573,X,Frank Gore,RB,BUF,24,0,Luc,RB-Luc,0,0,0,0,0,0,0,0,0
1158,X,Kellen Moore,QB,,32,0,,QB-,0,0,0,0,0,0,0,0,0
11580,X,Dillon Johnson,RB,,23,0,,RB-,0,0,0,0,0,0,0,0,0
11582,X,Carson Steele,RB,PHI,23,0,Lucas,RB-Lucas,0,0,0,0,0,0,0,0,0
11590,X,Jase McClellan,RB,,23,0,Joe,RB-Joe,0,0,0,0,0,0,0,0,0
11593,X,Brevyn Spann-Ford,TE,DAL,26,0,,TE-,0,0,0,0,0,0,0,0,0
11598,X,Tanner McLachlan,TE,SF,27,0,,TE-,0,0,0,0,0,0,0,0,0
11601,X,Trey Knox,TE,,23,0,,TE-,0,0,0,0,0,0,0,0,0
11605,X,Jaheim Bell,TE,PIT,25,0,James,TE-James,0,0,0,0,0,0,0,0,0
11606,X,Dallin Holker,TE,,25,0,,TE-,0,0,0,0,0,0,0,0,0
11607,X,Hayden Hatten,WR,,24,0,,WR-,0,0,0,0,0,0,0,0,0
11608,X,Isaiah Williams,WR,NYJ,25,0,,WR-,0,0,0,0,0,0,0,0,0
11619,X,Ja'Lynn Polk,WR,,24,0,Shane,WR-Shane,0,0,0,0,0,0,0,0,0
11621,X,Brenden Rice,WR,,24,0,James,WR-James,0,0,0,0,0,0,0,0,0
1164,X,Rueben Randle,WR,,29,0,,WR-,0,0,0,0,0,0,0,0,0
11640,X,Jermaine Burton,WR,,24,0,Jeremy,WR-Jeremy,0,0,0,0,0,0,0,0,0
11644,X,Cody Schrader,RB,DEN,26,0,,RB-,0,0,0,0,0,0,0,0,0
11645,X,Javon Baker,WR,,23,0,Shane,WR-Shane,0,0,0,0,0,0,0,0,0
11648,X,Kedon Slovis,QB,ARI,25,0,,QB-,0,0,0,0,0,0,0,0,0
1165,X,Adrien Robinson,TE,,29,0,,TE-,0,0,0,0,0,0,0,0,0
11652,X,Louis Rees-Zammit,RB,,24,0,,RB-,0,0,0,0,0,0,0,0,0
11654,X,Dante Miller,RB,NYG,27,0,,RB-,0,0,0,0,0,0,0,0,0
1169,X,Robert Griffin,QB,,31,0,,QB-,0,0,0,0,0,0,0,0,0
1170,X,Alfred Morris,RB,,33,0,,RB-,0,0,0,0,0,0,0,0,0
11716,X,Tip Reiman,TE,ARI,24,0,,TE-,0,0,0,0,0,0,0,0,0
1173,X,Jarrett Boykin,WR,,28,0,,WR-,0,0,0,0,0,0,0,0,0
11762,X,Anthony Gould,WR,IND,25,0,,WR-,0,0,0,0,0,0,0,0,0
11773,X,Keilan Robinson,RB,,26,0,,RB-,0,0,0,0,0,0,0,0,0
11802,X,Tejhaun Palmer,WR,NE,26,0,,WR-,0,0,0,0,0,0,0,0,0
11806,X,Casey Washington,WR,CAR,25,0,,WR-,0,0,0,0,0,0,0,0,0
11808,X,Jha'Quan Jackson,WR,HOU,26,0,,WR-,0,0,0,0,0,0,0,0,0
11815,X,Cornelius Johnson,WR,BAL,25,0,Tristan,WR-Tristan,0,0,0,0,0,0,0,0,0
11820,X,Devin Culp,TE,TB,26,0,,TE-,0,0,0,0,0,0,0,0,0
11848,X,Casey Bauman,QB,,24,0,,QB-,0,0,0,0,0,0,0,0,0
1185,X,Travaris Cadet,RB,,32,0,,RB-,0,0,0,0,0,0,0,0,0
11850,X,Jeff Foreman,WR,,25,0,,WR-,0,0,0,0,0,0,0,0,0
11851,X,Carter Bradley,QB,JAX,26,0,,QB-,0,0,0,0,0,0,0,0,0
11857,X,Daijun Edwards,RB,,23,0,,RB-,0,0,0,0,0,0,0,0,0
11859,X,John Rhys Plumlee,QB,,25,0,,QB-,0,0,0,0,0,0,0,0,0
11862,X,Luke Benson,TE,,23,0,,TE-,0,0,0,0,0,0,0,0,0
11863,X,Leon Johnson,WR,,23,0,,WR-,0,0,0,0,0,0,0,0,0
11864,X,Zach Heins,TE,,24,0,,TE-,0,0,0,0,0,0,0,0,0
11867,X,Jaelen Gill,WR,,25,0,,WR-,0,0,0,0,0,0,0,0,0
11874,X,Jaylen Johnson,WR,,25,0,,WR-,0,0,0,0,0,0,0,0,0
11885,X,Ramel Keyton,WR,,24,0,,WR-,0,0,0,0,0,0,0,0,0
11886,X,Tulu Griffin,WR,,24,0,,WR-,0,0,0,0,0,0,0,0,0
1189,X,Nick Toon,WR,,31,0,,WR-,0,0,0,0,0,0,0,0,0
11897,X,Jermaine Jackson,WR,,24,0,,WR-,0,0,0,0,0,0,0,0,0
11900,X,Jacob Kibodi,RB,,26,0,,RB-,0,0,0,0,0,0,0,0,0
11901,X,Kyle Sheets,WR,,24,0,,WR-,0,0,0,0,0,0,0,0,0
11906,X,Ty James,WR,,23,0,,WR-,0,0,0,0,0,0,0,0,0
11911,X,Jeshaun Jones,WR,MIN,26,0,,WR-,0,0,0,0,0,0,0,0,0
11913,X,Devron Harper,WR,,24,0,,WR-,0,0,0,0,0,0,0,0,0
11918,X,Ahmarean Brown,WR,,24,0,,WR-,0,0,0,0,0,0,0,0,0
11921,X,Xavier Weaver,WR,ARI,25,0,,WR-,0,0,0,0,0,0,0,0,0
11924,X,Tanner Mordecai,QB,,25,0,,QB-,0,0,0,0,0,0,0,0,0
11925,X,Terique Owens,WR,,25,0,,WR-,0,0,0,0,0,0,0,0,0
11931,X,Austin Reed,QB,,25,0,,QB-,0,0,0,0,0,0,0,0,0
11940,X,JaQuae Jackson,WR,LAC,26,0,,WR-,0,0,0,0,0,0,0,0,0
11941,X,Isaiah Wooden,WR,,26,0,,WR-,0,0,0,0,0,0,0,0,0
11942,X,Colson Yankoff,TE,WAS,26,0,,TE-,0,0,0,0,0,0,0,0,0
11943,X,Michael Wiley,RB,,24,0,,RB-,0,0,0,0,0,0,0,0,0
11946,X,Marcus Rosemy-Jacksaint,WR,,23,0,,WR-,0,0,0,0,0,0,0,0,0
11947,X,Austin Jones,RB,,23,0,,RB-,0,0,0,0,0,0,0,0,0
1195,X,Doug Martin,RB,,32,0,,RB-,0,0,0,0,0,0,0,0,0
11957,X,Sam Schnee,WR,,24,0,,WR-,0,0,0,0,0,0,0,0,0
11959,X,Bryce Oliver,WR,TEN,26,0,,WR-,0,0,0,0,0,0,0,0,0
11960,X,Steven Stilianos,TE,,25,0,,TE-,0,0,0,0,0,0,0,0,0
11961,X,Emory Jones,QB,,25,0,,QB-,0,0,0,0,0,0,0,0,0
11962,X,Tayvion Robinson,WR,,24,0,,WR-,0,0,0,0,0,0,0,0,0
11963,X,Chris Collier,RB,LV,26,0,,RB-,0,0,0,0,0,0,0,0,0
11964,X,Dayton Wade,WR,BAL,25,0,,WR-,0,0,0,0,0,0,0,0,0
11969,X,Xavier Johnson,WR,CIN,27,0,,WR-,0,0,0,0,0,0,0,0,0
11975,X,Jordan Terrell,RB,,24,0,,RB-,0,0,0,0,0,0,0,0,0
11982,X,Isaiah Washington,WR,,23,0,,WR-,0,0,0,0,0,0,0,0,0
11989,X,DJ Williams,RB,,25,0,,RB-,0,0,0,0,0,0,0,0,0
11995,X,Zack Annexstad,QB,,24,0,,QB-,0,0,0,0,0,0,0,0,0
11998,X,Emani Bailey,RB,,23,0,,RB-,0,0,0,0,0,0,0,0,0
1200,X,Austin Davis,QB,,32,0,,QB-,0,0,0,0,0,0,0,0,0
12001,X,Lawrence Keys,WR,DET,26,0,,WR-,0,0,0,0,0,0,0,0,0
12003,X,Gunnar Watson,QB,,25,0,,QB-,0,0,0,0,0,0,0,0,0
12007,X,Nathaniel Peat,RB,,24,0,,RB-,0,0,0,0,0,0,0,0,0
12009,X,Jack Plummer,QB,,25,0,,QB-,0,0,0,0,0,0,0,0,0
1201,X,Chris Givens,WR,,30,0,,WR-,0,0,0,0,0,0,0,0,0
12013,X,Jaden Shirden,RB,,22,0,,RB-,0,0,0,0,0,0,0,0,0
12018,X,Sam Pinckney,WR,,25,0,,WR-,0,0,0,0,0,0,0,0,0
12019,X,Devin Carter,WR,,22,0,,WR-,0,0,0,0,0,0,0,0,0
12026,X,Kobe Lewis,RB,,24,0,,RB-,0,0,0,0,0,0,0,0,0
12029,X,Tyler Harrell,WR,,24,0,,WR-,0,0,0,0,0,0,0,0,0
12033,X,OJ Hiliare,WR,,23,0,,WR-,0,0,0,0,0,0,0,0,0
12036,X,Ian Wheeler,RB,BUF,24,0,,RB-,0,0,0,0,0,0,0,0,0
12045,X,Jack Westover,TE,NE,27,0,,TE-,0,0,0,0,0,0,0,0,0
1206,X,Isaiah Pead,RB,,30,0,,RB-,0,0,0,0,0,0,0,0,0
12061,X,Noah Cain,RB,,24,0,,RB-,0,0,0,0,0,0,0,0,0
12062,X,Cam Grandy,TE,CIN,26,0,,TE-,0,0,0,0,0,0,0,0,0
12063,X,Rocky Lombardi,QB,,26,0,,QB-,0,0,0,0,0,0,0,0,0
12066,X,Elijah Collins,RB,,24,0,,RB-,0,0,0,0,0,0,0,0,0
12068,X,Mason Pline,TE,KC,26,0,,TE-,0,0,0,0,0,0,0,0,0
12070,X,McCallan Castles,TE,GB,26,0,,TE-,0,0,0,0,0,0,0,0,0
12079,X,Treyton Welch,TE,NO,25,0,,TE-,0,0,0,0,0,0,0,0,0
1208,X,Brian Quick,WR,,32,0,,WR-,0,0,0,0,0,0,0,0,0
12080,X,Aidan Robbins,RB,,24,0,,RB-,0,0,0,0,0,0,0,0,0
12085,X,Alec Holler,TE,,25,0,,TE-,0,0,0,0,0,0,0,0,0
12086,X,Cam Johnson,WR,,25,0,,WR-,0,0,0,0,0,0,0,0,0
12090,X,Corey Crooms,WR,,23,0,,WR-,0,0,0,0,0,0,0,0,0
12097,X,Ayir Asante,WR,,23,0,,WR-,0,0,0,0,0,0,0,0,0
121,X,LeRon McClain,RB,,32,0,,RB-,0,0,0,0,0,0,0,0,0
12100,X,Chris Autman-Bell,WR,,25,0,,WR-,0,0,0,0,0,0,0,0,0
12107,X,Dylan Leonard,TE,,24,0,,TE-,0,0,0,0,0,0,0,0,0
1211,X,Rhett Ellison,TE,,33,0,,TE-,0,0,0,0,0,0,0,0,0
12113,X,Thomas Yassmin,TE,GB,26,0,,TE-,0,0,0,0,0,0,0,0,0
12114,X,Joshua Cephus,WR,,25,0,,WR-,0,0,0,0,0,0,0,0,0
12118,X,Jacob Warren,TE,,24,0,,TE-,0,0,0,0,0,0,0,0,0
12121,X,Deshaun Fenwick,RB,,25,0,,RB-,0,0,0,0,0,0,0,0,0
12126,X,Isaac Rex,TE,,26,0,,TE-,0,0,0,0,0,0,0,0,0
12129,X,Jalon Calhoun,WR,,24,0,,WR-,0,0,0,0,0,0,0,0,0
12133,X,Drake Stoops,WR,,26,0,,WR-,0,0,0,0,0,0,0,0,0
12134,X,Sam Wiglusz,WR,,25,0,,WR-,0,0,0,0,0,0,0,0,0
12135,X,Neal Johnson,TE,,24,0,,TE-,0,0,0,0,0,0,0,0,0
12144,X,Je'Quan Burton,WR,,24,0,,WR-,0,0,0,0,0,0,0,0,0
12149,X,Gavin Hardison,QB,,24,0,,QB-,0,0,0,0,0,0,0,0,0
1215,X,Jarius Wright,WR,,32,0,,WR-,0,0,0,0,0,0,0,0,0
12150,X,Jarveon Howard,RB,,25,0,,RB-,0,0,0,0,0,0,0,0,0
12151,X,Julian Hicks,WR,,26,0,,WR-,0,0,0,0,0,0,0,0,0
12154,X,Messiah Swinson,TE,GB,26,0,,TE-,0,0,0,0,0,0,0,0,0
12165,X,Spencer Sanders,QB,,25,0,,QB-,0,0,0,0,0,0,0,0,0
12168,X,Zach Mathis,WR,,24,0,,WR-,0,0,0,0,0,0,0,0,0
1217,X,Laron Byrd,WR,,32,0,,WR-,0,0,0,0,0,0,0,0,0
12170,X,Jaaron Hayek,WR,,23,0,,WR-,0,0,0,0,0,0,0,0,0
12171,X,British Brooks,RB,HOU,26,0,,RB-,0,0,0,0,0,0,0,0,0
12173,X,Jaxon Janke,WR,,25,0,,WR-,0,0,0,0,0,0,0,0,0
12187,X,Malcolm Epps,TE,,25,0,,TE-,0,0,0,0,0,0,0,0,0
12189,X,Xavier White,WR,,25,0,,WR-,0,0,0,0,0,0,0,0,0
1219,X,Michael Floyd,WR,,32,0,,WR-,0,0,0,0,0,0,0,0,0
12190,X,Jason Bean,QB,,26,0,,QB-,0,0,0,0,0,0,0,0,0
12191,X,Trent Pennix,TE,,25,0,,TE-,0,0,0,0,0,0,0,0,0
12197,X,John Paddock,QB,,24,0,,QB-,0,0,0,0,0,0,0,0,0
12198,X,Wayne Ruby,WR,,24,0,,WR-,0,0,0,0,0,0,0,0,0
122,X,Miles Austin,WR,,36,0,,WR-,0,0,0,0,0,0,0,0,0
1221,X,Ryan Lindley,QB,,31,0,,QB-,0,0,0,0,0,0,0,0,0
12210,X,Cole Burgess,WR,,26,0,,WR-,0,0,0,0,0,0,0,0,0
12212,X,Austin Stogner,TE,,25,0,,TE-,0,0,0,0,0,0,0,0,0
12215,X,Kevin Foelsch,TE,,24,0,,TE-,0,0,0,0,0,0,0,0,0
12217,X,Shawn Bowman,TE,,25,0,,TE-,0,0,0,0,0,0,0,0,0
12218,X,Jalen Jackson,RB,,24,0,,RB-,0,0,0,0,0,0,0,0,0
12220,X,Brevin Easton,WR,,24,0,,WR-,0,0,0,0,0,0,0,0,0
12222,X,Joseph Scates,WR,,24,0,,WR-,0,0,0,0,0,0,0,0,0
12224,X,David White,WR,,25,0,,WR-,0,0,0,0,0,0,0,0,0
12226,X,Lorenzo Lingard,RB,,25,0,,RB-,0,0,0,0,0,0,0,0,0
1223,X,Garrett Celek,TE,,33,0,,TE-,0,0,0,0,0,0,0,0,0
12231,X,JJ Laap,WR,,23,0,,WR-,0,0,0,0,0,0,0,0,0
12235,X,Marcus Riley,WR,,25,0,,WR-,0,0,0,0,0,0,0,0,0
12237,X,Lincoln Sefcik,TE,,25,0,,TE-,0,0,0,0,0,0,0,0,0
12245,X,Jelani Baker,WR,,24,0,,WR-,0,0,0,0,0,0,0,0,0
12246,X,Mike Rigerman,TE,,23,0,,TE-,0,0,0,0,0,0,0,0,0
1225,X,LaMichael James,RB,,30,0,,RB-,0,0,0,0,0,0,0,0,0
12250,X,Riley Sharp,TE,,27,0,,TE-,0,0,0,0,0,0,0,0,0
12254,X,Phillip Brooks,WR,,25,0,,WR-,0,0,0,0,0,0,0,0,0
12256,X,Baylor Cupp,TE,,25,0,,TE-,0,0,0,0,0,0,0,0,0
12259,X,Taulia Tagovailoa,QB,,24,0,,QB-,0,0,0,0,0,0,0,0,0
1226,X,AJ Jenkins,WR,,27,0,,WR-,0,0,0,0,0,0,0,0,0
12260,X,Mason Fairchild,TE,,23,0,,TE-,0,0,0,0,0,0,0,0,0
12264,X,Cole Beck,WR,,29,0,,WR-,0,0,0,0,0,0,0,0,0
12267,X,Qadir Ismail,WR,CHI,26,0,,WR-,0,0,0,0,0,0,0,0,0
12270,X,Andrew Peasley,QB,,25,0,,QB-,0,0,0,0,0,0,0,0,0
12281,X,Dimitri Stanley,WR,,25,0,,WR-,0,0,0,0,0,0,0,0,0
12283,X,Dylan McDuffie,RB,,24,0,,RB-,0,0,0,0,0,0,0,0,0
1231,X,Greg Scruggs,TE,,30,0,,TE-,0,0,0,0,0,0,0,0,0
1232,X,Robert Turbin,RB,,32,0,,RB-,0,0,0,0,0,0,0,0,0
12333,X,Dakereon Joyner,WR,,24,0,,WR-,0,0,0,0,0,0,0,0,0
1234,X,Russell Wilson,QB,,37,0,Luc,QB-Luc,0,0,0,0,0,0,0,0,0
12341,X,Markese Stepp,RB,,24,0,,RB-,0,0,0,0,0,0,0,0,0
1235,X,Jorvorskie Lane,FB,,33,0,,FB-,0,0,0,0,0,0,0,0,0
12350,X,Anthony Grant,RB,,25,0,,RB-,0,0,0,0,0,0,0,0,0
12354,X,Easton Dean,TE,,20,0,,TE-,0,0,0,0,0,0,0,0,0
12355,X,Treveyon Pratt,WR,,24,0,,WR-,0,0,0,0,0,0,0,0,0
12356,X,Jabari Small,RB,DET,25,0,,RB-,0,0,0,0,0,0,0,0,0
12357,X,David Martin-Robinson,TE,TEN,26,0,,TE-,0,0,0,0,0,0,0,0,0
1236,X,Joe Banyard,RB,,31,0,,RB-,0,0,0,0,0,0,0,0,0
12360,X,Latreal Jones,WR,,26,0,,WR-,0,0,0,0,0,0,0,0,0
1237,X,Dominique Davis,QB,,29,0,,QB-,0,0,0,0,0,0,0,0,0
12370,X,Praise Olatoke,WR,,24,0,,WR-,0,0,0,0,0,0,0,0,0
12373,X,Peter LeBlanc,WR,,23,0,,WR-,0,0,0,0,0,0,0,0,0
12374,X,Brenden Bates,TE,CLE,26,0,,TE-,0,0,0,0,0,0,0,0,0
12383,X,John Jiles,WR,,25,0,,WR-,0,0,0,0,0,0,0,0,0
12389,X,Hayden Rucci,TE,SF,25,0,,TE-,0,0,0,0,0,0,0,0,0
12392,X,Tre Mosley,WR,,23,0,,WR-,0,0,0,0,0,0,0,0,0
12395,X,Tanner Knue,WR,,26,0,,WR-,0,0,0,0,0,0,0,0,0
12398,X,Jadon Janke,WR,,25,0,,WR-,0,0,0,0,0,0,0,0,0
12402,X,Ramon Jefferson,RB,,25,0,,RB-,0,0,0,0,0,0,0,0,0
12408,X,Michael Hiers,QB,,25,0,,QB-,0,0,0,0,0,0,0,0,0
12410,X,John Jackson,WR,,25,0,,WR-,0,0,0,0,0,0,0,0,0
12413,X,Hamze El-Zayat,WR,,25,0,,WR-,0,0,0,0,0,0,0,0,0
12421,X,David Wallis,WR,,23,0,,WR-,0,0,0,0,0,0,0,0,0
12433,X,Ben Bryant,QB,,25,0,,QB-,0,0,0,0,0,0,0,0,0
12435,X,Geor'Quarius Spivey,TE,,25,0,,TE-,0,0,0,0,0,0,0,0,0
1244,X,Josh Gordon,WR,,31,0,,WR-,0,0,0,0,0,0,0,0,0
12453,X,Ontaria Wilson,WR,,25,0,,WR-,0,0,0,0,0,0,0,0,0
1246,X,Dominique Jones,TE,,34,0,,TE-,0,0,0,0,0,0,0,0,0
12460,X,Antwane Wells,WR,ATL,25,0,,WR-,0,0,0,0,0,0,0,0,0
1247,X,Griff Whalen,WR,,30,0,,WR-,0,0,0,0,0,0,0,0,0
12475,X,Ricky White,WR,SEA,24,0,,WR-,0,0,0,0,0,0,0,0,0
12477,X,Kurtis Rourke,QB,SF,25,0,,QB-,0,0,0,0,0,0,0,0,0
12478,X,Nick Nash,WR,WAS,26,0,,WR-,0,0,0,0,0,0,0,0,0
12479,X,Ja'Quinden Jackson,RB,,24,0,,RB-,0,0,0,0,0,0,0,0,0
12480,X,Moliki Matavao,TE,NO,23,0,,TE-,0,0,0,0,0,0,0,0,0
12491,X,Corey Kiner,RB,ARI,24,0,,RB-,0,0,0,0,0,0,0,0,0
1250,X,Will Johnson,TE,,31,0,,TE-,0,0,0,0,0,0,0,0,0
12509,X,Tre' Harris,WR,LAC,24,0,,WR-,0,0,0,0,0,0,0,0,0
12528,X,Ajou Ajou,WR,,23,0,,WR-,0,0,0,0,0,0,0,0,0
12532,X,Ja'Corey Brooks,WR,,24,0,,WR-,0,0,0,0,0,0,0,0,0
12538,X,Brady Cook,QB,NYJ,24,0,,QB-,0,0,0,0,0,0,0,0,0
12546,X,Marcus Yarns,RB,,24,0,,RB-,0,0,0,0,0,0,0,0,0
12549,X,Jordan Petaia,TE,,25,0,,TE-,0,0,0,0,0,0,0,0,0
1256,X,Michael Egnew,TE,,27,0,,TE-,0,0,0,0,0,0,0,0,0
126,X,Marcel Reece,FB,,35,0,,FB-,0,0,0,0,0,0,0,0,0
1262,X,Alex Tanney,QB,,34,0,,QB-,0,0,0,0,0,0,0,0,0
1263,X,Bernard Pierce,RB,,29,0,,RB-,0,0,0,0,0,0,0,0,0
1265,X,Daryl Richardson,RB,,30,0,,RB-,0,0,0,0,0,0,0,0,0
12656,X,Robbie Ouzts,RB,SEA,23,0,,RB-,0,0,0,0,0,0,0,0,0
12658,X,Jackson Hawes,TE,BUF,25,0,,TE-,0,0,0,0,0,0,0,0,0
12688,X,Cam Miller,QB,MIA,25,0,,QB-,0,0,0,0,0,0,0,0,0
1269,X,Bradley Sowell,TE,,32,0,,TE-,0,0,0,0,0,0,0,0,0
12690,X,Tommy Mellott,WR,,24,0,,WR-,0,0,0,0,0,0,0,0,0
12700,X,Gavin Bartholomew,TE,MIN,23,0,,TE-,0,0,0,0,0,0,0,0,0
12705,X,Graham Mertz,QB,HOU,25,0,,QB-,0,0,0,0,0,0,0,0,0
12715,1827,Thomas Fidone,TE,NYG,23,497,,TE-,21.60869565,546.7,944.3,844.9,49.7,397.6,-99.4,0,0
12721,X,Kaden Prather,WR,GB,23,0,,WR-,0,0,0,0,0,0,0,0,0
12725,X,Luke Lachey,TE,GB,25,0,,TE-,0,0,0,0,0,0,0,0,0
1273,X,Francis Owusu,WR,,27,0,,WR-,0,0,0,0,0,0,0,0,0
12732,X,Dominic Lovett,WR,DET,23,0,,WR-,0,0,0,0,0,0,0,0,0
12735,X,Caleb Lohner,TE,DEN,24,0,,TE-,0,0,0,0,0,0,0,0,0
1274,X,Gerell Robinson,TE,,28,0,,TE-,0,0,0,0,0,0,0,0,0
12743,X,Junior Bergen,WR,SF,23,0,,WR-,0,0,0,0,0,0,0,0,0
12746,X,JP Richardson,WR,CHI,24,0,,WR-,0,0,0,0,0,0,0,0,0
1275,X,Jonathan Grimes,RB,,30,0,,RB-,0,0,0,0,0,0,0,0,0
12753,X,Jamoi Mayes,WR,,23,0,,WR-,0,0,0,0,0,0,0,0,0
12755,X,Kelly Akharaiyi,WR,,25,0,,WR-,0,0,0,0,0,0,0,0,0
12756,X,Stephen Gosnell,WR,BUF,24,0,,WR-,0,0,0,0,0,0,0,0,0
12757,X,Hal Presley,WR,,24,0,,WR-,0,0,0,0,0,0,0,0,0
1276,X,Nathan Palmer,WR,,29,0,,WR-,0,0,0,0,0,0,0,0,0
12760,X,Rashod Owens,WR,,24,0,,WR-,0,0,0,0,0,0,0,0,0
12761,X,Jordan Moore,WR,CIN,24,0,,WR-,0,0,0,0,0,0,0,0,0
12762,X,Payton Thorne,QB,,24,0,,QB-,0,0,0,0,0,0,0,0,0
12765,X,Keleki Latu,TE,BUF,23,0,,TE-,0,0,0,0,0,0,0,0,0
12772,X,Courtney Jackson,WR,TEN,25,0,,WR-,0,0,0,0,0,0,0,0,0
12773,X,DJ Uiagalelei,QB,LAC,25,0,,QB-,0,0,0,0,0,0,0,0,0
12775,X,Max Brosmer,QB,MIN,25,0,,QB-,0,0,0,0,0,0,0,0,0
12776,X,Connor Bazelak,QB,TB,25,0,,QB-,0,0,0,0,0,0,0,0,0
12777,X,Joaquin Davis,WR,PIT,23,0,,WR-,0,0,0,0,0,0,0,0,0
12778,X,Jerjuan Newton,WR,,24,0,,WR-,0,0,0,0,0,0,0,0,0
12787,X,Josh Williams,RB,TB,25,0,,RB-,0,0,0,0,0,0,0,0,0
12788,X,Will Sheppard,WR,GB,24,0,,WR-,0,0,0,0,0,0,0,0,0
12792,X,Garrett Greene,QB,TB,24,0,,QB-,0,0,0,0,0,0,0,0,0
12797,X,Ahmani Marshall,RB,CLE,24,0,,RB-,0,0,0,0,0,0,0,0,0
12799,X,Bryson Green,WR,ARI,23,0,,WR-,0,0,0,0,0,0,0,0,0
128,X,Vincent Jackson,WR,,37,0,,WR-,0,0,0,0,0,0,0,0,0
12800,X,Oscar Cardenas,TE,,24,0,,TE-,0,0,0,0,0,0,0,0,0
12803,X,Luke Grimm,WR,LAC,24,0,,WR-,0,0,0,0,0,0,0,0,0
12809,X,Mac Dalena,WR,BUF,24,0,,WR-,0,0,0,0,0,0,0,0,0
12810,X,Elijhah Badger,WR,,24,0,,WR-,0,0,0,0,0,0,0,0,0
12817,X,Jake Briningstool,TE,KC,23,0,,TE-,0,0,0,0,0,0,0,0,0
12818,X,Elijah Young,RB,,24,0,,RB-,0,0,0,0,0,0,0,0,0
12820,X,Landon Parker,WR,,26,0,,WR-,0,0,0,0,0,0,0,0,0
12826,X,Ulysses Bentley,RB,IND,25,0,,RB-,0,0,0,0,0,0,0,0,0
12829,X,Coleman Owen,WR,IND,25,0,,WR-,0,0,0,0,0,0,0,0,0
12831,X,Tyler Kahmann,WR,,25,0,,WR-,0,0,0,0,0,0,0,0,0
12832,X,Blayne Taylor,WR,,23,0,,WR-,0,0,0,0,0,0,0,0,0
12834,X,Jimmy Bell,TE,,25,0,,TE-,0,0,0,0,0,0,0,0,0
1284,X,Lance Dunbar,RB,,30,0,,RB-,0,0,0,0,0,0,0,0,0
12848,X,Josh Kelly,WR,HOU,25,0,,WR-,0,0,0,0,0,0,0,0,0
12849,X,Traeshon Holden,WR,DAL,24,0,,WR-,0,0,0,0,0,0,0,0,0
12851,X,Rivaldo Fairweather,TE,ARI,24,0,,TE-,0,0,0,0,0,0,0,0,0
12852,X,Monaray Baldwin,WR,,23,0,,WR-,0,0,0,0,0,0,0,0,0
12859,X,Nate Noel,RB,,23,0,,RB-,0,0,0,0,0,0,0,0,0
12860,X,Theo Wease,WR,MIA,25,0,,WR-,0,0,0,0,0,0,0,0,0
12863,X,Andrew Armstrong,WR,KC,25,0,,WR-,0,0,0,0,0,0,0,0,0
12865,X,AJ Henning,WR,MIA,24,0,,WR-,0,0,0,0,0,0,0,0,0
12866,X,Jalin Conyers,TE,,24,0,,TE-,0,0,0,0,0,0,0,0,0
12868,X,Montrell Johnson,RB,,23,0,,RB-,0,0,0,0,0,0,0,0,0
12880,X,Silas Bolden,WR,,24,0,,WR-,0,0,0,0,0,0,0,0,0
12883,X,Joshua Simon,TE,ATL,25,0,,TE-,0,0,0,0,0,0,0,0,0
12884,X,Quincy Skinner,WR,NYJ,23,0,,WR-,0,0,0,0,0,0,0,0,0
12888,X,Dalen Cambre,WR,NYG,25,0,,WR-,0,0,0,0,0,0,0,0,0
12889,X,Beaux Collins,WR,NYG,23,0,,WR-,0,0,0,0,0,0,0,0,0
12892,X,Da'Quan Felton,WR,NYJ,25,0,,WR-,0,0,0,0,0,0,0,0,0
12897,1902,Nathan Carter,RB,ATL,24,475,,RB-,19.79166667,475,415.625,296.875,0,-59.375,-118.75,0,0
12898,X,Seth Henigan,QB,,23,0,,QB-,0,0,0,0,0,0,0,0,0
1290,X,Jermaine Kearse,WR,,31,0,,WR-,0,0,0,0,0,0,0,0,0
12901,X,Patrick Herbert,TE,JAX,25,0,,TE-,0,0,0,0,0,0,0,0,0
12906,X,Cam Camper,WR,NYJ,24,0,,WR-,0,0,0,0,0,0,0,0,0
12907,X,Quentin Skinner,WR,BUF,24,0,,WR-,0,0,0,0,0,0,0,0,0
12908,X,Chandler Brayboy,WR,JAX,24,0,,WR-,0,0,0,0,0,0,0,0,0
12909,X,Eli Pancol,WR,IND,26,0,,WR-,0,0,0,0,0,0,0,0,0
1292,X,Robert Hughes,FB,,29,0,,FB-,0,0,0,0,0,0,0,0,0
12925,X,Jamaal Pritchett,WR,NYJ,23,0,,WR-,0,0,0,0,0,0,0,0,0
12928,X,Amar Johnson,RB,LAC,23,0,,RB-,0,0,0,0,0,0,0,0,0
1293,X,Jeremy Stewart,RB,,28,0,,RB-,0,0,0,0,0,0,0,0,0
12933,X,Caden Prieskorn,TE,CAR,26,0,,TE-,0,0,0,0,0,0,0,0,0
12935,X,Jakobie Keeney-James,WR,PIT,25,0,,WR-,0,0,0,0,0,0,0,0,0
12938,X,Jackson Meeks,WR,DET,23,0,,WR-,0,0,0,0,0,0,0,0,0
12939,X,Anthony Tyus,RB,CAR,23,0,,RB-,0,0,0,0,0,0,0,0,0
12940,X,Tre Stewart,RB,,23,0,,RB-,0,0,0,0,0,0,0,0,0
12941,X,Bryson Nesbit,TE,MIN,23,0,,TE-,0,0,0,0,0,0,0,0,0
12946,X,Dontae Fleming,WR,MIN,24,0,,WR-,0,0,0,0,0,0,0,0,0
12950,X,Robert Lewis,WR,,23,0,,WR-,0,0,0,0,0,0,0,0,0
12953,X,Jalen White,RB,,23,0,,RB-,0,0,0,0,0,0,0,0,0
12954,X,Kye Robichaux,RB,DET,23,0,,RB-,0,0,0,0,0,0,0,0,0
12959,X,Bryce Pierre,TE,,25,0,,TE-,0,0,0,0,0,0,0,0,0
1296,X,Cory Harkey,TE,,30,0,,TE-,0,0,0,0,0,0,0,0,0
12965,X,Ethan Garbers,QB,,23,0,,QB-,0,0,0,0,0,0,0,0,0
12966,X,Moose Muhammad,WR,,24,0,,WR-,0,0,0,0,0,0,0,0,0
12967,X,Jacolby George,WR,,22,0,,WR-,0,0,0,0,0,0,0,0,0
12969,X,Lan Larison,RB,NE,24,0,,RB-,0,0,0,0,0,0,0,0,0
12971,X,Ke'Shawn Williams,WR,CIN,24,0,,WR-,0,0,0,0,0,0,0,0,0
12972,X,Roc Taylor,WR,CAR,23,0,,WR-,0,0,0,0,0,0,0,0,0
12973,X,DJ Thomas-Jones,TE,,23,0,,TE-,0,0,0,0,0,0,0,0,0
12975,X,JJ Galbreath,TE,PIT,25,0,,TE-,0,0,0,0,0,0,0,0,0
12981,X,Gee Scott,TE,NYJ,25,0,,TE-,0,0,0,0,0,0,0,0,0
12983,X,Brock Lampe,FB,,23,0,,FB-,0,0,0,0,0,0,0,0,0
12984,X,CJ Dippre,TE,NE,24,0,,TE-,0,0,0,0,0,0,0,0,0
1299,X,Kyle Miller,TE,,32,0,,TE-,0,0,0,0,0,0,0,0,0
130,X,Eric Weems,WR,,35,0,,WR-,0,0,0,0,0,0,0,0,0
13001,X,Mario Williams,WR,LAR,23,0,,WR-,0,0,0,0,0,0,0,0,0
13003,X,Tru Edwards,WR,LAR,25,0,,WR-,0,0,0,0,0,0,0,0,0
13005,X,Anthony Torres,TE,,26,0,,TE-,0,0,0,0,0,0,0,0,0
13010,X,Jordan Waters,RB,LAR,25,0,,RB-,0,0,0,0,0,0,0,0,0
13011,X,Brennan Presley,WR,LAR,24,0,,WR-,0,0,0,0,0,0,0,0,0
13013,X,Mark Redman,TE,LAR,24,0,,TE-,0,0,0,0,0,0,0,0,0
13017,X,Hajj-Malik Williams,QB,,26,0,,QB-,0,0,0,0,0,0,0,0,0
1303,X,James Develin,FB,,33,0,,FB-,0,0,0,0,0,0,0,0,0
13032,X,Marshall Lang,TE,MIN,24,0,,TE-,0,0,0,0,0,0,0,0,0
13034,X,Tyrone Broden,WR,,25,0,,WR-,0,0,0,0,0,0,0,0,0
1304,X,Collin Mooney,FB,,31,0,,FB-,0,0,0,0,0,0,0,0,0
13041,X,Jahmal Banks,WR,,24,0,,WR-,0,0,0,0,0,0,0,0,0
13042,X,Xavier Guillory,WR,BAL,25,0,,WR-,0,0,0,0,0,0,0,0,0
13043,X,Chris Tyree,WR,,24,0,,WR-,0,0,0,0,0,0,0,0,0
13047,X,Jacardia Wright,RB,SEA,25,0,,RB-,0,0,0,0,0,0,0,0,0
1305,X,Patrick DiMarco,FB,,32,0,,FB-,0,0,0,0,0,0,0,0,0
13053,X,Daniel Jackson,WR,,23,0,,WR-,0,0,0,0,0,0,0,0,0
1306,X,Jeremy Ross,WR,,32,0,,WR-,0,0,0,0,0,0,0,0,0
13063,X,Darius Lassiter,WR,,25,0,,WR-,0,0,0,0,0,0,0,0,0
13064,X,Dorian Singer,WR,,23,0,,WR-,0,0,0,0,0,0,0,0,0
13065,X,Ben Wooldridge,QB,,26,0,,QB-,0,0,0,0,0,0,0,0,0
1307,X,Dan Herron,RB,,31,0,,RB-,0,0,0,0,0,0,0,0,0
13074,X,Isaiah Neyor,WR,GB,25,0,,WR-,0,0,0,0,0,0,0,0,0
13075,X,Myles Price,WR,MIN,24,0,,WR-,0,0,0,0,0,0,0,0,0
13079,X,Jahdae Walker,WR,CHI,24,0,,WR-,0,0,0,0,0,0,0,0,0
1308,X,Jamize Olawale,FB,,32,0,,FB-,0,0,0,0,0,0,0,0,0
13080,X,Deion Hankins,RB,,25,0,,RB-,0,0,0,0,0,0,0,0,0
13088,X,Quali Conley,RB,,23,0,,RB-,0,0,0,0,0,0,0,0,0
13101,X,Gage Larvadain,WR,CLE,24,0,,WR-,0,0,0,0,0,0,0,0,0
13108,X,Julian Fleming,WR,,25,0,,WR-,0,0,0,0,0,0,0,0,0
13110,X,Zach Horton,TE,DET,23,0,,TE-,0,0,0,0,0,0,0,0,0
13116,X,Tre Watson,TE,KC,23,0,,TE-,0,0,0,0,0,0,0,0,0
13119,X,Collin Schlee,QB,,24,0,,QB-,0,0,0,0,0,0,0,0,0
1312,X,Josh Bellamy,WR,,32,0,,WR-,0,0,0,0,0,0,0,0,0
13120,X,Jacoby Jones,WR,WAS,25,0,,WR-,0,0,0,0,0,0,0,0,0
13121,X,Ben Yurosek,TE,MIN,24,0,,TE-,0,0,0,0,0,0,0,0,0
13122,X,Carter Runyon,TE,LV,25,0,,TE-,0,0,0,0,0,0,0,0,0
13124,X,Jeremiah Webb,WR,NE,25,0,,WR-,0,0,0,0,0,0,0,0,0
13125,X,Micah Bernard,RB,,24,0,,RB-,0,0,0,0,0,0,0,0,0
13128,X,Rushawn Baker,RB,,22,0,,RB-,0,0,0,0,0,0,0,0,0
1313,X,Michael Preston,WR,,28,0,,WR-,0,0,0,0,0,0,0,0,0
1314,X,Brad Smelley,FB,,28,0,,FB-,0,0,0,0,0,0,0,0,0
13145,X,ShunDerrick Powell,RB,,23,0,,RB-,0,0,0,0,0,0,0,0,0
13150,X,Darius Cooper,WR,PHI,24,0,,WR-,0,0,0,0,0,0,0,0,0
13151,X,Nick Kallerup,TE,SEA,25,0,,TE-,0,0,0,0,0,0,0,0,0
13153,X,Giles Jackson,WR,,24,0,,WR-,0,0,0,0,0,0,0,0,0
13154,X,Marcus Major,RB,,25,0,,RB-,0,0,0,0,0,0,0,0,0
1316,X,Emil Igwenagu,RB,,29,0,,RB-,0,0,0,0,0,0,0,0,0
13161,X,Zakhari Franklin,WR,,25,0,,WR-,0,0,0,0,0,0,0,0,0
13162,X,Maximilian Mang,TE,,25,0,,TE-,0,0,0,0,0,0,0,0,0
1317,X,Brandon Barden,TE,,28,0,,TE-,0,0,0,0,0,0,0,0,0
13173,X,Jimmy Holiday,WR,KC,24,0,,WR-,0,0,0,0,0,0,0,0,0
13175,X,Kinkead Dent,QB,,25,0,,QB-,0,0,0,0,0,0,0,0,0
13179,X,Ja'seem Reed,WR,CAR,23,0,,WR-,0,0,0,0,0,0,0,0,0
13189,X,Luke Floriea,WR,CLE,24,0,,WR-,0,0,0,0,0,0,0,0,0
13190,X,Taylor Elgersma,QB,,23,0,,QB-,0,0,0,0,0,0,0,0,0
13199,X,Montorie Foster,WR,SEA,25,0,,WR-,0,0,0,0,0,0,0,0,0
13202,X,Dalevon Campbell,WR,LAC,24,0,,WR-,0,0,0,0,0,0,0,0,0
13208,X,Kyrese Rowan,WR,,25,0,,WR-,0,0,0,0,0,0,0,0,0
1321,X,Mike Brown,WR,,28,0,,WR-,0,0,0,0,0,0,0,0,0
13210,X,Drake Dabney,TE,GB,24,0,,TE-,0,0,0,0,0,0,0,0,0
13212,X,Cade McDonald,WR,,24,0,,WR-,0,0,0,0,0,0,0,0,0
13213,X,Lucas Scott,FB,BAL,22,0,,FB-,0,0,0,0,0,0,0,0,0
13217,X,Hunter Dekkers,QB,NO,25,0,,QB-,0,0,0,0,0,0,0,0,0
1322,X,Saalim Hakim,WR,,30,0,,WR-,0,0,0,0,0,0,0,0,0
13221,X,Brett Gabbert,QB,,25,0,,QB-,0,0,0,0,0,0,0,0,0
13222,X,Montana Lemonious-Craig,WR,,23,0,,WR-,0,0,0,0,0,0,0,0,0
13225,X,Sam Brown,WR,,23,0,,WR-,0,0,0,0,0,0,0,0,0
13228,X,Ife Adeyi,WR,,25,0,,WR-,0,0,0,0,0,0,0,0,0
1323,X,Sean McGrath,TE,,32,0,,TE-,0,0,0,0,0,0,0,0,0
1324,X,Edwin Baker,RB,,26,0,,RB-,0,0,0,0,0,0,0,0,0
13240,X,Toa Taua,RB,,25,0,,RB-,0,0,0,0,0,0,0,0,0
13242,X,Lawrance Toafili,RB,,24,0,,RB-,0,0,0,0,0,0,0,0,0
13246,X,Jaden Smith,WR,DAL,24,0,,WR-,0,0,0,0,0,0,0,0,0
13249,X,Thomas Gordon,TE,DET,25,0,,TE-,0,0,0,0,0,0,0,0,0
13251,X,Gunnar Oakes,TE,,26,0,,TE-,0,0,0,0,0,0,0,0,0
13261,X,Layne Pryor,TE,HOU,23,0,,TE-,0,0,0,0,0,0,0,0,0
13264,X,Dohnte Meyers,WR,CIN,26,0,,WR-,0,0,0,0,0,0,0,0,0
13273,X,Josh Cuevas,TE,BAL,22,0,,TE-,0,0,0,0,0,0,0,0,0
13276,X,Omar Cooper,WR,NYJ,22,0,,WR-,0,0,0,0,0,0,0,0,0
13277,X,CJ Donaldson,RB,NO,22,0,,RB-,0,0,0,0,0,0,0,0,0
1329,X,Chris Hogan,WR,,34,0,,WR-,0,0,0,0,0,0,0,0,0
13295,X,Behren Morton,QB,NE,24,0,,QB-,0,0,0,0,0,0,0,0,0
13297,1988,Reggie Virgil,WR,ARI,22,492,,WR-,22.36363636,1054.285714,1476,2249.142857,562.2857143,421.7142857,773.1428571,0,0
13299,X,Nate Boerkircher,TE,JAX,24,0,,TE-,0,0,0,0,0,0,0,0,0
133,X,Greg Jones,RB,,36,0,,RB-,0,0,0,0,0,0,0,0,0
1330,X,Junior Hemingway,WR,,29,0,,WR-,0,0,0,0,0,0,0,0,0
13305,X,Mike Washington,RB,LV,23,0,,RB-,0,0,0,0,0,0,0,0,0
13307,X,Marlin Klein,TE,HOU,23,0,,TE-,0,0,0,0,0,0,0,0,0
13308,X,Bauer Sharp,TE,TB,23,0,,TE-,0,0,0,0,0,0,0,0,0
13309,X,Aaron Anderson,WR,CLE,23,0,,WR-,0,0,0,0,0,0,0,0,0
13310,X,Miller Moss,QB,CHI,24,0,,QB-,0,0,0,0,0,0,0,0,0
13313,X,Emmanuel Henderson,WR,SEA,23,0,,WR-,0,0,0,0,0,0,0,0,0
13314,X,Luke Altmyer,QB,DET,23,0,,QB-,0,0,0,0,0,0,0,0,0
13315,X,Dean Connors,RB,LAR,22,0,,RB-,0,0,0,0,0,0,0,0,0
13316,X,Eric Rivers,WR,TB,23,0,,WR-,0,0,0,0,0,0,0,0,0
13318,X,Noah Thomas,WR,CIN,22,0,,WR-,0,0,0,0,0,0,0,0,0
1332,X,Ifeanyi Momah,WR,,32,0,,WR-,0,0,0,0,0,0,0,0,0
13321,X,Dan Villari,TE,LAR,24,0,,TE-,0,0,0,0,0,0,0,0,0
13324,X,Matt Hibner,TE,BAL,24,0,,TE-,0,0,0,0,0,0,0,0,0
13325,X,Jordan Hudson,WR,DAL,22,0,,WR-,0,0,0,0,0,0,0,0,0
13326,X,DT Sheffield,WR,NYJ,25,0,,WR-,0,0,0,0,0,0,0,0,0
13327,X,Desmond Reid,RB,,21,0,,RB-,0,0,0,0,0,0,0,0,0
13328,X,Anthony Hankerson,RB,MIA,22,0,,RB-,0,0,0,0,0,0,0,0,0
13329,2040,Malik Benson,WR,LV,23,855,,WR-,37.17391304,1197,1824,1938,342,627,114,0,0
1333,X,Russell Shepard,WR,,31,0,,WR-,0,0,0,0,0,0,0,0,0
13331,X,Dae'Quan Wright,TE,PHI,22,0,,TE-,0,0,0,0,0,0,0,0,0
13336,X,Dane Key,WR,DEN,23,0,,WR-,0,0,0,0,0,0,0,0,0
13339,X,Davon Booth,RB,CLE,24,0,,RB-,0,0,0,0,0,0,0,0,0
13342,X,John Michael Gyllenborg,TE,KC,23,0,,TE-,0,0,0,0,0,0,0,0,0
13350,X,Joe Fagnano,QB,BAL,25,0,,QB-,0,0,0,0,0,0,0,0,0
13352,X,Lincoln Pare,RB,,25,0,,RB-,0,0,0,0,0,0,0,0,0
13353,X,Chris Brazzell,WR,CAR,22,0,,WR-,0,0,0,0,0,0,0,0,0
13355,X,DJ Rogers,TE,DAL,24,0,,TE-,0,0,0,0,0,0,0,0,0
13356,X,Trebor Pena,WR,JAX,24,0,,WR-,0,0,0,0,0,0,0,0,0
1336,X,Matthew Tucker,RB,,27,0,,RB-,0,0,0,0,0,0,0,0,0
1338,X,Matt Barkley,QB,,33,0,,QB-,0,0,0,0,0,0,0,0,0
1339,X,Zach Ertz,TE,,35,0,Tom,TE-Tom,0,0,0,0,0,0,0,0,0
13392,X,Jeff Caldwell,WR,KC,23,0,,WR-,0,0,0,0,0,0,0,0,0
13394,X,Josh Cameron,WR,JAX,23,0,,WR-,0,0,0,0,0,0,0,0,0
13407,X,Carson Towt,TE,IND,25,0,,TE-,0,0,0,0,0,0,0,0,0
13408,X,Tanner Koziol,TE,JAX,22,0,,TE-,0,0,0,0,0,0,0,0,0
13409,X,Donaven McCulley,WR,MIA,23,0,,WR-,0,0,0,0,0,0,0,0,0
13410,X,Chase Roberts,WR,LV,25,0,,WR-,0,0,0,0,0,0,0,0,0
13412,X,Kendrick Law,WR,DET,23,0,,WR-,0,0,0,0,0,0,0,0,0
13415,X,Haynes King,QB,CAR,25,0,,QB-,0,0,0,0,0,0,0,0,0
13416,X,Roman Hemby,RB,LV,23,0,,RB-,0,0,0,0,0,0,0,0,0
13418,X,Robert Henry,RB,WAS,24,0,,RB-,0,0,0,0,0,0,0,0,0
13419,X,Jaydn Ott,RB,KC,23,0,,RB-,0,0,0,0,0,0,0,0,0
13422,X,Jaren Kanak,TE,TEN,22,0,,TE-,0,0,0,0,0,0,0,0,0
13425,X,Jalon Daniels,QB,TB,23,0,,QB-,0,0,0,0,0,0,0,0,0
13427,X,Diego Pavia,QB,,24,0,,QB-,0,0,0,0,0,0,0,0,0
13428,X,Joey Aguilar,QB,JAX,25,0,,QB-,0,0,0,0,0,0,0,0,0
13429,X,Seydou Traore,TE,MIA,23,0,,TE-,0,0,0,0,0,0,0,0,0
13430,X,RJ Maryland,TE,GB,22,0,,TE-,0,0,0,0,0,0,0,0,0
13431,X,Miles Kitselman,TE,DET,23,0,,TE-,0,0,0,0,0,0,0,0,0
13433,X,Riley Nowakowski,TE,PIT,24,0,,TE-,0,0,0,0,0,0,0,0,0
13434,X,Will Kacmarek,TE,MIA,23,0,,TE-,0,0,0,0,0,0,0,0,0
13435,X,Joe Royer,TE,CLE,24,0,,TE-,0,0,0,0,0,0,0,0,0
13436,X,Kentrel Bullock,RB,CIN,24,0,,RB-,0,0,0,0,0,0,0,0,0
13437,X,Noah Whittington,RB,HOU,24,0,,RB-,0,0,0,0,0,0,0,0,0
13438,X,DeaMonte Trayanum,RB,NYJ,24,0,,RB-,0,0,0,0,0,0,0,0,0
13440,X,Damien Alford,WR,,25,0,,WR-,0,0,0,0,0,0,0,0,0
1346,X,Marquise Goodwin,WR,,33,0,,WR-,0,0,0,0,0,0,0,0,0
1347,X,Chris Gragg,TE,,30,0,,TE-,0,0,0,0,0,0,0,0,0
1349,X,EJ Manuel,QB,,30,0,,QB-,0,0,0,0,0,0,0,0,0
13491,X,Kaden Wetjen,WR,PIT,24,0,,WR-,0,0,0,0,0,0,0,0,0
13516,X,Max Bredeson,TE,MIN,23,0,,TE-,0,0,0,0,0,0,0,0,0
1352,X,Robert Woods,WR,,33,0,Tristan,WR-Tristan,0,0,0,0,0,0,0,0,0
1353,X,Mike Gillislee,RB,,31,0,,RB-,0,0,0,0,0,0,0,0,0
13541,X,Lewis Bond,WR,HOU,23,0,,WR-,0,0,0,0,0,0,0,0,0
13554,X,CJ Williams,WR,JAX,22,0,,WR-,0,0,0,0,0,0,0,0,0
13557,X,Athan Kaliakmanis,QB,WAS,22,0,,QB-,0,0,0,0,0,0,0,0,0
1357,X,Dion Sims,TE,,30,0,,TE-,0,0,0,0,0,0,0,0,0
13577,X,Dallen Bentley,TE,DEN,25,0,,TE-,0,0,0,0,0,0,0,0,0
13580,X,Carsen Ryan,TE,CLE,22,0,,TE-,0,0,0,0,0,0,0,0,0
13582,X,Anthony Smith,WR,DAL,24,0,,WR-,0,0,0,0,0,0,0,0,0
13592,X,Chandler Morris,QB,,25,0,,QB-,0,0,0,0,0,0,0,0,0
13595,X,Cash Jones,RB,ATL,24,0,,RB-,0,0,0,0,0,0,0,0,0
13597,X,Matthew Caldwell,QB,LAR,23,0,,QB-,0,0,0,0,0,0,0,0,0
13599,X,Kyron Drones,QB,GB,23,0,,QB-,0,0,0,0,0,0,0,0,0
13602,X,Jack Strand,QB,ATL,22,0,,QB-,0,0,0,0,0,0,0,0,0
13608,X,Jerand Bradley,WR,LAC,23,0,,WR-,0,0,0,0,0,0,0,0,0
13617,X,Luke Wysong,WR,,23,0,,WR-,0,0,0,0,0,0,0,0,0
13619,X,Marcus Sanders,WR,MIN,22,0,,WR-,0,0,0,0,0,0,0,0,0
1362,X,Josh Boyce,WR,,30,0,,WR-,0,0,0,0,0,0,0,0,0
13621,X,Dillon Bell,WR,MIN,22,0,,WR-,0,0,0,0,0,0,0,0,0
13630,X,Evan Svoboda,TE,LAC,23,0,,TE-,0,0,0,0,0,0,0,0,0
13632,X,Devonte Ross,WR,LAC,23,0,,WR-,0,0,0,0,0,0,0,0,0
1365,X,Aaron Dobson,WR,,29,0,,WR-,0,0,0,0,0,0,0,0,0
13658,X,Brady Boyd,WR,JAX,24,0,,WR-,0,0,0,0,0,0,0,0,0
13662,X,Will Pauling,WR,SF,23,0,,WR-,0,0,0,0,0,0,0,0,0
13663,X,Wesley Grimes,WR,SF,22,0,,WR-,0,0,0,0,0,0,0,0,0
13670,X,Harrison Wallace,WR,ARI,23,0,,WR-,0,0,0,0,0,0,0,0,0
13674,X,Chris Hilton,WR,WAS,23,0,,WR-,0,0,0,0,0,0,0,0,0
13685,X,Jake Retzlaff,QB,,23,0,,QB-,0,0,0,0,0,0,0,0,0
1369,X,Tommy Bohanon,FB,,31,0,,FB-,0,0,0,0,0,0,0,0,0
13696,X,Ja'Mori Maclin,WR,BUF,24,0,,WR-,0,0,0,0,0,0,0,0,0
13705,X,Ty Pezza,TE,BAL,23,0,,TE-,0,0,0,0,0,0,0,0,0
13708,X,Kobe Prentice,WR,NE,22,0,,WR-,0,0,0,0,0,0,0,0,0
13712,X,Hayden Large,TE,CHI,24,0,,TE-,0,0,0,0,0,0,0,0,0
13725,X,Dominic Richardson,RB,DAL,25,0,,RB-,0,0,0,0,0,0,0,0,0
13743,X,Joseph Manjack,WR,DEN,23,0,,WR-,0,0,0,0,0,0,0,0,0
13744,X,Cameron Ross,WR,DEN,24,0,,WR-,0,0,0,0,0,0,0,0,0
13749,X,Kole Wilson,WR,CLE,22,0,,WR-,0,0,0,0,0,0,0,0,0
13750,X,TJ Harden,RB,,22,0,,RB-,0,0,0,0,0,0,0,0,0
13770,X,J Michael Sturdivant,WR,GB,23,0,,WR-,0,0,0,0,0,0,0,0,0
13777,X,Ademola Faleye,TE,,24,0,,TE-,0,0,0,0,0,0,0,0,0
13778,X,EJ Smith,RB,KC,24,0,,RB-,0,0,0,0,0,0,0,0,0
13780,X,Terion Stewart,RB,KC,24,0,,RB-,0,0,0,0,0,0,0,0,0
1379,X,Kyle Juszczyk,FB,SF,35,0,,FB-,0,0,0,0,0,0,0,0,0
138,X,Ben Roethlisberger,QB,PIT,39,0,,QB-,0,0,0,0,0,0,0,0,0
13802,X,Jacob Clark,QB,LV,25,0,,QB-,0,0,0,0,0,0,0,0,0
13805,X,EJ Williams,WR,LV,24,0,,WR-,0,0,0,0,0,0,0,0,0
13816,X,Mark Gronowski,QB,MIA,24,0,,QB-,0,0,0,0,0,0,0,0,0
13818,X,Romello Brinson,WR,,24,0,,WR-,0,0,0,0,0,0,0,0,0
13826,X,Caullin Lacy,WR,NYJ,24,0,,WR-,0,0,0,0,0,0,0,0,0
13827,X,Tanner Arkin,TE,NE,23,0,,TE-,0,0,0,0,0,0,0,0,0
13830,X,Kyle Dixon,WR,NE,25,0,,WR-,0,0,0,0,0,0,0,0,0
13849,X,Cortez Braham,WR,BAL,26,0,,WR-,0,0,0,0,0,0,0,0,0
13850,X,Octavian Smith,WR,BAL,23,0,,WR-,0,0,0,0,0,0,0,0,0
13852,X,Dontae McMillan,RB,BAL,24,0,,RB-,0,0,0,0,0,0,0,0,0
13859,X,Jalen Walthall,WR,NYJ,23,0,,WR-,0,0,0,0,0,0,0,0,0
1386,X,Giovani Bernard,RB,,31,0,,RB-,0,0,0,0,0,0,0,0,0
13861,X,Daniel Sobkowicz,WR,HOU,23,0,,WR-,0,0,0,0,0,0,0,0,0
1387,X,Rex Burkhead,RB,,32,0,,RB-,0,0,0,0,0,0,0,0,0
13879,X,Jameson Geers,TE,ARI,23,0,,TE-,0,0,0,0,0,0,0,0,0
1388,X,Tyler Eifert,TE,,31,0,,TE-,0,0,0,0,0,0,0,0,0
13898,X,Corey Rucker,WR,LV,24,0,,WR-,0,0,0,0,0,0,0,0,0
1390,X,Cobi Hamilton,WR,,31,0,,WR-,0,0,0,0,0,0,0,0,0
13905,X,Omari Evans,WR,KC,22,0,,WR-,0,0,0,0,0,0,0,0,0
13909,X,Elijah Tau-Tolliver,RB,BAL,23,0,,RB-,0,0,0,0,0,0,0,0,0
13916,X,Xavier Loyd,WR,KC,23,0,,WR-,0,0,0,0,0,0,0,0,0
13920,X,Jonathan Brady,WR,,22,0,,WR-,0,0,0,0,0,0,0,0,0
13937,X,Jackson Acker,FB,BUF,23,0,,FB-,0,0,0,0,0,0,0,0,0
13946,X,Jamal Haynes,RB,CIN,23,0,,RB-,0,0,0,0,0,0,0,0,0
13949,X,Damon Bankston,RB,NYG,23,0,,RB-,0,0,0,0,0,0,0,0,0
13973,X,Keelan Marion,WR,ATL,26,0,,WR-,0,0,0,0,0,0,0,0,0
13975,X,Le'Meke Brockington,WR,ATL,24,0,,WR-,0,0,0,0,0,0,0,0,0
13981,X,Kolbe Katsis,WR,DEN,24,0,,WR-,0,0,0,0,0,0,0,0,0
14,X,Sidney Rice,WR,,31,0,,WR-,0,0,0,0,0,0,0,0,0
14008,X,Rodney Hammond,RB,DEN,23,0,,RB-,0,0,0,0,0,0,0,0,0
14031,X,Kyron Hudson,WR,CHI,24,0,,WR-,0,0,0,0,0,0,0,0,0
14037,X,Rashad Rochelle,WR,SEA,23,0,,WR-,0,0,0,0,0,0,0,0,0
14038,X,Trayvon Rudolph,WR,MIN,24,0,,WR-,0,0,0,0,0,0,0,0,0
14040,X,Terrill Davis,WR,MIN,22,0,,WR-,0,0,0,0,0,0,0,0,0
14044,X,Miles Davis,RB,CAR,26,0,,RB-,0,0,0,0,0,0,0,0,0
14047,X,Heinrich Haarberg,TE,,23,0,,TE-,0,0,0,0,0,0,0,0,0
14058,X,Malick Meiga,WR,CAR,25,0,,WR-,0,0,0,0,0,0,0,0,0
1406,X,Reggie Dunn,WR,,28,0,,WR-,0,0,0,0,0,0,0,0,0
14064,X,Roydell Williams,RB,IND,24,0,,RB-,0,0,0,0,0,0,0,0,0
1408,X,Le'Veon Bell,RB,TB,29,0,,RB-,0,0,0,0,0,0,0,0,0
1409,X,Justin Brown,WR,,26,0,,WR-,0,0,0,0,0,0,0,0,0
1411,X,Landry Jones,QB,,32,0,,QB-,0,0,0,0,0,0,0,0,0
1413,X,Markus Wheaton,WR,,30,0,,WR-,0,0,0,0,0,0,0,0,0
1418,X,Justin Hunter,WR,,30,0,,WR-,0,0,0,0,0,0,0,0,0
142,X,Tony Romo,QB,,40,0,,QB-,0,0,0,0,0,0,0,0,0
1424,X,Alan Bonner,WR,,26,0,,WR-,0,0,0,0,0,0,0,0,0
1425,X,Ryan Griffin,TE,,33,0,,TE-,0,0,0,0,0,0,0,0,0
1426,X,DeAndre Hopkins,WR,,33,0,Tom,WR-Tom,0,0,0,0,0,0,0,0,0
143,X,John Carlson,TE,,33,0,,TE-,0,0,0,0,0,0,0,0,0
1432,X,Jeremy Kelley,WR,,29,0,,WR-,0,0,0,0,0,0,0,0,0
1436,X,Justice Cunningham,TE,,29,0,,TE-,0,0,0,0,0,0,0,0,0
144,X,Matt Flynn,QB,,35,0,,QB-,0,0,0,0,0,0,0,0,0
1441,X,Kerwynn Williams,RB,,29,0,,RB-,0,0,0,0,0,0,0,0,0
1449,X,Denard Robinson,RB,,29,0,,RB-,0,0,0,0,0,0,0,0,0
145,X,Rashard Mendenhall,RB,,30,0,,RB-,0,0,0,0,0,0,0,0,0
1450,X,Ace Sanders,WR,,26,0,,WR-,0,0,0,0,0,0,0,0,0
1451,X,CJ Anderson,RB,,30,0,,RB-,0,0,0,0,0,0,0,0,0
1454,X,Montee Ball,RB,,27,0,,RB-,0,0,0,0,0,0,0,0,0
1455,X,Zac Dysert,QB,,31,0,,QB-,0,0,0,0,0,0,0,0,0
1456,X,Tavarres King,WR,,31,0,,WR-,0,0,0,0,0,0,0,0,0
1463,X,Knile Davis,RB,,28,0,,RB-,0,0,0,0,0,0,0,0,0
1468,X,Brian Leonhardt,TE,,30,0,,TE-,0,0,0,0,0,0,0,0,0
147,X,DeSean Jackson,WR,,36,0,,WR-,0,0,0,0,0,0,0,0,0
1471,X,Brice Butler,WR,,31,0,,WR-,0,0,0,0,0,0,0,0,0
1473,X,Nick Kasa,TE,,26,0,,TE-,0,0,0,0,0,0,0,0,0
1476,X,Latavius Murray,RB,,34,0,,RB-,0,0,0,0,0,0,0,0,0
1477,X,Mychal Rivera,TE,,30,0,,TE-,0,0,0,0,0,0,0,0,0
1479,X,Keenan Allen,WR,,33,0,Matt,WR-Matt,0,0,0,0,0,0,0,0,0
148,X,Andre Caldwell,WR,,35,0,,WR-,0,0,0,0,0,0,0,0,0
1481,X,Brad Sorensen,QB,,32,0,,QB-,0,0,0,0,0,0,0,0,0
1485,X,Gavin Escobar,TE,,30,0,,TE-,0,0,0,0,0,0,0,0,0
1487,X,Joseph Randle,RB,,28,0,,RB-,0,0,0,0,0,0,0,0,0
1490,X,Terrance Williams,WR,,32,0,,WR-,0,0,0,0,0,0,0,0,0
1491,X,Michael Cox,RB,,28,0,,RB-,0,0,0,0,0,0,0,0,0
1495,X,Ryan Nassib,QB,,30,0,,QB-,0,0,0,0,0,0,0,0,0
1500,X,Jordan Reed,TE,,31,0,,TE-,0,0,0,0,0,0,0,0,0
1502,X,Chris Thompson,RB,,31,0,,RB-,0,0,0,0,0,0,0,0,0
1503,X,Michael Ford,RB,,27,0,,RB-,0,0,0,0,0,0,0,0,0
1505,X,Josh Lenz,WR,,28,0,,WR-,0,0,0,0,0,0,0,0,0
151,X,Lavelle Hawkins,WR,,31,0,,WR-,0,0,0,0,0,0,0,0,0
1512,X,Marquess Wilson,WR,,28,0,,WR-,0,0,0,0,0,0,0,0,0
1514,X,Corey Fuller,WR,,30,0,,WR-,0,0,0,0,0,0,0,0,0
1517,X,Theo Riddick,RB,,30,0,,RB-,0,0,0,0,0,0,0,0,0
1520,X,Michael Williams,TE,,30,0,,TE-,0,0,0,0,0,0,0,0,0
1524,X,Kevin Dorsey,WR,,27,0,,WR-,0,0,0,0,0,0,0,0,0
1527,X,Eddie Lacy,RB,,30,0,,RB-,0,0,0,0,0,0,0,0,0
1530,X,Charles Johnson,WR,,31,0,,WR-,0,0,0,0,0,0,0,0,0
1535,X,Cordarrelle Patterson,RB,,34,0,Ricky,RB-Ricky,0,0,0,0,0,0,0,0,0
154,X,Tarvaris Jackson,QB,,37,0,,QB-,0,0,0,0,0,0,0,0,0
1544,X,Sean Renfree,QB,,30,0,,QB-,0,0,0,0,0,0,0,0,0
1546,X,Kenjon Barner,RB,,33,0,,RB-,0,0,0,0,0,0,0,0,0
155,X,Jerricho Cotchery,WR,,38,0,,WR-,0,0,0,0,0,0,0,0,0
1550,X,Ryan Griffin,QB,,33,0,,QB-,0,0,0,0,0,0,0,0,0
1551,X,Austin Johnson,FB,,31,0,,FB-,0,0,0,0,0,0,0,0,0
1555,X,Kenny Stills,WR,,30,0,,WR-,0,0,0,0,0,0,0,0,0
1559,X,Mike Glennon,QB,,33,0,,QB-,0,0,0,0,0,0,0,0,0
1560,X,Mike James,RB,,29,0,,RB-,0,0,0,0,0,0,0,0,0
1564,X,Benny Cunningham,RB,,31,0,,RB-,0,0,0,0,0,0,0,0,0
1567,X,Tavon Austin,WR,,32,0,,WR-,0,0,0,0,0,0,0,0,0
1568,X,Stedman Bailey,WR,,29,0,,WR-,0,0,0,0,0,0,0,0,0
157,X,Vince Young,QB,,35,0,,QB-,0,0,0,0,0,0,0,0,0
1573,X,Zac Stacy,RB,,29,0,,RB-,0,0,0,0,0,0,0,0,0
1575,X,Andre Ellington,RB,,31,0,,RB-,0,0,0,0,0,0,0,0,0
1579,X,Stepfan Taylor,RB,,29,0,,RB-,0,0,0,0,0,0,0,0,0
1584,X,BJ Daniels,WR,,30,0,,WR-,0,0,0,0,0,0,0,0,0
1587,X,Vance McDonald,TE,,31,0,,TE-,0,0,0,0,0,0,0,0,0
1589,X,Quinton Patton,WR,,30,0,,WR-,0,0,0,0,0,0,0,0,0
1592,X,Darren Fells,TE,TB,35,0,,TE-,0,0,0,0,0,0,0,0,0
1595,X,Chris Harper,WR,,29,0,,WR-,0,0,0,0,0,0,0,0,0
1596,X,Christine Michael,RB,,31,0,,RB-,0,0,0,0,0,0,0,0,0
16,X,Ray Rice,RB,,31,0,,RB-,0,0,0,0,0,0,0,0,0
1601,X,Spencer Ware,RB,,30,0,,RB-,0,0,0,0,0,0,0,0,0
1603,X,Luke Willson,TE,,31,0,,TE-,0,0,0,0,0,0,0,0,0
1604,X,Nick Williams,WR,DEN,32,0,,WR-,0,0,0,0,0,0,0,0,0
1605,X,Emory Blake,WR,,26,0,,WR-,0,0,0,0,0,0,0,0,0
1609,X,Chris Pantale,TE,,31,0,,TE-,0,0,0,0,0,0,0,0,0
1610,X,Ryan Spadola,WR,,30,0,,WR-,0,0,0,0,0,0,0,0,0
1611,X,Jordan Campbell,FB,,29,0,,FB-,0,0,0,0,0,0,0,0,0
1612,X,Tyler Bray,QB,,30,0,,QB-,0,0,0,0,0,0,0,0,0
1614,X,Frankie Hammond,WR,,30,0,,WR-,0,0,0,0,0,0,0,0,0
1618,X,Rico Richardson,WR,,29,0,,WR-,0,0,0,0,0,0,0,0,0
1619,X,Demetrius Harris,TE,,30,0,,TE-,0,0,0,0,0,0,0,0,0
1624,X,Michael Hill,RB,,28,0,,RB-,0,0,0,0,0,0,0,0,0
1627,X,Skye Dawson,WR,,34,0,,WR-,0,0,0,0,0,0,0,0,0
1628,X,Joseph Fauria,TE,,30,0,,TE-,0,0,0,0,0,0,0,0,0
1631,X,Rodney Smith,WR,,30,0,,WR-,0,0,0,0,0,0,0,0,0
1635,X,Timothy Wright,TE,,30,0,,TE-,0,0,0,0,0,0,0,0,0
1636,X,MarQueis Gray,TE,,30,0,,TE-,0,0,0,0,0,0,0,0,0
1642,X,Levine Toilolo,TE,NYG,30,0,,TE-,0,0,0,0,0,0,0,0,0
1644,X,Jeff Tuel,QB,,26,0,,QB-,0,0,0,0,0,0,0,0,0
165,X,Brandon Bostick,TE,,32,0,,TE-,0,0,0,0,0,0,0,0,0
1650,X,Cameron Marshall,RB,,26,0,,RB-,0,0,0,0,0,0,0,0,0
1652,X,Terrell Sinkfield,WR,,31,0,,WR-,0,0,0,0,0,0,0,0,0
1654,X,Zach Sudfeld,TE,,29,0,,TE-,0,0,0,0,0,0,0,0,0
1655,X,Kenbrell Thompkins,WR,,32,0,,WR-,0,0,0,0,0,0,0,0,0
166,X,Josh Cribbs,WR,,38,0,,WR-,0,0,0,0,0,0,0,0,0
1664,X,Ryan Otten,TE,,27,0,,TE-,0,0,0,0,0,0,0,0,0
1665,X,Tobais Palmer,WR,,28,0,,WR-,0,0,0,0,0,0,0,0,0
167,X,Tom Brady,QB,,45,0,,QB-,0,0,0,0,0,0,0,0,0
1671,X,Kendall Gaskins,RB,,29,0,,RB-,0,0,0,0,0,0,0,0,0
1673,X,Da'Rick Rogers,WR,,26,0,,WR-,0,0,0,0,0,0,0,0,0
1675,X,Marlon Brown,WR,,29,0,,WR-,0,0,0,0,0,0,0,0,0
1678,X,Uzoma Nwachukwu,WR,,31,0,,WR-,0,0,0,0,0,0,0,0,0
1681,X,George Winn,RB,,29,0,,RB-,0,0,0,0,0,0,0,0,0
1682,X,Cierre Wood,RB,,29,0,,RB-,0,0,0,0,0,0,0,0,0
1684,X,Jaron Brown,WR,,32,0,,WR-,0,0,0,0,0,0,0,0,0
1689,X,Adam Thielen,WR,,35,0,Tristan,WR-Tristan,0,0,0,0,0,0,0,0,0
169,X,Steve Smith,WR,,41,0,,WR-,0,0,0,0,0,0,0,0,0
1691,X,Chuck Jacobs,WR,,28,0,,WR-,0,0,0,0,0,0,0,0,0
1693,X,Zach Line,FB,,31,0,,FB-,0,0,0,0,0,0,0,0,0
1698,X,Jonas Gray,RB,,30,0,,RB-,0,0,0,0,0,0,0,0,0
1699,X,Brian Tyms,WR,,29,0,,WR-,0,0,0,0,0,0,0,0,0
1701,X,Eric Rogers,WR,,30,0,,WR-,0,0,0,0,0,0,0,0,0
1704,X,Chase Reynolds,RB,,32,0,,RB-,0,0,0,0,0,0,0,0,0
1706,X,Jack Doyle,TE,IND,31,0,,TE-,0,0,0,0,0,0,0,0,0
1709,X,Fozzy Whittaker,RB,,31,0,,RB-,0,0,0,0,0,0,0,0,0
171,X,Zach Miller,TE,,31,0,,TE-,0,0,0,0,0,0,0,0,0
1715,X,Cooper Helfet,TE,,31,0,,TE-,0,0,0,0,0,0,0,0,0
1716,X,Derrick Coleman,FB,,31,0,,FB-,0,0,0,0,0,0,0,0,0
1718,X,Derek Carrier,TE,,31,0,,TE-,0,0,0,0,0,0,0,0,0
1720,X,Khiry Robinson,RB,,30,0,,RB-,0,0,0,0,0,0,0,0,0
1724,X,Rashad Ross,WR,,30,0,,WR-,0,0,0,0,0,0,0,0,0
1726,X,Eric Kettani,FB,,30,0,,FB-,0,0,0,0,0,0,0,0,0
173,X,Andy Tanner,WR,,29,0,,WR-,0,0,0,0,0,0,0,0,0
1737,X,Case Keenum,QB,CHI,38,0,,QB-,0,0,0,0,0,0,0,0,0
1738,X,Matt Blanchard,QB,,28,0,,QB-,0,0,0,0,0,0,0,0,0
1739,X,Chase Ford,TE,,30,0,,TE-,0,0,0,0,0,0,0,0,0
1742,X,Brenton Bersin,WR,,30,0,,WR-,0,0,0,0,0,0,0,0,0
1743,X,Brittan Golden,WR,,32,0,,WR-,0,0,0,0,0,0,0,0,0
1747,X,Matthew McGloin,QB,,30,0,,QB-,0,0,0,0,0,0,0,0,0
1749,X,Jake Stoneburner,TE,,31,0,,TE-,0,0,0,0,0,0,0,0,0
175,X,Jordy Nelson,WR,,36,0,,WR-,0,0,0,0,0,0,0,0,0
1751,X,Toben Opurum,FB,,29,0,,FB-,0,0,0,0,0,0,0,0,0
1755,X,Keavon Milton,TE,,31,0,,TE-,0,0,0,0,0,0,0,0,0
1758,X,Kashif Moore,WR,,29,0,,WR-,0,0,0,0,0,0,0,0,0
1759,X,Larry Donnell,TE,,31,0,,TE-,0,0,0,0,0,0,0,0,0
176,X,Gary Barnidge,TE,,34,0,,TE-,0,0,0,0,0,0,0,0,0
1760,X,Jamie Childers,TE,,29,0,,TE-,0,0,0,0,0,0,0,0,0
1763,X,Greg Orton,WR,,30,0,,WR-,0,0,0,0,0,0,0,0,0
1765,X,Myles White,WR,,30,0,,WR-,0,0,0,0,0,0,0,0,0
1766,X,Jonathan Amosa,FB,,27,0,,FB-,0,0,0,0,0,0,0,0,0
177,X,Wes Welker,WR,,39,0,,WR-,0,0,0,0,0,0,0,0,0
1771,X,M Harris,WR,,28,0,,WR-,0,0,0,0,0,0,0,0,0
1772,X,J Talley,WR,,28,0,,WR-,0,0,0,0,0,0,0,0,0
1777,X,Josh Hill,TE,,31,0,,TE-,0,0,0,0,0,0,0,0,0
178,X,Matt Schaub,QB,,40,0,,QB-,0,0,0,0,0,0,0,0,0
1786,X,Lance Lewis,WR,,28,0,,WR-,0,0,0,0,0,0,0,0,0
1787,X,Phillip Supernaw,TE,,30,0,,TE-,0,0,0,0,0,0,0,0,0
179,X,Reggie Bush,RB,,35,0,,RB-,0,0,0,0,0,0,0,0,0
1790,X,Blake Annen,TE,,30,0,,TE-,0,0,0,0,0,0,0,0,0
1792,X,Kadron Boone,WR,,27,0,,WR-,0,0,0,0,0,0,0,0,0
1793,X,Trey Burton,TE,,30,0,,TE-,0,0,0,0,0,0,0,0,0
1794,X,David Fluellen,RB,,29,0,,RB-,0,0,0,0,0,0,0,0,0
1798,X,Josh Huff,WR,,28,0,,WR-,0,0,0,0,0,0,0,0,0
1800,X,Jordan Matthews,TE,,32,0,,TE-,0,0,0,0,0,0,0,0,0
1801,X,Quron Pratt,WR,,26,0,,WR-,0,0,0,0,0,0,0,0,0
1807,X,Matt Simms,QB,,33,0,,QB-,0,0,0,0,0,0,0,0,0
181,X,Drew Stanton,QB,,37,0,,QB-,0,0,0,0,0,0,0,0,0
1817,X,Sammy Watkins,WR,,29,0,,WR-,0,0,0,0,0,0,0,0,0
1819,X,Orleans Darkwa,RB,,28,0,,RB-,0,0,0,0,0,0,0,0,0
182,X,Mike Tolbert,FB,,34,0,,FB-,0,0,0,0,0,0,0,0,0
1821,X,Matt Hazel,WR,,28,0,,WR-,0,0,0,0,0,0,0,0,0
1825,X,Jarvis Landry,WR,,30,0,,WR-,0,0,0,0,0,0,0,0,0
1827,X,Arthur Lynch,TE,,28,0,,TE-,0,0,0,0,0,0,0,0,0
1833,X,Damien Williams,RB,,31,0,,RB-,0,0,0,0,0,0,0,0,0
1837,X,Jimmy Garoppolo,QB,,34,0,,QB-,0,0,0,0,0,0,0,0,0
184,X,Adrian Peterson,RB,,37,0,,RB-,0,0,0,0,0,0,0,0,0
1841,X,Stephen Houston,RB,,30,0,,RB-,0,0,0,0,0,0,0,0,0
1842,X,Derrick Johnson,WR,,33,0,,WR-,0,0,0,0,0,0,0,0,0
1848,X,James White,RB,,30,0,,RB-,0,0,0,0,0,0,0,0,0
1849,X,Jace Amaro,TE,,29,0,,TE-,0,0,0,0,0,0,0,0,0
1850,X,Tajh Boyd,QB,,26,0,,QB-,0,0,0,0,0,0,0,0,0
1854,X,Quincy Enunwa,WR,,29,0,,WR-,0,0,0,0,0,0,0,0,0
1855,X,Shaquelle Evans,WR,,30,0,,WR-,0,0,0,0,0,0,0,0,0
1862,X,Jalen Saunders,WR,,25,0,,WR-,0,0,0,0,0,0,0,0,0
1865,X,Jeremy Butler,WR,,29,0,,WR-,0,0,0,0,0,0,0,0,0
1866,X,Michael Campanaro,WR,,29,0,,WR-,0,0,0,0,0,0,0,0,0
1867,X,Jace Davis,WR,,26,0,,WR-,0,0,0,0,0,0,0,0,0
1868,X,Crockett Gillmore,TE,,28,0,,TE-,0,0,0,0,0,0,0,0,0
188,X,Eli Manning,QB,,39,0,,QB-,0,0,0,0,0,0,0,0,0
1880,X,Lorenzo Taliaferro,RB,,28,0,,RB-,0,0,0,0,0,0,0,0,0
1883,X,Keith Wenning,QB,,29,0,,QB-,0,0,0,0,0,0,0,0,0
1891,X,Ryan Hewitt,TE,,30,0,,TE-,0,0,0,0,0,0,0,0,0
1892,X,Jeremy Hill,RB,,29,0,,RB-,0,0,0,0,0,0,0,0,0
1894,X,Colin Lockett,WR,,26,0,,WR-,0,0,0,0,0,0,0,0,0
1895,X,AJ McCarron,QB,,33,0,,QB-,0,0,0,0,0,0,0,0,0
1897,X,Nikita Whitlock,FB,,29,0,,FB-,0,0,0,0,0,0,0,0,0
1898,X,James Wright,WR,,30,0,,WR-,0,0,0,0,0,0,0,0,0
1899,X,Ray Agnew,FB,,24,0,,FB-,0,0,0,0,0,0,0,0,0
1901,X,Isaiah Crowell,RB,,29,0,,RB-,0,0,0,0,0,0,0,0,0
1903,X,Taylor Gabriel,WR,,30,0,,WR-,0,0,0,0,0,0,0,0,0
1906,X,Jonathan Krause,WR,,28,0,,WR-,0,0,0,0,0,0,0,0,0
1907,X,Johnny Manziel,QB,,27,0,,QB-,0,0,0,0,0,0,0,0,0
1910,X,Connor Shaw,QB,,30,0,,QB-,0,0,0,0,0,0,0,0,0
1911,X,Willie Snead,WR,,31,0,,WR-,0,0,0,0,0,0,0,0,0
1912,X,Terrance West,RB,,29,0,,RB-,0,0,0,0,0,0,0,0,0
1914,X,Dri Archer,RB,,29,0,,RB-,0,0,0,0,0,0,0,0,0
1915,X,Rob Blanchflower,TE,,27,0,,TE-,0,0,0,0,0,0,0,0,0
1916,X,Martavis Bryant,WR,,32,0,,WR-,0,0,0,0,0,0,0,0,0
1928,X,Antonio Andrews,RB,,28,0,,RB-,0,0,0,0,0,0,0,0,0
1935,X,Zach Mettenberger,QB,,29,0,,QB-,0,0,0,0,0,0,0,0,0
1937,X,Bishop Sankey,RB,,28,0,,RB-,0,0,0,0,0,0,0,0,0
1938,X,Josh Stewart,WR,,24,0,,WR-,0,0,0,0,0,0,0,0,0
1939,X,Derel Walker,WR,,30,0,,WR-,0,0,0,0,0,0,0,0,0
194,X,Reggie Wayne,WR,,39,0,,WR-,0,0,0,0,0,0,0,0,0
1944,X,Alfred Blue,RB,,30,0,,RB-,0,0,0,0,0,0,0,0,0
1948,X,Anthony Denham,TE,,30,0,,TE-,0,0,0,0,0,0,0,0,0
195,X,Courtney Roby,WR,,34,0,,WR-,0,0,0,0,0,0,0,0,0
1951,X,CJ Fiedorowicz,TE,,28,0,,TE-,0,0,0,0,0,0,0,0,0
1953,X,Travis Labhart,WR,,26,0,,WR-,0,0,0,0,0,0,0,0,0
1956,X,Jay Prosch,FB,,28,0,,FB-,0,0,0,0,0,0,0,0,0
1957,X,Tom Savage,QB,,31,0,,QB-,0,0,0,0,0,0,0,0,0
1966,X,Ryan Lankford,WR,,25,0,,WR-,0,0,0,0,0,0,0,0,0
1967,X,Seth Lobato,QB,,26,0,,QB-,0,0,0,0,0,0,0,0,0
1971,X,Donte Moncrief,WR,,28,0,,WR-,0,0,0,0,0,0,0,0,0
1975,X,Erik Swoope,TE,,29,0,,TE-,0,0,0,0,0,0,0,0,0
1976,X,Zurlon Tipton,RB,,30,0,,RB-,0,0,0,0,0,0,0,0,0
1978,X,Tony Washington,WR,,29,0,,WR-,0,0,0,0,0,0,0,0,0
1979,X,Blake Bortles,QB,NO,29,0,,QB-,0,0,0,0,0,0,0,0,0
198,X,Kellen Clemens,QB,,37,0,,QB-,0,0,0,0,0,0,0,0,0
1983,X,Damian Copeland,WR,,27,0,,WR-,0,0,0,0,0,0,0,0,0
1984,X,Allen Hurns,WR,MIA,30,0,,WR-,0,0,0,0,0,0,0,0,0
1985,X,Marcel Jensen,TE,,30,0,,TE-,0,0,0,0,0,0,0,0,0
1986,X,Storm Johnson,RB,,29,0,,RB-,0,0,0,0,0,0,0,0,0
1987,X,Marqise Lee,WR,,30,0,,WR-,0,0,0,0,0,0,0,0,0
1990,X,Stephen Morris,QB,,28,0,,QB-,0,0,0,0,0,0,0,0,0
1992,X,Allen Robinson,WR,,31,0,,WR-,0,0,0,0,0,0,0,0,0
200,X,Vernon Davis,TE,,37,0,,TE-,0,0,0,0,0,0,0,0,0
2001,X,Kapri Bibbs,RB,,29,0,,RB-,0,0,0,0,0,0,0,0,0
2002,X,Isaiah Burse,WR,,30,0,,WR-,0,0,0,0,0,0,0,0,0
2003,X,Bennie Fowler,WR,,30,0,,WR-,0,0,0,0,0,0,0,0,0
2004,X,Cody Latimer,WR,,29,0,,WR-,0,0,0,0,0,0,0,0,0
2007,X,Bryn Renner,QB,,30,0,,QB-,0,0,0,0,0,0,0,0,0
201,X,Marques Colston,WR,,37,0,,WR-,0,0,0,0,0,0,0,0,0
2011,X,Juwan Thompson,RB,,28,0,,RB-,0,0,0,0,0,0,0,0,0
2019,X,Aaron Murray,QB,,29,0,,QB-,0,0,0,0,0,0,0,0,0
2023,X,De'Anthony Thomas,WR,,29,0,,WR-,0,0,0,0,0,0,0,0,0
2024,X,Charcandrick West,RB,,30,0,,RB-,0,0,0,0,0,0,0,0,0
2025,X,Albert Wilson,WR,,30,0,,WR-,0,0,0,0,0,0,0,0,0
2026,X,George Atkinson,RB,,29,0,,RB-,0,0,0,0,0,0,0,0,0
2028,X,Derek Carr,QB,,34,0,Jeremy,QB-Jeremy,0,0,0,0,0,0,0,0,0
203,X,Jacoby Jones,WR,,36,0,,WR-,0,0,0,0,0,0,0,0,0
2038,X,Jake Murphy,TE,,27,0,,TE-,0,0,0,0,0,0,0,0,0
2039,X,Seth Roberts,WR,,30,0,,WR-,0,0,0,0,0,0,0,0,0
2040,X,Scott Simonson,TE,,29,0,,TE-,0,0,0,0,0,0,0,0,0
2041,X,Torrence Allen,WR,,27,0,,WR-,0,0,0,0,0,0,0,0,0
2044,X,Brelan Chancellor,WR,,33,0,,WR-,0,0,0,0,0,0,0,0,0
2048,X,Marion Grice,RB,,25,0,,RB-,0,0,0,0,0,0,0,0,0
2049,X,Javontee Herndon,WR,,29,0,,WR-,0,0,0,0,0,0,0,0,0
2050,X,Branden Oliver,RB,,29,0,,RB-,0,0,0,0,0,0,0,0,0
2052,X,Tevin Reese,WR,,26,0,,WR-,0,0,0,0,0,0,0,0,0
2058,X,Chris Boyd,WR,,25,0,,WR-,0,0,0,0,0,0,0,0,0
2060,X,JC Copeland,FB,,26,0,,FB-,0,0,0,0,0,0,0,0,0
2065,X,Ben Malena,RB,,25,0,,RB-,0,0,0,0,0,0,0,0,0
2073,X,Keith Smith,FB,,32,0,,FB-,0,0,0,0,0,0,0,0,0
2074,X,Devin Street,WR,,29,0,,WR-,0,0,0,0,0,0,0,0,0
2075,X,Dustin Vaughan,QB,,30,0,,QB-,0,0,0,0,0,0,0,0,0
2076,X,L'Damian Washington,WR,,31,0,,WR-,0,0,0,0,0,0,0,0,0
2078,X,Odell Beckham,WR,NYG,33,0,Matt,WR-Matt,0,0,0,0,0,0,0,0,0
208,X,Josh McCown,QB,,42,0,,QB-,0,0,0,0,0,0,0,0,0
2082,X,Xavier Grimble,TE,,29,0,,TE-,0,0,0,0,0,0,0,0,0
2088,X,Andre Williams,RB,,28,0,,RB-,0,0,0,0,0,0,0,0,0
2090,X,Ted Bolser,TE,,26,0,,TE-,0,0,0,0,0,0,0,0,0
2093,X,Ryan Grant,WR,,31,0,,WR-,0,0,0,0,0,0,0,0,0
2095,X,Rashad Lawrence,WR,,28,0,,WR-,0,0,0,0,0,0,0,0,0
2100,X,Silas Redd,RB,,26,0,,RB-,0,0,0,0,0,0,0,0,0
2101,X,Lache Seastrunk,RB,,27,0,,RB-,0,0,0,0,0,0,0,0,0
2104,X,Ka'Deem Carey,RB,,27,0,,RB-,0,0,0,0,0,0,0,0,0
2106,X,David Fales,QB,,31,0,,QB-,0,0,0,0,0,0,0,0,0
2114,X,Senorise Perry,RB,,30,0,,RB-,0,0,0,0,0,0,0,0,0
2118,X,Eric Ebron,TE,PIT,28,0,,TE-,0,0,0,0,0,0,0,0,0
2119,X,James Franklin,QB,,34,0,,QB-,0,0,0,0,0,0,0,0,0
2121,X,TJ Jones,WR,,29,0,,WR-,0,0,0,0,0,0,0,0,0
2124,X,Jacob Maxwell,TE,,26,0,,TE-,0,0,0,0,0,0,0,0,0
2125,X,Andrew Peacock,WR,,26,0,,WR-,0,0,0,0,0,0,0,0,0
2129,X,Jordan Thompson,TE,,28,0,,TE-,0,0,0,0,0,0,0,0,0
2132,X,Jared Abbrederis,WR,,29,0,,WR-,0,0,0,0,0,0,0,0,0
2140,X,Jeff Janis,WR,,29,0,,WR-,0,0,0,0,0,0,0,0,0
2142,X,Rajion Neal,RB,,29,0,,RB-,0,0,0,0,0,0,0,0,0
2144,X,Justin Perillo,TE,,29,0,,TE-,0,0,0,0,0,0,0,0,0
2145,X,Chase Rettig,QB,,25,0,,QB-,0,0,0,0,0,0,0,0,0
2146,X,Richard Rodgers,TE,,31,0,,TE-,0,0,0,0,0,0,0,0,0
215,X,Jason Snelling,RB,,33,0,,RB-,0,0,0,0,0,0,0,0,0
2152,X,Teddy Bridgewater,QB,DET,33,0,,QB-,0,0,0,0,0,0,0,0,0
2153,X,Kain Colter,WR,,27,0,,WR-,0,0,0,0,0,0,0,0,0
2158,X,Donte Foster,WR,,27,0,,WR-,0,0,0,0,0,0,0,0,0
2161,X,Jerick McKinnon,RB,,32,0,Luc,RB-Luc,0,0,0,0,0,0,0,0,0
2165,X,Dominique Williams,RB,,29,0,,RB-,0,0,0,0,0,0,0,0,0
2168,X,Devonta Freeman,RB,,30,0,,RB-,0,0,0,0,0,0,0,0,0
2171,X,Freddie Martino,WR,,30,0,,WR-,0,0,0,0,0,0,0,0,0
2174,X,Roosevelt Nix,FB,,29,0,,FB-,0,0,0,0,0,0,0,0,0
2175,X,Bernard Reedy,WR,,30,0,,WR-,0,0,0,0,0,0,0,0,0
2177,X,Jerome Smith,RB,,26,0,,RB-,0,0,0,0,0,0,0,0,0
218,X,Jonathan Stewart,RB,,34,0,,RB-,0,0,0,0,0,0,0,0,0
2182,X,Kelvin Benjamin,WR,,30,0,,WR-,0,0,0,0,0,0,0,0,0
2185,X,Corey Brown,WR,,28,0,,WR-,0,0,0,0,0,0,0,0,0
2189,X,Tyler Gaffney,RB,,30,0,,RB-,0,0,0,0,0,0,0,0,0
2191,X,Marcus Lucas,WR,,29,0,,WR-,0,0,0,0,0,0,0,0,0
2193,X,Darrin Reaves,RB,,28,0,,RB-,0,0,0,0,0,0,0,0,0
2196,X,Brandon Coleman,WR,,28,0,,WR-,0,0,0,0,0,0,0,0,0
2197,X,Brandin Cooks,WR,,32,0,Shane,WR-Shane,0,0,0,0,0,0,0,0,0
2200,X,Timothy Flanders,RB,,33,0,,RB-,0,0,0,0,0,0,0,0,0
2202,X,Je'Ron Hamm,TE,,29,0,,TE-,0,0,0,0,0,0,0,0,0
2203,X,Nic Jacobs,TE,,28,0,,TE-,0,0,0,0,0,0,0,0,0
2205,X,Seantavius Jones,WR,,28,0,,WR-,0,0,0,0,0,0,0,0,0
221,X,Brent Celek,TE,,35,0,,TE-,0,0,0,0,0,0,0,0,0
2214,X,Cameron Brate,TE,,31,0,,TE-,0,0,0,0,0,0,0,0,0
2217,X,Robert Herron,WR,,25,0,,WR-,0,0,0,0,0,0,0,0,0
222,X,Josh Morgan,WR,,32,0,,WR-,0,0,0,0,0,0,0,0,0
2221,X,Solomon Patton,WR,,27,0,,WR-,0,0,0,0,0,0,0,0,0
2222,X,Austin Seferian-Jenkins,TE,,29,0,,TE-,0,0,0,0,0,0,0,0,0
2223,X,Charles Sims,RB,,29,0,,RB-,0,0,0,0,0,0,0,0,0
2225,X,Alex Bayer,TE,,27,0,,TE-,0,0,0,0,0,0,0,0,0
2229,X,Garrett Gilbert,QB,,32,0,,QB-,0,0,0,0,0,0,0,0,0
223,X,Larry Fitzgerald,WR,,38,0,,WR-,0,0,0,0,0,0,0,0,0
2231,X,Tre Mason,RB,,27,0,,RB-,0,0,0,0,0,0,0,0,0
2236,X,Trey Watts,RB,,29,0,,RB-,0,0,0,0,0,0,0,0,0
2238,X,John Brown,WR,,32,0,,WR-,0,0,0,0,0,0,0,0,0
2245,X,Troy Niklas,TE,,27,0,,TE-,0,0,0,0,0,0,0,0,0
2247,X,Walter Powell,WR,,28,0,,WR-,0,0,0,0,0,0,0,0,0
2251,X,Logan Thomas,TE,,33,0,,TE-,0,0,0,0,0,0,0,0,0
2252,X,Corey Washington,WR,,30,0,,WR-,0,0,0,0,0,0,0,0,0
2254,X,Asante Cleveland,TE,,28,0,,TE-,0,0,0,0,0,0,0,0,0
2255,X,Bruce Ellington,WR,,30,0,,WR-,0,0,0,0,0,0,0,0,0
2257,X,Carlos Hyde,RB,,31,0,,RB-,0,0,0,0,0,0,0,0,0
226,X,Antwaan Randle El,WR,,38,0,,WR-,0,0,0,0,0,0,0,0,0
2262,X,Trey Millard,RB,,30,0,,RB-,0,0,0,0,0,0,0,0,0
2268,X,Rashaun Allen,TE,,30,0,,TE-,0,0,0,0,0,0,0,0,0
2272,X,Chase Dixon,TE,,26,0,,TE-,0,0,0,0,0,0,0,0,0
2276,X,Kevin Norwood,WR,,30,0,,WR-,0,0,0,0,0,0,0,0,0
2279,X,Paul Richardson,WR,,29,0,,WR-,0,0,0,0,0,0,0,0,0
228,X,Fred Jackson,RB,,39,0,,RB-,0,0,0,0,0,0,0,0,0
2280,X,Kiero Small,FB,,28,0,,FB-,0,0,0,0,0,0,0,0,0
2282,X,Fitzgerald Toussaint,RB,,30,0,,RB-,0,0,0,0,0,0,0,0,0
2283,X,James Wilder,RB,,26,0,,RB-,0,0,0,0,0,0,0,0,0
2284,X,Fred Williams,WR,,29,0,,WR-,0,0,0,0,0,0,0,0,0
2291,X,Dontrelle Inman,WR,,32,0,,WR-,0,0,0,0,0,0,0,0,0
2292,X,Chris Matthews,WR,,30,0,,WR-,0,0,0,0,0,0,0,0,0
2293,X,Demitrius Bronson,RB,,27,0,,RB-,0,0,0,0,0,0,0,0,0
2295,X,Kevin Smith,WR,,28,0,,WR-,0,0,0,0,0,0,0,0,0
2297,X,Glenn Winston,RB,,31,0,,RB-,0,0,0,0,0,0,0,0,0
23,X,Jason Witten,TE,,39,0,,TE-,0,0,0,0,0,0,0,0,0
230,X,Robert Meachem,WR,,32,0,,WR-,0,0,0,0,0,0,0,0,0
2303,X,Josh Harris,RB,,26,0,,RB-,0,0,0,0,0,0,0,0,0
2304,X,Jerome Cunningham,TE,,30,0,,TE-,0,0,0,0,0,0,0,0,0
2309,X,Amari Cooper,WR,,31,0,Tristan,WR-Tristan,0,0,0,0,0,0,0,0,0
2312,X,Kevin White,WR,,30,0,,WR-,0,0,0,0,0,0,0,0,0
2315,X,Todd Gurley,RB,,27,0,,RB-,0,0,0,0,0,0,0,0,0
2319,X,DeVante Parker,WR,,31,0,,WR-,0,0,0,0,0,0,0,0,0
232,X,Frank Gore,RB,,38,0,,RB-,0,0,0,0,0,0,0,0,0
2320,X,Melvin Gordon,RB,,30,0,,RB-,0,0,0,0,0,0,0,0,0
2325,X,Nelson Agholor,WR,,31,0,Alex,WR-Alex,0,0,0,0,0,0,0,0,0
233,X,Matt Moore,QB,,37,0,,QB-,0,0,0,0,0,0,0,0,0
2331,X,Breshad Perriman,WR,,29,0,,WR-,0,0,0,0,0,0,0,0,0
2334,X,Phillip Dorsett,WR,LV,33,0,,WR-,0,0,0,0,0,0,0,0,0
2341,X,TJ Yeldon,RB,,28,0,,RB-,0,0,0,0,0,0,0,0,0
2342,X,Devin Smith,WR,,29,0,,WR-,0,0,0,0,0,0,0,0,0
2345,X,Dorial Green-Beckham,WR,,27,0,,WR-,0,0,0,0,0,0,0,0,0
2346,X,Devin Funchess,TE,,28,0,,TE-,0,0,0,0,0,0,0,0,0
2359,X,Ameer Abdullah,RB,JAX,33,0,Ricky,RB-Ricky,0,0,0,0,0,0,0,0,0
2360,X,Maxx Williams,TE,,28,0,,TE-,0,0,0,0,0,0,0,0,0
2373,X,Clive Walford,TE,,30,0,,TE-,0,0,0,0,0,0,0,0,0
2374,X,Tyler Lockett,WR,,33,0,Jeremy,WR-Jeremy,0,0,0,0,0,0,0,0,0
2375,X,Jaelen Strong,WR,,26,0,,WR-,0,0,0,0,0,0,0,0,0
2378,X,Tevin Coleman,RB,,29,0,,RB-,0,0,0,0,0,0,0,0,0
2380,X,Garrett Grayson,QB,,29,0,,QB-,0,0,0,0,0,0,0,0,0
2381,X,Chris Conley,WR,,32,0,,WR-,0,0,0,0,0,0,0,0,0
2382,X,Duke Johnson,RB,,29,0,,RB-,0,0,0,0,0,0,0,0,0
2390,X,Tyler Kroft,TE,,31,0,,TE-,0,0,0,0,0,0,0,0,0
2391,X,David Johnson,RB,,31,0,,RB-,0,0,0,0,0,0,0,0,0
2392,X,Sammie Coates,WR,,28,0,,WR-,0,0,0,0,0,0,0,0,0
2394,X,Sean Mannion,QB,,31,0,,QB-,0,0,0,0,0,0,0,0,0
2397,X,Jeff Heuerman,TE,,29,0,,TE-,0,0,0,0,0,0,0,0,0
2399,X,Ty Montgomery,RB,,30,0,,RB-,0,0,0,0,0,0,0,0,0
24,X,Matt Ryan,QB,,37,0,,QB-,0,0,0,0,0,0,0,0,0
240,X,Calvin Johnson,WR,,34,0,,WR-,0,0,0,0,0,0,0,0,0
2400,X,Matt Jones,RB,,27,0,,RB-,0,0,0,0,0,0,0,0,0
2408,X,Bryce Petty,QB,,29,0,,QB-,0,0,0,0,0,0,0,0,0
241,X,Spencer Larsen,RB,,33,0,,RB-,0,0,0,0,0,0,0,0,0
2410,X,Jamison Crowder,WR,,31,0,,WR-,0,0,0,0,0,0,0,0,0
2411,X,Jeremy Langford,RB,,30,0,,RB-,0,0,0,0,0,0,0,0,0
2412,X,Justin Hardy,WR,,30,0,,WR-,0,0,0,0,0,0,0,0,0
2413,X,Jalston Fowler,FB,,31,0,,FB-,0,0,0,0,0,0,0,0,0
2422,X,Blake Bell,TE,,32,0,,TE-,0,0,0,0,0,0,0,0,0
2428,X,Vince Mayle,TE,,29,0,,TE-,0,0,0,0,0,0,0,0,0
243,X,Ben Obomanu,WR,,33,0,,WR-,0,0,0,0,0,0,0,0,0
2430,X,Javorius Allen,RB,,30,0,,RB-,0,0,0,0,0,0,0,0,0
2431,X,Mike Davis,RB,,29,0,,RB-,0,0,0,0,0,0,0,0,0
2436,X,DeAndre Smelter,WR,,30,0,,WR-,0,0,0,0,0,0,0,0,0
2441,X,David Cobb,RB,,27,0,,RB-,0,0,0,0,0,0,0,0,0
2442,X,Rashad Greene,WR,,29,0,,WR-,0,0,0,0,0,0,0,0,0
2446,X,MyCole Pruitt,TE,,32,0,,TE-,0,0,0,0,0,0,0,0,0
2449,X,Stefon Diggs,WR,,32,0,Luc,WR-Luc,0,0,0,0,0,0,0,0,0
2450,X,Brett Hundley,QB,,29,0,,QB-,0,0,0,0,0,0,0,0,0
2452,X,Jay Ajayi,RB,,28,0,,RB-,0,0,0,0,0,0,0,0,0
2458,X,Karlos Williams,RB,,27,0,,RB-,0,0,0,0,0,0,0,0,0
246,X,Darren Sproles,RB,,38,0,,RB-,0,0,0,0,0,0,0,0,0
2460,X,CJ Uzomah,TE,,32,0,,TE-,0,0,0,0,0,0,0,0,0
2462,X,JJ Nelson,WR,,30,0,,WR-,0,0,0,0,0,0,0,0,0
2463,X,Jesse James,TE,,29,0,,TE-,0,0,0,0,0,0,0,0,0
2465,X,Kenny Bell,WR,,29,0,,WR-,0,0,0,0,0,0,0,0,0
247,X,Harry Douglas,WR,,36,0,,WR-,0,0,0,0,0,0,0,0,0
2471,X,Michael Burton,FB,CLE,34,0,,FB-,0,0,0,0,0,0,0,0,0
2474,X,Nick Boyle,TE,,29,0,,TE-,0,0,0,0,0,0,0,0,0
2476,X,James O'Shaughnessy,TE,,31,0,,TE-,0,0,0,0,0,0,0,0,0
2477,X,Cameron Artis-Payne,RB,,31,0,,RB-,0,0,0,0,0,0,0,0,0
2478,X,Keith Mumphery,WR,,28,0,,WR-,0,0,0,0,0,0,0,0,0
248,X,Luke McCown,QB,,40,0,,QB-,0,0,0,0,0,0,0,0,0
2485,X,Kaelin Clay,WR,,30,0,,WR-,0,0,0,0,0,0,0,0,0
2487,X,Geremy Davis,WR,,30,0,,WR-,0,0,0,0,0,0,0,0,0
2488,X,Evan Spencer,WR,,27,0,,WR-,0,0,0,0,0,0,0,0,0
2495,X,Nick O'Leary,TE,,29,0,,TE-,0,0,0,0,0,0,0,0,0
2496,X,Malcolm Johnson,FB,,29,0,,FB-,0,0,0,0,0,0,0,0,0
2499,X,Randall Telfer,TE,,29,0,,TE-,0,0,0,0,0,0,0,0,0
25,X,Jerome Felton,FB,,34,0,,FB-,0,0,0,0,0,0,0,0,0
250,X,Matt Spaeth,TE,,36,0,,TE-,0,0,0,0,0,0,0,0,0
2503,X,AJ Derby,TE,,30,0,,TE-,0,0,0,0,0,0,0,0,0
2505,X,Darren Waller,TE,,33,0,,TE-,0,0,0,0,0,0,0,0,0
2506,X,Josh Robinson,RB,,28,0,,RB-,0,0,0,0,0,0,0,0,0
2507,X,Aaron Ripkowski,FB,,27,0,,FB-,0,0,0,0,0,0,0,0,0
251,X,Montell Owens,FB,,33,0,,FB-,0,0,0,0,0,0,0,0,0
2514,X,Kennard Backman,TE,,27,0,,TE-,0,0,0,0,0,0,0,0,0
2519,X,Neal Sterling,TE,,29,0,,TE-,0,0,0,0,0,0,0,0,0
2520,X,Andre Debose,WR,,28,0,,WR-,0,0,0,0,0,0,0,0,0
2528,X,Ben Koyack,TE,,28,0,,TE-,0,0,0,0,0,0,0,0,0
2529,X,Marcus Murphy,RB,,30,0,,RB-,0,0,0,0,0,0,0,0,0
253,X,James Jones,WR,,36,0,,WR-,0,0,0,0,0,0,0,0,0
2530,X,Joey Iosefa,RB,,29,0,,RB-,0,0,0,0,0,0,0,0,0
2532,X,Da'Ron Brown,WR,,30,0,,WR-,0,0,0,0,0,0,0,0,0
2533,X,Dezmin Lewis,WR,,27,0,,WR-,0,0,0,0,0,0,0,0,0
2534,X,Kenny Hilliard,RB,,30,0,,RB-,0,0,0,0,0,0,0,0,0
2537,X,Mario Alford,WR,,28,0,,WR-,0,0,0,0,0,0,0,0,0
2544,X,Tre McBride,WR,,27,0,,WR-,0,0,0,0,0,0,0,0,0
2545,X,Geoff Swaim,TE,,31,0,,TE-,0,0,0,0,0,0,0,0,0
2549,X,Trevor Siemian,QB,,34,0,,QB-,0,0,0,0,0,0,0,0,0
2553,X,Rory Anderson,TE,,29,0,,TE-,0,0,0,0,0,0,0,0,0
2555,X,Gerald Christian,TE,,30,0,,TE-,0,0,0,0,0,0,0,0,0
2556,X,Terrence Magee,RB,,27,0,,RB-,0,0,0,0,0,0,0,0,0
2557,X,Jerry Lovelocke,QB,,32,0,,QB-,0,0,0,0,0,0,0,0,0
2559,X,EJ Bibbs,TE,,29,0,,TE-,0,0,0,0,0,0,0,0,0
2560,X,Zach Zenner,RB,,30,0,,RB-,0,0,0,0,0,0,0,0,0
2561,X,Anthony Boone,QB,,34,0,,QB-,0,0,0,0,0,0,0,0,0
2562,X,John Crockett,RB,,28,0,,RB-,0,0,0,0,0,0,0,0,0
2564,X,Duron Carter,WR,,26,0,,WR-,0,0,0,0,0,0,0,0,0
2565,X,Jean Sifrin,TE,,38,0,,TE-,0,0,0,0,0,0,0,0,0
2566,X,Tyler Varga,RB,,26,0,,RB-,0,0,0,0,0,0,0,0,0
2567,X,Bryan Bennett,QB,,32,0,,QB-,0,0,0,0,0,0,0,0,0
2569,X,Jake Waters,QB,,32,0,,QB-,0,0,0,0,0,0,0,0,0
2570,X,Donatella Luckett,WR,,34,0,,WR-,0,0,0,0,0,0,0,0,0
2571,X,Jeff Luc,TE,,26,0,,TE-,0,0,0,0,0,0,0,0,0
2573,X,DaVaris Daniels,WR,,32,0,,WR-,0,0,0,0,0,0,0,0,0
2576,X,Cody Fajardo,QB,,32,0,,QB-,0,0,0,0,0,0,0,0,0
2577,X,Devante Davis,WR,,32,0,,WR-,0,0,0,0,0,0,0,0,0
258,X,Ronnie Brown,RB,,35,0,,RB-,0,0,0,0,0,0,0,0,0
2580,X,Titus Davis,WR,,29,0,,WR-,0,0,0,0,0,0,0,0,0
2581,X,Jahwan Edwards,RB,,32,0,,RB-,0,0,0,0,0,0,0,0,0
2582,X,Cole Stoudt,QB,,33,0,,QB-,0,0,0,0,0,0,0,0,0
2583,X,Tyrell Williams,WR,,29,0,,WR-,0,0,0,0,0,0,0,0,0
2584,X,Austin Hill,WR,,27,0,,WR-,0,0,0,0,0,0,0,0,0
2585,X,Thomas Rawls,RB,,28,0,,RB-,0,0,0,0,0,0,0,0,0
2586,X,Dylan Thompson,QB,,28,0,,QB-,0,0,0,0,0,0,0,0,0
2587,X,Dres Anderson,WR,,29,0,,WR-,0,0,0,0,0,0,0,0,0
2588,X,Malcolm Brown,RB,,29,0,,RB-,0,0,0,0,0,0,0,0,0
2593,X,Antwan Goodley,WR,,30,0,,WR-,0,0,0,0,0,0,0,0,0
2594,X,Brandon Wegher,RB,,29,0,,RB-,0,0,0,0,0,0,0,0,0
2595,X,Tim Semisch,TE,,30,0,,TE-,0,0,0,0,0,0,0,0,0
2596,X,Wes Saxton,TE,,27,0,,TE-,0,0,0,0,0,0,0,0,0
2597,X,Michael Dyer,RB,,34,0,,RB-,0,0,0,0,0,0,0,0,0
2598,X,Terrell Watson,RB,,28,0,,RB-,0,0,0,0,0,0,0,0,0
2599,X,Bronson Hill,RB,,29,0,,RB-,0,0,0,0,0,0,0,0,0
260,X,Josh Johnson,QB,CIN,40,0,,QB-,0,0,0,0,0,0,0,0,0
2600,X,Ricky Seale,RB,,33,0,,RB-,0,0,0,0,0,0,0,0,0
2601,X,Andre Davis,WR,,25,0,,WR-,0,0,0,0,0,0,0,0,0
2602,X,Darius Jennings,WR,,29,0,,WR-,0,0,0,0,0,0,0,0,0
2603,X,Shane Wynn,WR,,29,0,,WR-,0,0,0,0,0,0,0,0,0
2604,X,Manasseh Garner,WR,,29,0,,WR-,0,0,0,0,0,0,0,0,0
2609,X,RJ Archer,QB,,30,0,,QB-,0,0,0,0,0,0,0,0,0
2611,X,Kasen Williams,WR,,27,0,,WR-,0,0,0,0,0,0,0,0,0
2615,X,Doug McNeil,WR,,30,0,,WR-,0,0,0,0,0,0,0,0,0
2620,X,Jake Heaps,QB,,30,0,,QB-,0,0,0,0,0,0,0,0,0
2621,X,Terron Ward,RB,,28,0,,RB-,0,0,0,0,0,0,0,0,0
2632,X,Desmond Martin,RB,,32,0,,RB-,0,0,0,0,0,0,0,0,0
2633,X,Trey Williams,RB,,27,0,,RB-,0,0,0,0,0,0,0,0,0
2634,X,Mack Brown,RB,,30,0,,RB-,0,0,0,0,0,0,0,0,0
2635,X,Vernon Johnson,WR,,32,0,,WR-,0,0,0,0,0,0,0,0,0
2636,X,Jarred Haggins,WR,,33,0,,WR-,0,0,0,0,0,0,0,0,0
2637,X,Casey Pierce,TE,,27,0,,TE-,0,0,0,0,0,0,0,0,0
2638,X,Reggie Bell,WR,,26,0,,WR-,0,0,0,0,0,0,0,0,0
2639,X,Tony Jones,WR,,32,0,,WR-,0,0,0,0,0,0,0,0,0
264,X,Greg Jennings,WR,,36,0,,WR-,0,0,0,0,0,0,0,0,0
2651,X,Phillip Sims,QB,,32,0,,QB-,0,0,0,0,0,0,0,0,0
2652,X,Dreamius Smith,RB,,28,0,,RB-,0,0,0,0,0,0,0,0,0
2653,X,Brian Parker,TE,,29,0,,TE-,0,0,0,0,0,0,0,0,0
2654,X,Jaxon Shipley,WR,,26,0,,WR-,0,0,0,0,0,0,0,0,0
2658,X,Ryan Mueller,FB,,33,0,,FB-,0,0,0,0,0,0,0,0,0
2672,X,Damarr Aultman,WR,,33,0,,WR-,0,0,0,0,0,0,0,0,0
2673,X,Damiere Byrd,WR,,31,0,,WR-,0,0,0,0,0,0,0,0,0
2674,X,Paul Browning,WR,,32,0,,WR-,0,0,0,0,0,0,0,0,0
268,X,Alex Smith,QB,,37,0,,QB-,0,0,0,0,0,0,0,0,0
2682,X,Christion Jones,WR,,25,0,,WR-,0,0,0,0,0,0,0,0,0
2684,X,Corbin Louks,WR,,35,0,,WR-,0,0,0,0,0,0,0,0,0
2685,X,Jordan Taylor,WR,,29,0,,WR-,0,0,0,0,0,0,0,0,0
2686,X,Khari Lee,TE,,29,0,,TE-,0,0,0,0,0,0,0,0,0
2687,X,Chandler Worthy,WR,,27,0,,WR-,0,0,0,0,0,0,0,0,0
269,X,Pierre Garcon,WR,,35,0,,WR-,0,0,0,0,0,0,0,0,0
2698,X,Abou Toure,RB,,27,0,,RB-,0,0,0,0,0,0,0,0,0
2699,X,Cameron Meredith,WR,,29,0,,WR-,0,0,0,0,0,0,0,0,0
270,X,Lance Moore,WR,,37,0,,WR-,0,0,0,0,0,0,0,0,0
2700,X,Levi Norwood,WR,,26,0,,WR-,0,0,0,0,0,0,0,0,0
2701,X,AJ Cruz,WR,,27,0,,WR-,0,0,0,0,0,0,0,0,0
2702,X,John Chiles,WR,,29,0,,WR-,0,0,0,0,0,0,0,0,0
2703,X,Ezell Ruffin,WR,,32,0,,WR-,0,0,0,0,0,0,0,0,0
2711,X,Taylor Heinicke,QB,,32,0,,QB-,0,0,0,0,0,0,0,0,0
2712,X,Blake Renaud,RB,,26,0,,RB-,0,0,0,0,0,0,0,0,0
2713,X,Josh Harper,WR,,33,0,,WR-,0,0,0,0,0,0,0,0,0
2714,X,Gabe Holmes,TE,,30,0,,TE-,0,0,0,0,0,0,0,0,0
272,X,Chris Johnson,RB,,34,0,,RB-,0,0,0,0,0,0,0,0,0
2721,X,Chris Harper,WR,,26,0,,WR-,0,0,0,0,0,0,0,0,0
2722,X,Jimmay Mundine,TE,,26,0,,TE-,0,0,0,0,0,0,0,0,0
2723,X,RJ Harris,WR,,26,0,,WR-,0,0,0,0,0,0,0,0,0
2729,X,Corey Grant,RB,,30,0,,RB-,0,0,0,0,0,0,0,0,0
2730,X,Kenneth Harper,RB,,32,0,,RB-,0,0,0,0,0,0,0,0,0
2731,X,Akeem Hunt,RB,,27,0,,RB-,0,0,0,0,0,0,0,0,0
2732,X,Connor Hamlett,TE,,29,0,,TE-,0,0,0,0,0,0,0,0,0
2733,X,Kasey Closs,WR,,32,0,,WR-,0,0,0,0,0,0,0,0,0
2748,X,Kevin Monangai,RB,,25,0,,RB-,0,0,0,0,0,0,0,0,0
2749,X,Raheem Mostert,RB,,33,0,Joe,RB-Joe,0,0,0,0,0,0,0,0,0
2750,X,DeAndre Carter,WR,,32,0,,WR-,0,0,0,0,0,0,0,0,0
2751,X,Daniel Brown,TE,,29,0,,TE-,0,0,0,0,0,0,0,0,0
2752,X,Trent Steelman,WR,,35,0,,WR-,0,0,0,0,0,0,0,0,0
2753,X,Rasheed Bailey,WR,,28,0,,WR-,0,0,0,0,0,0,0,0,0
2754,X,Michael Johnson,WR,,33,0,,WR-,0,0,0,0,0,0,0,0,0
2755,X,Eric Tomlinson,TE,,32,0,,TE-,0,0,0,0,0,0,0,0,0
2756,X,Andrew Gleichert,TE,,33,0,,TE-,0,0,0,0,0,0,0,0,0
2766,X,Alonzo Harris,RB,,27,0,,RB-,0,0,0,0,0,0,0,0,0
2767,X,Jawon Chisholm,RB,,33,0,,RB-,0,0,0,0,0,0,0,0,0
2768,X,Braylon Heard,RB,,33,0,,RB-,0,0,0,0,0,0,0,0,0
2769,X,Larry Pinkard,WR,,29,0,,WR-,0,0,0,0,0,0,0,0,0
277,X,Daniel Fells,TE,,36,0,,TE-,0,0,0,0,0,0,0,0,0
2770,X,Harold Spears,TE,,32,0,,TE-,0,0,0,0,0,0,0,0,0
2771,X,Jimmie Hunt,WR,,34,0,,WR-,0,0,0,0,0,0,0,0,0
2772,X,Mitchell Henry,TE,,27,0,,TE-,0,0,0,0,0,0,0,0,0
2773,X,Tyler Murphy,WR,,28,0,,WR-,0,0,0,0,0,0,0,0,0
2774,X,Shakim Phillips,WR,,26,0,,WR-,0,0,0,0,0,0,0,0,0
278,X,Kevin Kolb,QB,,33,0,,QB-,0,0,0,0,0,0,0,0,0
2783,X,Kenzel Doe,WR,,32,0,,WR-,0,0,0,0,0,0,0,0,0
2785,X,Gus Johnson,RB,,28,0,,RB-,0,0,0,0,0,0,0,0,0
2786,X,Jarryd Hayne,RB,,32,0,,RB-,0,0,0,0,0,0,0,0,0
2787,X,David Porter,WR,,32,0,,WR-,0,0,0,0,0,0,0,0,0
2788,X,Nick Harwell,WR,,26,0,,WR-,0,0,0,0,0,0,0,0,0
2789,X,Lucky Whitehead,WR,,28,0,,WR-,0,0,0,0,0,0,0,0,0
279,X,Devin Hester,WR,,37,0,,WR-,0,0,0,0,0,0,0,0,0
2790,X,Nigel King,WR,,32,0,,WR-,0,0,0,0,0,0,0,0,0
2800,X,Mario Hull,WR,,32,0,,WR-,0,0,0,0,0,0,0,0,0
2801,X,DeAndrew White,WR,,30,0,,WR-,0,0,0,0,0,0,0,0,0
2803,X,Bradley Marquez,WR,,29,0,,WR-,0,0,0,0,0,0,0,0,0
2804,X,Andrew Turzilli,WR,,28,0,,WR-,0,0,0,0,0,0,0,0,0
2805,X,Deon Long,WR,,27,0,,WR-,0,0,0,0,0,0,0,0,0
2817,X,Daniel Rodriguez,WR,,37,0,,WR-,0,0,0,0,0,0,0,0,0
2820,X,Dominique Brown,RB,,33,0,,RB-,0,0,0,0,0,0,0,0,0
2821,X,Jake Kumerow,WR,,31,0,,WR-,0,0,0,0,0,0,0,0,0
2822,X,Adam Humphries,WR,,30,0,,WR-,0,0,0,0,0,0,0,0,0
2823,X,Rannell Hall,WR,,27,0,,WR-,0,0,0,0,0,0,0,0,0
2824,X,Donteea Dye,WR,,27,0,,WR-,0,0,0,0,0,0,0,0,0
2835,X,Paul Lasike,RB,,31,0,,RB-,0,0,0,0,0,0,0,0,0
2836,X,Kenny Cook,WR,,29,0,,WR-,0,0,0,0,0,0,0,0,0
2837,X,Travis Harvey,WR,,27,0,,WR-,0,0,0,0,0,0,0,0,0
2838,X,Trevor Harman,WR,,33,0,,WR-,0,0,0,0,0,0,0,0,0
284,X,Delanie Walker,TE,,37,0,,TE-,0,0,0,0,0,0,0,0,0
2845,X,Tevin Westbrook,TE,,27,0,,TE-,0,0,0,0,0,0,0,0,0
2846,X,Marquez Clark,WR,,33,0,,WR-,0,0,0,0,0,0,0,0,0
2848,X,Kyle Prater,WR,,26,0,,WR-,0,0,0,0,0,0,0,0,0
286,X,Dwayne Bowe,WR,,35,0,,WR-,0,0,0,0,0,0,0,0,0
2865,X,Julian Howsare,RB,,29,0,,RB-,0,0,0,0,0,0,0,0,0
2867,X,Mike McFarland,TE,,27,0,,TE-,0,0,0,0,0,0,0,0,0
287,X,Brad Smith,WR,,33,0,,WR-,0,0,0,0,0,0,0,0,0
2870,X,Ray Hamilton,TE,,32,0,,TE-,0,0,0,0,0,0,0,0,0
2871,X,Isaac Fruechte,WR,,30,0,,WR-,0,0,0,0,0,0,0,0,0
2875,X,Tony Creecy,RB,,32,0,,RB-,0,0,0,0,0,0,0,0,0
2876,X,Ed Williams,WR,,27,0,,WR-,0,0,0,0,0,0,0,0,0
2879,X,Isiah Ferguson,WR,,34,0,,WR-,0,0,0,0,0,0,0,0,0
2880,X,Zach Laskey,RB,,29,0,,RB-,0,0,0,0,0,0,0,0,0
2881,X,Tyler Slavin,WR,,26,0,,WR-,0,0,0,0,0,0,0,0,0
2886,X,Justin Sinz,TE,,33,0,,TE-,0,0,0,0,0,0,0,0,0
2887,X,Quan Bray,WR,,27,0,,WR-,0,0,0,0,0,0,0,0,0
289,X,Drew Brees,QB,,42,0,,QB-,0,0,0,0,0,0,0,0,0
2890,X,George Farmer,WR,,28,0,,WR-,0,0,0,0,0,0,0,0,0
2892,X,Rodney Smith,RB,,30,0,,RB-,0,0,0,0,0,0,0,0,0
2898,X,Cameron Clear,TE,,32,0,,TE-,0,0,0,0,0,0,0,0,0
2900,X,Terrence Franks,RB,,32,0,,RB-,0,0,0,0,0,0,0,0,0
2903,X,Shane Carden,QB,,33,0,,QB-,0,0,0,0,0,0,0,0,0
2904,X,Issac Blakeney,WR,,25,0,,WR-,0,0,0,0,0,0,0,0,0
2905,X,Josh Reese,WR,,34,0,,WR-,0,0,0,0,0,0,0,0,0
2907,X,Ben Edwards,WR,,28,0,,WR-,0,0,0,0,0,0,0,0,0
2908,X,Austin Willis,WR,,25,0,,WR-,0,0,0,0,0,0,0,0,0
2909,X,Beau Gardner,TE,,35,0,,TE-,0,0,0,0,0,0,0,0,0
291,X,Felix Jones,RB,,30,0,,RB-,0,0,0,0,0,0,0,0,0
2910,X,Tyler Rutenbeck,WR,,33,0,,WR-,0,0,0,0,0,0,0,0,0
2912,X,Joshua Stangby,WR,,28,0,,WR-,0,0,0,0,0,0,0,0,0
2913,X,Gavin Lutman,WR,,33,0,,WR-,0,0,0,0,0,0,0,0,0
2914,X,Luke Lundy,RB,,36,0,,RB-,0,0,0,0,0,0,0,0,0
2916,X,Ify Umodu,WR,,32,0,,WR-,0,0,0,0,0,0,0,0,0
2917,X,Brian Vogler,TE,,29,0,,TE-,0,0,0,0,0,0,0,0,0
2918,X,Demetrius Wilson,WR,,33,0,,WR-,0,0,0,0,0,0,0,0,0
2919,X,Tyler McDonald,WR,,26,0,,WR-,0,0,0,0,0,0,0,0,0
2920,X,Jeret Smith,WR,,32,0,,WR-,0,0,0,0,0,0,0,0,0
2922,X,Devin Mahina,TE,,36,0,,TE-,0,0,0,0,0,0,0,0,0
2923,X,Connor Neighbors,RB,,33,0,,RB-,0,0,0,0,0,0,0,0,0
2924,X,Duplicate Player,TE,,24,0,,TE-,0,0,0,0,0,0,0,0,0
2927,X,Keshawn Hill,RB,,31,0,,RB-,0,0,0,0,0,0,0,0,0
2928,X,John Peters,TE,,26,0,,TE-,0,0,0,0,0,0,0,0,0
2929,X,Adrian Coxson,WR,,33,0,,WR-,0,0,0,0,0,0,0,0,0
293,X,Maurice Jones-Drew,RB,,32,0,,RB-,0,0,0,0,0,0,0,0,0
2930,X,Justin Tukes,TE,,33,0,,TE-,0,0,0,0,0,0,0,0,0
2931,X,Deshon Foxx,WR,,29,0,,WR-,0,0,0,0,0,0,0,0,0
2932,X,Eric Frohnapfel,TE,,32,0,,TE-,0,0,0,0,0,0,0,0,0
2933,X,Corey Knox,RB,,36,0,,RB-,0,0,0,0,0,0,0,0,0
2934,X,Jonathon Rumph,WR,,33,0,,WR-,0,0,0,0,0,0,0,0,0
2935,X,Ricky Collins,WR,,33,0,,WR-,0,0,0,0,0,0,0,0,0
2937,X,Damond Powell,WR,,32,0,,WR-,0,0,0,0,0,0,0,0,0
2938,X,Cam Worthy,WR,,32,0,,WR-,0,0,0,0,0,0,0,0,0
2939,X,Javess Blue,WR,,32,0,,WR-,0,0,0,0,0,0,0,0,0
294,X,Peyton Manning,QB,,44,0,,QB-,0,0,0,0,0,0,0,0,0
2940,X,Des Lawrence,WR,,27,0,,WR-,0,0,0,0,0,0,0,0,0
2941,X,Milton Williams,WR,,30,0,,WR-,0,0,0,0,0,0,0,0,0
2942,X,Joe Don Duncan,RB,,27,0,,RB-,0,0,0,0,0,0,0,0,0
2943,X,Mark Weisman,RB,,33,0,,RB-,0,0,0,0,0,0,0,0,0
2944,X,Matt LaCosse,TE,NE,29,0,,TE-,0,0,0,0,0,0,0,0,0
2945,X,Lee Ward,RB,,33,0,,RB-,0,0,0,0,0,0,0,0,0
2946,X,Diandre Campbell,WR,,27,0,,WR-,0,0,0,0,0,0,0,0,0
2947,X,Clay Burton,TE,,32,0,,TE-,0,0,0,0,0,0,0,0,0
2948,X,Brandon Cottom,RB,,29,0,,RB-,0,0,0,0,0,0,0,0,0
2949,X,Synjyn Days,RB,,34,0,,RB-,0,0,0,0,0,0,0,0,0
2950,X,Jack Tabb,TE,,25,0,,TE-,0,0,0,0,0,0,0,0,0
2957,X,Ernst Brun,TE,,34,0,,TE-,0,0,0,0,0,0,0,0,0
2962,X,Zach D'Orazio,WR,,33,0,,WR-,0,0,0,0,0,0,0,0,0
2969,X,Michael Bennett,WR,,26,0,,WR-,0,0,0,0,0,0,0,0,0
297,X,Eddie Royal,WR,,34,0,,WR-,0,0,0,0,0,0,0,0,0
2979,X,Jarrod West,WR,,26,0,,WR-,0,0,0,0,0,0,0,0,0
2980,X,Eli Rogers,WR,,29,0,,WR-,0,0,0,0,0,0,0,0,0
2981,X,Ross Scheuerman,RB,,32,0,,RB-,0,0,0,0,0,0,0,0,0
2996,X,Logan Stokes,TE,,32,0,,TE-,0,0,0,0,0,0,0,0,0
300,X,Willis McGahee,RB,,35,0,,RB-,0,0,0,0,0,0,0,0,0
3007,X,Avius Capers,WR,,26,0,,WR-,0,0,0,0,0,0,0,0,0
3020,X,Dan Light,TE,,31,0,,TE-,0,0,0,0,0,0,0,0,0
3021,X,Devin Gardner,WR,,33,0,,WR-,0,0,0,0,0,0,0,0,0
3036,X,Matt Lengel,TE,,31,0,,TE-,0,0,0,0,0,0,0,0,0
3041,X,Ross Travis,TE,,29,0,,TE-,0,0,0,0,0,0,0,0,0
3043,X,Will Tye,TE,,28,0,,TE-,0,0,0,0,0,0,0,0,0
3045,X,Gannon Sinclair,TE,,28,0,,TE-,0,0,0,0,0,0,0,0,0
3048,X,Chris Manhertz,TE,NYG,34,0,,TE-,0,0,0,0,0,0,0,0,0
3050,X,Myles White,WR,NYJ,27,0,,WR-,0,0,0,0,0,0,0,0,0
3052,X,Kendrick Ings,WR,,35,0,,WR-,0,0,0,0,0,0,0,0,0
306,X,DeAngelo Williams,RB,,37,0,,RB-,0,0,0,0,0,0,0,0,0
3063,X,Jordan Leslie,WR,,30,0,,WR-,0,0,0,0,0,0,0,0,0
3078,X,Jamel Johnson,WR,,30,0,,WR-,0,0,0,0,0,0,0,0,0
308,X,JohnnieLee Higgins,WR,,34,0,,WR-,0,0,0,0,0,0,0,0,0
310,X,Heath Miller,TE,,37,0,,TE-,0,0,0,0,0,0,0,0,0
3100,X,Ronnie Shields,TE,,27,0,,TE-,0,0,0,0,0,0,0,0,0
3106,X,Jerrod Johnson,QB,,30,0,,QB-,0,0,0,0,0,0,0,0,0
312,X,Matthew Slater,WR,,38,0,,WR-,0,0,0,0,0,0,0,0,0
3148,X,Anthony Dable,WR,,33,0,,WR-,0,0,0,0,0,0,0,0,0
315,X,Dustin Keller,TE,,32,0,,TE-,0,0,0,0,0,0,0,0,0
3150,X,Xavier Rush,WR,,29,0,,WR-,0,0,0,0,0,0,0,0,0
3155,X,Laquon Treadwell,WR,IND,31,0,,WR-,0,0,0,0,0,0,0,0,0
3157,X,William Fuller,WR,,27,0,,WR-,0,0,0,0,0,0,0,0,0
316,X,Malcom Floyd,WR,,39,0,,WR-,0,0,0,0,0,0,0,0,0
3161,X,Carson Wentz,QB,MIN,33,0,,QB-,0,0,0,0,0,0,0,0,0
3164,X,Ezekiel Elliott,RB,,29,0,Ricky,RB-Ricky,0,0,0,0,0,0,0,0,0
3168,X,Christian Hackenberg,QB,,26,0,,QB-,0,0,0,0,0,0,0,0,0
317,X,Caleb Hanie,QB,,32,0,,QB-,0,0,0,0,0,0,0,0,0
3170,X,Paxton Lynch,QB,,27,0,,QB-,0,0,0,0,0,0,0,0,0
3171,X,Connor Cook,QB,,27,0,,QB-,0,0,0,0,0,0,0,0,0
3177,X,Corey Coleman,WR,,28,0,,WR-,0,0,0,0,0,0,0,0,0
3178,X,Josh Doctson,WR,,29,0,,WR-,0,0,0,0,0,0,0,0,0
3199,X,Michael Thomas,WR,,31,0,,WR-,0,0,0,0,0,0,0,0,0
32,X,Jacob Tamme,TE,,35,0,,TE-,0,0,0,0,0,0,0,0,0
3200,X,Sterling Shepard,WR,,33,0,Lucas,WR-Lucas,0,0,0,0,0,0,0,0,0
3202,X,Austin Hooper,TE,ATL,31,0,,TE-,0,0,0,0,0,0,0,0,0
3203,X,Braxton Miller,WR,,29,0,,WR-,0,0,0,0,0,0,0,0,0
3204,X,CJ Prosise,RB,,27,0,,RB-,0,0,0,0,0,0,0,0,0
3205,X,Cody Kessler,QB,,28,0,,QB-,0,0,0,0,0,0,0,0,0
3208,X,Kenneth Dixon,RB,,27,0,,RB-,0,0,0,0,0,0,0,0,0
3209,X,Devontae Booker,RB,,29,0,,RB-,0,0,0,0,0,0,0,0,0
321,X,Jerome Simpson,WR,,34,0,,WR-,0,0,0,0,0,0,0,0,0
3210,X,Cardale Jones,QB,,29,0,,QB-,0,0,0,0,0,0,0,0,0
3211,X,Paul Perkins,RB,,27,0,,RB-,0,0,0,0,0,0,0,0,0
3213,X,Trevone Boykin,QB,,28,0,,QB-,0,0,0,0,0,0,0,0,0
322,X,Antonio Gates,TE,,41,0,,TE-,0,0,0,0,0,0,0,0,0
3225,X,Tyler Boyd,WR,,30,0,Jeremy,WR-Jeremy,0,0,0,0,0,0,0,0,0
323,X,Jamaal Charles,RB,,35,0,,RB-,0,0,0,0,0,0,0,0,0
3239,X,Bronson Kaufusi,TE,GB,30,0,,TE-,0,0,0,0,0,0,0,0,0
3242,X,Kenyan Drake,RB,,29,0,,RB-,0,0,0,0,0,0,0,0,0
3253,X,Leonte Carroo,WR,,27,0,,WR-,0,0,0,0,0,0,0,0,0
3258,X,Nick Vannett,TE,SEA,33,0,,TE-,0,0,0,0,0,0,0,0,0
326,X,Darren McFadden,RB,,33,0,,RB-,0,0,0,0,0,0,0,0,0
3269,X,Chris Moore,WR,BAL,33,0,,WR-,0,0,0,0,0,0,0,0,0
3273,X,Malcolm Mitchell,WR,,28,0,,WR-,0,0,0,0,0,0,0,0,0
3275,X,Ricardo Louis,WR,,27,0,,WR-,0,0,0,0,0,0,0,0,0
3278,X,Pharoh Cooper,WR,,28,0,,WR-,0,0,0,0,0,0,0,0,0
328,X,Kellen Davis,TE,,34,0,,TE-,0,0,0,0,0,0,0,0,0
3280,X,Tyler Ervin,RB,,28,0,,RB-,0,0,0,0,0,0,0,0,0
3296,X,Seth DeValve,TE,,28,0,,TE-,0,0,0,0,0,0,0,0,0
3297,X,Tajae Sharpe,WR,,27,0,,WR-,0,0,0,0,0,0,0,0,0
3300,X,DeAndre Washington,RB,,28,0,,RB-,0,0,0,0,0,0,0,0,0
3306,X,Jordan Howard,RB,,28,0,,RB-,0,0,0,0,0,0,0,0,0
3309,X,Wendell Smallwood,RB,WAS,27,0,,RB-,0,0,0,0,0,0,0,0,0
331,X,Philip Rivers,QB,,44,0,,QB-,0,0,0,0,0,0,0,0,0
3310,X,Jordan Payton,WR,,28,0,,WR-,0,0,0,0,0,0,0,0,0
3312,X,Jonathan Williams,RB,,30,0,,RB-,0,0,0,0,0,0,0,0,0
3318,X,Kevin Hogan,QB,,30,0,,QB-,0,0,0,0,0,0,0,0,0
3319,X,Trevor Davis,WR,,28,0,,WR-,0,0,0,0,0,0,0,0,0
3321,X,Tyreek Hill,WR,,31,0,Tom,WR-Tom,0,0,0,0,0,0,0,0,0
3327,X,Alex Collins,RB,,27,0,,RB-,0,0,0,0,0,0,0,0,0
3328,X,Rashard Higgins,WR,,28,0,,WR-,0,0,0,0,0,0,0,0,0
333,X,Ryan Fitzpatrick,QB,,39,0,,QB-,0,0,0,0,0,0,0,0,0
3332,X,Andy Janovich,FB,,29,0,,FB-,0,0,0,0,0,0,0,0,0
3333,X,Temarrick Hemingway,TE,WAS,28,0,,TE-,0,0,0,0,0,0,0,0,0
3336,X,Moritz Bohringer,TE,,28,0,,TE-,0,0,0,0,0,0,0,0,0
3338,X,Keenan Reynolds,WR,,28,0,,WR-,0,0,0,0,0,0,0,0,0
3340,X,Jerell Adams,TE,,29,0,,TE-,0,0,0,0,0,0,0,0,0
3342,X,Jakeem Grant,WR,,32,0,,WR-,0,0,0,0,0,0,0,0,0
3343,X,Nate Sudfeld,QB,,31,0,,QB-,0,0,0,0,0,0,0,0,0
3344,X,David Morgan,TE,,28,0,,TE-,0,0,0,0,0,0,0,0,0
3347,X,Jake Rudock,QB,,28,0,,QB-,0,0,0,0,0,0,0,0,0
3348,X,Kolby Listenbee,WR,,27,0,,WR-,0,0,0,0,0,0,0,0,0
3353,X,Dan Vitale,FB,,28,0,,FB-,0,0,0,0,0,0,0,0,0
3354,X,Derek Watt,FB,,30,0,,FB-,0,0,0,0,0,0,0,0,0
3355,X,Cody Core,WR,,28,0,,WR-,0,0,0,0,0,0,0,0,0
3357,X,Brandon Allen,QB,NYG,33,0,,QB-,0,0,0,0,0,0,0,0,0
3362,X,Jeff Driskel,QB,,32,0,,QB-,0,0,0,0,0,0,0,0,0
3366,X,Kelvin Taylor,RB,,28,0,,RB-,0,0,0,0,0,0,0,0,0
3368,X,Aaron Burbridge,WR,,28,0,,WR-,0,0,0,0,0,0,0,0,0
3371,X,Darius Jackson,RB,,28,0,,RB-,0,0,0,0,0,0,0,0,0
3372,X,Rico Gathers,TE,,28,0,,TE-,0,0,0,0,0,0,0,0,0
3378,X,Brandon Doughty,QB,,30,0,,QB-,0,0,0,0,0,0,0,0,0
3380,X,Devin Lucien,WR,,28,0,,WR-,0,0,0,0,0,0,0,0,0
3384,X,Demarcus Ayers,WR,,27,0,,WR-,0,0,0,0,0,0,0,0,0
3385,X,Daniel Braverman,WR,,28,0,,WR-,0,0,0,0,0,0,0,0,0
3386,X,Thomas Duarte,TE,,26,0,,TE-,0,0,0,0,0,0,0,0,0
339,X,Brian Hartline,WR,,33,0,,WR-,0,0,0,0,0,0,0,0,0
3391,X,Dwayne Washington,RB,,30,0,,RB-,0,0,0,0,0,0,0,0,0
3392,X,Daniel Lasco,RB,,29,0,,RB-,0,0,0,0,0,0,0,0,0
3393,X,Devin Fuller,WR,,27,0,,WR-,0,0,0,0,0,0,0,0,0
3396,X,Charone Peake,WR,,29,0,,WR-,0,0,0,0,0,0,0,0,0
3397,X,Keith Marshall,RB,,27,0,,RB-,0,0,0,0,0,0,0,0,0
3398,X,Kenny Lawler,WR,,27,0,,WR-,0,0,0,0,0,0,0,0,0
34,X,Pierre Thomas,RB,,35,0,,RB-,0,0,0,0,0,0,0,0,0
340,X,Lex Hilliard,RB,,33,0,,RB-,0,0,0,0,0,0,0,0,0
3402,X,Zac Brooks,RB,,32,0,,RB-,0,0,0,0,0,0,0,0,0
3407,X,Beau Sandland,TE,,28,0,,TE-,0,0,0,0,0,0,0,0,0
3410,X,Jake Coker,QB,,32,0,,QB-,0,0,0,0,0,0,0,0,0
3412,X,Devon Johnson,RB,,28,0,,RB-,0,0,0,0,0,0,0,0,0
3418,X,Mekale McKay,WR,,28,0,,WR-,0,0,0,0,0,0,0,0,0
3420,X,Alonzo Russell,WR,,29,0,,WR-,0,0,0,0,0,0,0,0,0
3423,X,Robbie Chosen,WR,,32,0,,WR-,0,0,0,0,0,0,0,0,0
3433,X,Alex Erickson,WR,,32,0,,WR-,0,0,0,0,0,0,0,0,0
344,X,Julian Edelman,WR,,35,0,,WR-,0,0,0,0,0,0,0,0,0
3440,X,Josh Woodrum,QB,,29,0,,QB-,0,0,0,0,0,0,0,0,0
3443,X,Chris Swain,FB,,29,0,,FB-,0,0,0,0,0,0,0,0,0
3445,X,Marcus Johnson,WR,,28,0,,WR-,0,0,0,0,0,0,0,0,0
3447,X,Cayleb Jones,WR,,28,0,,WR-,0,0,0,0,0,0,0,0,0
345,X,Brian Hoyer,QB,,38,0,,QB-,0,0,0,0,0,0,0,0,0
3453,X,Josh Ferguson,RB,,28,0,,RB-,0,0,0,0,0,0,0,0,0
3454,X,Danny Anthrop,WR,,31,0,,WR-,0,0,0,0,0,0,0,0,0
3456,X,Joel Stave,QB,,29,0,,QB-,0,0,0,0,0,0,0,0,0
3457,X,Rashawn Scott,WR,,29,0,,WR-,0,0,0,0,0,0,0,0,0
346,X,Brandon Tate,WR,,34,0,,WR-,0,0,0,0,0,0,0,0,0
3461,X,Russell Hansbrough,RB,,28,0,,RB-,0,0,0,0,0,0,0,0,0
3462,X,Jared Dangerfield,WR,,32,0,,WR-,0,0,0,0,0,0,0,0,0
3463,X,Jhurell Pressley,RB,,29,0,,RB-,0,0,0,0,0,0,0,0,0
3464,X,Marquez North,WR,,26,0,,WR-,0,0,0,0,0,0,0,0,0
3465,X,Ben Braunecker,TE,,27,0,,TE-,0,0,0,0,0,0,0,0,0
3470,X,Paul McRoberts,WR,,29,0,,WR-,0,0,0,0,0,0,0,0,0
3471,X,Aaron Green,RB,,29,0,,RB-,0,0,0,0,0,0,0,0,0
3472,X,David Grinnage,TE,,27,0,,TE-,0,0,0,0,0,0,0,0,0
3475,X,Keyarris Garrett,WR,,29,0,,WR-,0,0,0,0,0,0,0,0,0
3476,X,Johnny Holton,WR,,31,0,,WR-,0,0,0,0,0,0,0,0,0
348,X,Shonn Greene,RB,,32,0,,RB-,0,0,0,0,0,0,0,0,0
3481,X,Kyle Carter,TE,,29,0,,TE-,0,0,0,0,0,0,0,0,0
3484,X,Nelson Spruce,WR,,29,0,,WR-,0,0,0,0,0,0,0,0,0
3485,X,Henry Krieger-Coble,TE,,29,0,,TE-,0,0,0,0,0,0,0,0,0
3486,X,Chris Brown,WR,,28,0,,WR-,0,0,0,0,0,0,0,0,0
3488,X,DJ Foster,RB,,28,0,,RB-,0,0,0,0,0,0,0,0,0
3491,X,Byron Marshall,RB,,27,0,,RB-,0,0,0,0,0,0,0,0,0
3492,X,Jalin Marshall,WR,,26,0,,WR-,0,0,0,0,0,0,0,0,0
3495,X,Mike Bercovici,QB,,28,0,,QB-,0,0,0,0,0,0,0,0,0
3496,X,Stephen Anderson,TE,,31,0,,TE-,0,0,0,0,0,0,0,0,0
3497,X,Darion Griswold,TE,,29,0,,TE-,0,0,0,0,0,0,0,0,0
350,X,Mark Sanchez,QB,,35,0,,QB-,0,0,0,0,0,0,0,0,0
3500,X,Devon Cajuste,WR,,28,0,,WR-,0,0,0,0,0,0,0,0,0
3503,X,Geronimo Allison,WR,,28,0,,WR-,0,0,0,0,0,0,0,0,0
3504,X,Steven Scheu,TE,,29,0,,TE-,0,0,0,0,0,0,0,0,0
3505,X,Dom Williams,WR,,29,0,,WR-,0,0,0,0,0,0,0,0,0
3506,X,Ryan Malleck,TE,,28,0,,TE-,0,0,0,0,0,0,0,0,0
3509,X,Glenn Gronkowski,FB,,28,0,,FB-,0,0,0,0,0,0,0,0,0
3514,X,Jake McGee,TE,,30,0,,TE-,0,0,0,0,0,0,0,0,0
3515,X,KJ Maye,WR,,27,0,,WR-,0,0,0,0,0,0,0,0,0
3516,X,Mitch Mathews,WR,,30,0,,WR-,0,0,0,0,0,0,0,0,0
3517,X,Hunter Sharp,WR,,27,0,,WR-,0,0,0,0,0,0,0,0,0
3519,X,Roger Lewis,WR,,28,0,,WR-,0,0,0,0,0,0,0,0,0
352,X,Chase Coffman,TE,,33,0,,TE-,0,0,0,0,0,0,0,0,0
3520,X,Jay Lee,WR,,31,0,,WR-,0,0,0,0,0,0,0,0,0
3524,X,Marquise Williams,QB,,32,0,,QB-,0,0,0,0,0,0,0,0,0
3531,X,Marshaun Coprich,RB,,30,0,,RB-,0,0,0,0,0,0,0,0,0
3532,X,Kenneth Farrow,RB,,28,0,,RB-,0,0,0,0,0,0,0,0,0
3540,X,Jamaal Jones,WR,,28,0,,WR-,0,0,0,0,0,0,0,0,0
3542,X,DeAndre Reaves,WR,,32,0,,WR-,0,0,0,0,0,0,0,0,0
3547,X,Braedon Bowman,TE,,27,0,,TE-,0,0,0,0,0,0,0,0,0
3548,X,Jamal Robinson,WR,,28,0,,WR-,0,0,0,0,0,0,0,0,0
355,X,Brian Leonard,RB,,33,0,,RB-,0,0,0,0,0,0,0,0,0
3551,X,Max Wittek,QB,,31,0,,QB-,0,0,0,0,0,0,0,0,0
3552,X,Wendall Williams,WR,,31,0,,WR-,0,0,0,0,0,0,0,0,0
3554,X,David Reeves,TE,,32,0,,TE-,0,0,0,0,0,0,0,0,0
3555,X,Canaan Severin,WR,,28,0,,WR-,0,0,0,0,0,0,0,0,0
3556,X,Christian Powell,RB,,31,0,,RB-,0,0,0,0,0,0,0,0,0
3561,X,Bryce Williams,TE,,28,0,,TE-,0,0,0,0,0,0,0,0,0
3564,X,Tre Madden,RB,,28,0,,RB-,0,0,0,0,0,0,0,0,0
3568,X,Marken Michel,WR,,29,0,,WR-,0,0,0,0,0,0,0,0,0
3570,X,Brandon Ross,RB,,32,0,,RB-,0,0,0,0,0,0,0,0,0
3572,X,Andrew Bonnet,FB,,29,0,,FB-,0,0,0,0,0,0,0,0,0
3573,X,Brandon Wilds,RB,,28,0,,RB-,0,0,0,0,0,0,0,0,0
3582,X,Chester Rogers,WR,,28,0,,WR-,0,0,0,0,0,0,0,0,0
3583,X,Tevaun Smith,WR,,28,0,,WR-,0,0,0,0,0,0,0,0,0
3584,X,Marcus Leak,WR,,29,0,,WR-,0,0,0,0,0,0,0,0,0
3588,X,Michael Miller,TE,,33,0,,TE-,0,0,0,0,0,0,0,0,0
3593,X,Anthony Kelly,WR,,31,0,,WR-,0,0,0,0,0,0,0,0,0
3594,X,Peyton Barber,RB,,27,0,,RB-,0,0,0,0,0,0,0,0,0
3595,X,Alan Cross,FB,,28,0,,FB-,0,0,0,0,0,0,0,0,0
3596,X,Kivon Cartwright,TE,,29,0,,TE-,0,0,0,0,0,0,0,0,0
3599,X,Dez Stewart,WR,,28,0,,WR-,0,0,0,0,0,0,0,0,0
36,X,Matt Hasselbeck,QB,,44,0,,QB-,0,0,0,0,0,0,0,0,0
3606,X,Amir Carlisle,WR,,32,0,,WR-,0,0,0,0,0,0,0,0,0
3609,X,Chris King,WR,,31,0,,WR-,0,0,0,0,0,0,0,0,0
3612,X,Hakeem Valles,TE,,29,0,,TE-,0,0,0,0,0,0,0,0,0
3614,X,Tommylee Lewis,WR,,29,0,,WR-,0,0,0,0,0,0,0,0,0
3615,X,Sione Houma,RB,,30,0,,RB-,0,0,0,0,0,0,0,0,0
362,X,David Johnson,TE,,33,0,,TE-,0,0,0,0,0,0,0,0,0
3620,X,Bralon Addison,WR,,28,0,,WR-,0,0,0,0,0,0,0,0,0
3621,X,Jordan Williams-Lambert,WR,,27,0,,WR-,0,0,0,0,0,0,0,0,0
3622,X,Mose Frazier,WR,,28,0,,WR-,0,0,0,0,0,0,0,0,0
3630,X,Durron Neal,WR,,31,0,,WR-,0,0,0,0,0,0,0,0,0
3634,X,Kalif Raymond,WR,CHI,31,0,Shane,WR-Shane,0,0,0,0,0,0,0,0,0
3639,X,Duplicate Player,WR,,25,0,,WR-,0,0,0,0,0,0,0,0,0
3640,X,Soma Vainuku,RB,,29,0,,RB-,0,0,0,0,0,0,0,0,0
3644,X,Lawrence Thomas,RB,,28,0,,RB-,0,0,0,0,0,0,0,0,0
3646,X,Quayvon Hicks,RB,,27,0,,RB-,0,0,0,0,0,0,0,0,0
3648,X,Matt Weiser,TE,,29,0,,TE-,0,0,0,0,0,0,0,0,0
3649,X,Michael Cooper,TE,,25,0,,TE-,0,0,0,0,0,0,0,0,0
365,X,Mike Wallace,WR,,35,0,,WR-,0,0,0,0,0,0,0,0,0
3650,X,Maurice Harris,WR,,29,0,,WR-,0,0,0,0,0,0,0,0,0
3652,X,Mike Thomas,WR,,28,0,,WR-,0,0,0,0,0,0,0,0,0
3653,X,Brandon Williams,TE,,32,0,,TE-,0,0,0,0,0,0,0,0,0
3655,X,Reggie Diggs,WR,,28,0,,WR-,0,0,0,0,0,0,0,0,0
3657,X,Rob Kelley,RB,,29,0,,RB-,0,0,0,0,0,0,0,0,0
3658,X,Joe Kerridge,FB,,29,0,,FB-,0,0,0,0,0,0,0,0,0
366,X,Kenny Britt,WR,,31,0,,WR-,0,0,0,0,0,0,0,0,0
3660,X,Valdez Showers,WR,,28,0,,WR-,0,0,0,0,0,0,0,0,0
3664,X,JD McKissic,RB,,29,0,,RB-,0,0,0,0,0,0,0,0,0
3668,X,Joshua Perkins,TE,NYJ,28,0,,TE-,0,0,0,0,0,0,0,0,0
367,X,Jared Cook,TE,,35,0,,TE-,0,0,0,0,0,0,0,0,0
3670,X,Will Ratelle,FB,,28,0,,FB-,0,0,0,0,0,0,0,0,0
3672,X,David Richards,WR,,25,0,,WR-,0,0,0,0,0,0,0,0,0
3684,X,Derek Keaton,WR,,24,0,,WR-,0,0,0,0,0,0,0,0,0
3686,X,Joe Sommers,TE,,25,0,,TE-,0,0,0,0,0,0,0,0,0
3688,X,Tra Carson,RB,,29,0,,RB-,0,0,0,0,0,0,0,0,0
3690,X,Antwane Grant,WR,,26,0,,WR-,0,0,0,0,0,0,0,0,0
3695,X,JP Holtz,TE,,30,0,,TE-,0,0,0,0,0,0,0,0,0
3698,X,Patrick Skov,FB,,26,0,,FB-,0,0,0,0,0,0,0,0,0
370,X,Nate Washington,WR,,37,0,,WR-,0,0,0,0,0,0,0,0,0
3701,X,Ed Eagan,WR,,28,0,,WR-,0,0,0,0,0,0,0,0,0
3702,X,Andy Jones,WR,NYG,27,0,,WR-,0,0,0,0,0,0,0,0,0
3710,X,Jace Billingsley,WR,,28,0,,WR-,0,0,0,0,0,0,0,0,0
3711,X,Quinshad Davis,WR,,24,0,,WR-,0,0,0,0,0,0,0,0,0
3712,X,Adam Fuehne,TE,,25,0,,TE-,0,0,0,0,0,0,0,0,0
3715,X,Cole Wick,TE,,28,0,,TE-,0,0,0,0,0,0,0,0,0
3717,X,Joe Callahan,QB,,28,0,,QB-,0,0,0,0,0,0,0,0,0
372,X,James Casey,FB,,35,0,,FB-,0,0,0,0,0,0,0,0,0
3722,X,Don Jackson,RB,,28,0,,RB-,0,0,0,0,0,0,0,0,0
3727,X,Dennis Parks,WR,,30,0,,WR-,0,0,0,0,0,0,0,0,0
3729,X,Herb Waters,WR,,29,0,,WR-,0,0,0,0,0,0,0,0,0
3730,X,Tevin Jones,WR,,29,0,,WR-,0,0,0,0,0,0,0,0,0
3732,X,Richard Mullaney,WR,,28,0,,WR-,0,0,0,0,0,0,0,0,0
374,X,Dan Orlovsky,QB,,37,0,,QB-,0,0,0,0,0,0,0,0,0
3759,X,Gabe Hughes,TE,,24,0,,TE-,0,0,0,0,0,0,0,0,0
3762,X,Brandon Shippen,WR,,27,0,,WR-,0,0,0,0,0,0,0,0,0
3768,X,Darius Powe,WR,,27,0,,WR-,0,0,0,0,0,0,0,0,0
377,X,Donald Brown,RB,,33,0,,RB-,0,0,0,0,0,0,0,0,0
3770,X,Quenton Bundrage,WR,,33,0,,WR-,0,0,0,0,0,0,0,0,0
3774,X,Jason Vander Laan,TE,,29,0,,TE-,0,0,0,0,0,0,0,0,0
3780,X,Cedric O'Neal,RB,,27,0,,RB-,0,0,0,0,0,0,0,0,0
3783,X,Paul Turner,WR,,28,0,,WR-,0,0,0,0,0,0,0,0,0
3788,X,Tanner McEvoy,WR,,28,0,,WR-,0,0,0,0,0,0,0,0,0
3797,X,Bryce Treggs,WR,,27,0,,WR-,0,0,0,0,0,0,0,0,0
3799,X,David Glidden,WR,,26,0,,WR-,0,0,0,0,0,0,0,0,0
380,X,Rashad Jennings,RB,,35,0,,RB-,0,0,0,0,0,0,0,0,0
3802,X,Chris Hubert,WR,,28,0,,WR-,0,0,0,0,0,0,0,0,0
3803,X,Elijhaa Penny,RB,,28,0,,RB-,0,0,0,0,0,0,0,0,0
3804,X,Darrin Peterson,WR,,24,0,,WR-,0,0,0,0,0,0,0,0,0
3810,X,Brandon Burks,RB,,28,0,,RB-,0,0,0,0,0,0,0,0,0
3811,X,Alstevis Squirewell,RB,,32,0,,RB-,0,0,0,0,0,0,0,0,0
3816,X,Brandon Brown-Dukes,RB,,29,0,,RB-,0,0,0,0,0,0,0,0,0
3817,X,Marcus Tucker,WR,,29,0,,WR-,0,0,0,0,0,0,0,0,0
3819,X,Taniela Tupou,FB,,29,0,,FB-,0,0,0,0,0,0,0,0,0
3824,X,Alex Ellis,TE,,29,0,,TE-,0,0,0,0,0,0,0,0,0
3832,X,CJ Ham,FB,,32,0,,FB-,0,0,0,0,0,0,0,0,0
3834,X,KJ Brent,WR,,28,0,,WR-,0,0,0,0,0,0,0,0,0
3840,X,Max McCaffrey,WR,,27,0,,WR-,0,0,0,0,0,0,0,0,0
3842,X,Ryan O'Malley,TE,,28,0,,TE-,0,0,0,0,0,0,0,0,0
3846,X,Duke Williams,WR,,28,0,,WR-,0,0,0,0,0,0,0,0,0
3852,X,Jaydon Mickens,WR,,30,0,,WR-,0,0,0,0,0,0,0,0,0
3856,X,Braxton Deaver,TE,,26,0,,TE-,0,0,0,0,0,0,0,0,0
3858,X,Miles Shuler,WR,,24,0,,WR-,0,0,0,0,0,0,0,0,0
3859,X,Jalen Simmons,RB,,29,0,,RB-,0,0,0,0,0,0,0,0,0
386,X,Brandon Lloyd,WR,,36,0,,WR-,0,0,0,0,0,0,0,0,0
3861,X,Kieren Duncan,WR,,24,0,,WR-,0,0,0,0,0,0,0,0,0
3863,X,Joe Licata,QB,,25,0,,QB-,0,0,0,0,0,0,0,0,0
3864,X,Jake Lampman,WR,,28,0,,WR-,0,0,0,0,0,0,0,0,0
3866,X,Joe Hansley,WR,,24,0,,WR-,0,0,0,0,0,0,0,0,0
3868,X,Jalen Richard,RB,LV,28,0,,RB-,0,0,0,0,0,0,0,0,0
387,X,Knowshon Moreno,RB,,30,0,,RB-,0,0,0,0,0,0,0,0,0
3871,X,Sam Bergen,FB,,26,0,,FB-,0,0,0,0,0,0,0,0,0
3873,X,Ben Roberts,WR,,26,0,,WR-,0,0,0,0,0,0,0,0,0
3877,X,Kelsey Young,RB,,25,0,,RB-,0,0,0,0,0,0,0,0,0
3878,X,Austin Traylor,TE,,28,0,,TE-,0,0,0,0,0,0,0,0,0
388,X,Kyle Orton,QB,,34,0,,QB-,0,0,0,0,0,0,0,0,0
3880,X,MJ McFarland,TE,,29,0,,TE-,0,0,0,0,0,0,0,0,0
3883,X,Romar Morris,RB,,29,0,,RB-,0,0,0,0,0,0,0,0,0
3887,X,Ben McCord,TE,,26,0,,TE-,0,0,0,0,0,0,0,0,0
3889,X,Marquis Bundy,WR,,27,0,,WR-,0,0,0,0,0,0,0,0,0
389,X,Matt Cassel,QB,,39,0,,QB-,0,0,0,0,0,0,0,0,0
3891,X,Kyle Coleman,FB,,28,0,,FB-,0,0,0,0,0,0,0,0,0
3892,X,Jarvis Turner,WR,,24,0,,WR-,0,0,0,0,0,0,0,0,0
3893,X,Reece Horn,WR,,28,0,,WR-,0,0,0,0,0,0,0,0,0
3894,X,Garrett Griffin,TE,,29,0,,TE-,0,0,0,0,0,0,0,0,0
3895,X,Marvin Hall,WR,,29,0,,WR-,0,0,0,0,0,0,0,0,0
3896,X,Benson Browne,TE,,25,0,,TE-,0,0,0,0,0,0,0,0,0
3897,X,Paul Lang,TE,,26,0,,TE-,0,0,0,0,0,0,0,0,0
3901,X,Brandon Johnson,RB,,25,0,,RB-,0,0,0,0,0,0,0,0,0
3905,X,Mandel Dixon,TE,,25,0,,TE-,0,0,0,0,0,0,0,0,0
3908,X,Eric Wallace,TE,,33,0,,TE-,0,0,0,0,0,0,0,0,0
3911,X,Rashaun Simonise,WR,,23,0,,WR-,0,0,0,0,0,0,0,0,0
3914,X,Dobson Collins,WR,,31,0,,WR-,0,0,0,0,0,0,0,0,0
3916,X,David Watford,WR,,28,0,,WR-,0,0,0,0,0,0,0,0,0
3917,X,Kendal Thompson,WR,,29,0,,WR-,0,0,0,0,0,0,0,0,0
3918,X,TJ Thorpe,WR,,25,0,,WR-,0,0,0,0,0,0,0,0,0
3920,X,Harvey Binford,WR,,30,0,,WR-,0,0,0,0,0,0,0,0,0
3921,X,Nick Truesdell,TE,,31,0,,TE-,0,0,0,0,0,0,0,0,0
3922,X,Montario Hunter,WR,,26,0,,WR-,0,0,0,0,0,0,0,0,0
3923,X,Franky Okafor,WR,,25,0,,WR-,0,0,0,0,0,0,0,0,0
3924,X,Clayton Echard,TE,,25,0,,TE-,0,0,0,0,0,0,0,0,0
393,X,Bruce Gradkowski,QB,,35,0,,QB-,0,0,0,0,0,0,0,0,0
3934,X,Troymaine Pope,RB,,28,0,,RB-,0,0,0,0,0,0,0,0,0
394,X,Darrius Heyward-Bey,WR,,34,0,,WR-,0,0,0,0,0,0,0,0,0
3940,X,Chase Price,RB,,25,0,,RB-,0,0,0,0,0,0,0,0,0
3948,X,Andrew Opoku,WR,,27,0,,WR-,0,0,0,0,0,0,0,0,0
3951,X,Justin Berger,WR,,26,0,,WR-,0,0,0,0,0,0,0,0,0
3957,X,Blake Sims,QB,,30,0,,QB-,0,0,0,0,0,0,0,0,0
396,X,Louis Murphy,WR,,33,0,,WR-,0,0,0,0,0,0,0,0,0
3969,X,Leonard Fournette,RB,,28,0,,RB-,0,0,0,0,0,0,0,0,0
397,X,Brandon Myers,TE,,35,0,,TE-,0,0,0,0,0,0,0,0,0
3976,321,Mitchell Trubisky,QB,TEN,31,474,Alex,QB-Alex,15.29032258,421.3333333,368.6666667,333.5555556,-52.66666667,-52.66666667,-35.11111111,0,0
3978,X,Jacob Huesman,QB,,28,0,,QB-,0,0,0,0,0,0,0,0,0
4,X,Roddy White,WR,,38,0,,WR-,0,0,0,0,0,0,0,0,0
40,X,Martellus Bennett,TE,,33,0,,TE-,0,0,0,0,0,0,0,0,0
4004,X,Chris Briggs,TE,,29,0,,TE-,0,0,0,0,0,0,0,0,0
4018,X,Joe Mixon,RB,,29,0,Tom,RB-Tom,0,0,0,0,0,0,0,0,0
4026,X,DeShone Kizer,QB,,27,0,,QB-,0,0,0,0,0,0,0,0,0
4029,X,Dalvin Cook,RB,,29,0,Jeremy,RB-Jeremy,0,0,0,0,0,0,0,0,0
4031,X,Travis Wilson,TE,,28,0,,TE-,0,0,0,0,0,0,0,0,0
4036,X,Corey Davis,WR,,28,0,,WR-,0,0,0,0,0,0,0,0,0
4038,X,John Ross,WR,,29,0,Luc,WR-Luc,0,0,0,0,0,0,0,0,0
404,X,Jon Kitna,QB,,47,0,,QB-,0,0,0,0,0,0,0,0,0
4040,276,JuJu Smith-Schuster,WR,NYG,29,482,James,WR-James,16.62068966,308.48,250.64,192.8,-173.52,-57.84,-57.84,0,0
4042,X,Joe Williams,RB,,28,0,,RB-,0,0,0,0,0,0,0,0,0
405,X,Kevin Ogletree,WR,,30,0,,WR-,0,0,0,0,0,0,0,0,0
4050,X,Cyril Grayson,WR,,28,0,,WR-,0,0,0,0,0,0,0,0,0
4051,X,Chad Kelly,QB,,27,0,,QB-,0,0,0,0,0,0,0,0,0
4054,X,Mo Alie-Cox,TE,IND,32,0,,TE-,0,0,0,0,0,0,0,0,0
4055,X,OJ Howard,TE,,28,0,,TE-,0,0,0,0,0,0,0,0,0
406,X,John Phillips,TE,,34,0,,TE-,0,0,0,0,0,0,0,0,0
4061,X,Davis Webb,QB,,28,0,,QB-,0,0,0,0,0,0,0,0,0
4068,X,Mike Williams,WR,,30,0,James,WR-James,0,0,0,0,0,0,0,0,0
4080,X,Zay Jones,WR,,30,0,Lucas,WR-Lucas,0,0,0,0,0,0,0,0,0
4082,X,Curtis Samuel,WR,,29,0,Shane,WR-Shane,0,0,0,0,0,0,0,0,0
4085,X,Adam Shaheen,TE,,28,0,,TE-,0,0,0,0,0,0,0,0,0
4089,X,Gerald Everett,TE,,30,0,Matt,TE-Matt,0,0,0,0,0,0,0,0,0
4098,X,Kareem Hunt,RB,,30,0,Luc,RB-Luc,0,0,0,0,0,0,0,0,0
41,X,David Garrard,QB,,39,0,,QB-,0,0,0,0,0,0,0,0,0
4108,X,Carlos Henderson,WR,,27,0,,WR-,0,0,0,0,0,0,0,0,0
411,X,Jeremy Maclin,WR,,32,0,,WR-,0,0,0,0,0,0,0,0,0
4111,X,D'Onta Foreman,RB,,28,0,Shane,RB-Shane,0,0,0,0,0,0,0,0,0
4119,X,ArDarius Stewart,WR,,28,0,,WR-,0,0,0,0,0,0,0,0,0
4125,X,Taywan Taylor,WR,,26,0,,WR-,0,0,0,0,0,0,0,0,0
4127,X,CJ Beathard,QB,,32,0,,QB-,0,0,0,0,0,0,0,0,0
4128,X,Chad Williams,WR,,27,0,,WR-,0,0,0,0,0,0,0,0,0
4130,X,Brendan Langley,WR,,27,0,,WR-,0,0,0,0,0,0,0,0,0
4131,X,Kenny Golladay,WR,,29,0,,WR-,0,0,0,0,0,0,0,0,0
4139,X,Amara Darboh,WR,,27,0,,WR-,0,0,0,0,0,0,0,0,0
4144,X,Jonnu Smith,TE,,30,0,Luc,TE-Luc,0,0,0,0,0,0,0,0,0
4146,X,Dede Westbrook,WR,,29,0,,WR-,0,0,0,0,0,0,0,0,0
4149,X,Jamaal Williams,RB,,29,0,Tristan,RB-Tristan,0,0,0,0,0,0,0,0,0
415,X,Earl Bennett,WR,,30,0,,WR-,0,0,0,0,0,0,0,0,0
4150,X,Wayne Gallman,RB,,28,0,,RB-,0,0,0,0,0,0,0,0,0
4151,X,Jake Butt,TE,,26,0,,TE-,0,0,0,0,0,0,0,0,0
4152,X,Marlon Mack,RB,,28,0,,RB-,0,0,0,0,0,0,0,0,0
4153,X,Jordan Leggett,TE,,26,0,,TE-,0,0,0,0,0,0,0,0,0
4157,X,Tarik Cohen,RB,,29,0,,RB-,0,0,0,0,0,0,0,0,0
416,X,Jay Cutler,QB,,37,0,,QB-,0,0,0,0,0,0,0,0,0
4160,X,Josh Malone,WR,,26,0,,WR-,0,0,0,0,0,0,0,0,0
4162,X,Ryan Switzer,WR,,27,0,,WR-,0,0,0,0,0,0,0,0,0
4164,X,Michael Roberts,TE,,27,0,,TE-,0,0,0,0,0,0,0,0,0
4169,X,Jehu Chesson,WR,,28,0,,WR-,0,0,0,0,0,0,0,0,0
4171,X,Josh Reynolds,WR,,31,0,Jeremy,WR-Jeremy,0,0,0,0,0,0,0,0,0
4175,X,Chad Hansen,WR,,27,0,,WR-,0,0,0,0,0,0,0,0,0
4178,X,Donnel Pumphrey,RB,,27,0,,RB-,0,0,0,0,0,0,0,0,0
4179,X,Joshua Dobbs,QB,,31,0,,QB-,0,0,0,0,0,0,0,0,0
4183,X,Nathan Peterman,QB,,32,0,,QB-,0,0,0,0,0,0,0,0,0
4184,X,Bucky Hodges,TE,,26,0,,TE-,0,0,0,0,0,0,0,0,0
4186,X,TJ Logan,RB,,27,0,,RB-,0,0,0,0,0,0,0,0,0
4187,X,Brian Hill,RB,,27,0,,RB-,0,0,0,0,0,0,0,0,0
4189,X,Eric Saubert,TE,SEA,32,0,,TE-,0,0,0,0,0,0,0,0,0
4197,X,Isaiah McKenzie,WR,,29,0,,WR-,0,0,0,0,0,0,0,0,0
4198,X,Jamal Agnew,WR,,30,0,,WR-,0,0,0,0,0,0,0,0,0
4200,X,DeAngelo Yancey,WR,,27,0,,WR-,0,0,0,0,0,0,0,0,0
4208,X,Rodney Adams,WR,,27,0,,WR-,0,0,0,0,0,0,0,0,0
4214,X,Shelton Gibson,WR,,27,0,,WR-,0,0,0,0,0,0,0,0,0
4218,X,Trent Taylor,WR,,31,0,,WR-,0,0,0,0,0,0,0,0,0
4221,X,Jeremy Sprinkle,TE,,28,0,,TE-,0,0,0,0,0,0,0,0,0
4222,X,Brad Kaaya,QB,,26,0,,QB-,0,0,0,0,0,0,0,0,0
4226,X,Alex Armah,FB,,29,0,,FB-,0,0,0,0,0,0,0,0,0
4229,X,Mason Schreck,TE,,29,0,,TE-,0,0,0,0,0,0,0,0,0
4232,X,Matthew Dayes,RB,,27,0,,RB-,0,0,0,0,0,0,0,0,0
4234,X,Noah Brown,WR,,30,0,Ricky,WR-Ricky,0,0,0,0,0,0,0,0,0
4239,X,De'Angelo Henderson,RB,,29,0,,RB-,0,0,0,0,0,0,0,0,0
4243,X,Malachi Dupre,WR,,26,0,,WR-,0,0,0,0,0,0,0,0,0
4244,X,Devante Mays,RB,,27,0,,RB-,0,0,0,0,0,0,0,0,0
4247,X,Marquez Williams,FB,,27,0,,FB-,0,0,0,0,0,0,0,0,0
4250,X,Sam Rogers,FB,,26,0,,FB-,0,0,0,0,0,0,0,0,0
4252,X,Isaiah Ford,WR,,27,0,,WR-,0,0,0,0,0,0,0,0,0
4254,X,Stacy Coley,WR,,27,0,,WR-,0,0,0,0,0,0,0,0,0
4263,X,Elijah McGuire,RB,KC,27,0,,RB-,0,0,0,0,0,0,0,0,0
4265,X,Elijah Hood,RB,,26,0,,RB-,0,0,0,0,0,0,0,0,0
4273,X,Chris Carson,RB,,27,0,,RB-,0,0,0,0,0,0,0,0,0
4274,X,David Moore,WR,CAR,31,0,Alex,WR-Alex,0,0,0,0,0,0,0,0,0
4283,X,Khalfani Muhammad,RB,,27,0,,RB-,0,0,0,0,0,0,0,0,0
4285,X,Robert Davis,WR,,26,0,,WR-,0,0,0,0,0,0,0,0,0
4289,X,Ishmael Zamora,WR,,26,0,,WR-,0,0,0,0,0,0,0,0,0
429,X,Percy Harvin,WR,,32,0,,WR-,0,0,0,0,0,0,0,0,0
4301,X,Josh Magee,WR,,30,0,,WR-,0,0,0,0,0,0,0,0,0
4305,X,Tyler Renew,RB,,27,0,,RB-,0,0,0,0,0,0,0,0,0
4307,X,Alek Torgersen,QB,,26,0,,QB-,0,0,0,0,0,0,0,0,0
4309,X,Scott Orndoff,TE,,28,0,,TE-,0,0,0,0,0,0,0,0,0
4314,X,Johnny Mundt,TE,PHI,31,0,,TE-,0,0,0,0,0,0,0,0,0
4319,X,Zach Pascal,WR,,30,0,,WR-,0,0,0,0,0,0,0,0,0
4320,X,James Quick,WR,,27,0,,WR-,0,0,0,0,0,0,0,0,0
4322,X,Dalton Crossan,RB,,27,0,,RB-,0,0,0,0,0,0,0,0,0
4323,X,Darrell Daniels,TE,,28,0,,TE-,0,0,0,0,0,0,0,0,0
4324,X,Trey Griffey,WR,,27,0,,WR-,0,0,0,0,0,0,0,0,0
4326,X,Bug Howard,TE,,27,0,,TE-,0,0,0,0,0,0,0,0,0
4327,X,Colin Jeter,TE,,26,0,,TE-,0,0,0,0,0,0,0,0,0
4328,X,Jerome Lane,WR,,26,0,,WR-,0,0,0,0,0,0,0,0,0
4330,X,JoJo Natson,WR,,27,0,,WR-,0,0,0,0,0,0,0,0,0
4335,X,PJ Walker,QB,,29,0,,QB-,0,0,0,0,0,0,0,0,0
4338,X,Levern Jacobs,WR,,29,0,,WR-,0,0,0,0,0,0,0,0,0
4342,X,Quincy Adeboyejo,WR,,26,0,,WR-,0,0,0,0,0,0,0,0,0
4344,X,CJ Board,WR,,29,0,,WR-,0,0,0,0,0,0,0,0,0
4349,X,Taquan Mizzell,RB,NYG,28,0,,RB-,0,0,0,0,0,0,0,0,0
4350,X,Ricky Ortiz,FB,,27,0,,FB-,0,0,0,0,0,0,0,0,0
4351,206,Tim Patrick,WR,NYJ,32,474,Alex,WR-Alex,14.8125,237,237,189.6,-237,0,-47.4,0,0
4353,X,Patrick Ricard,FB,NYG,32,0,,FB-,0,0,0,0,0,0,0,0,0
4355,X,Tim White,WR,,27,0,,WR-,0,0,0,0,0,0,0,0,0
4358,X,Austin Duke,WR,,28,0,,WR-,0,0,0,0,0,0,0,0,0
4360,X,Fred Ross,WR,,26,0,,WR-,0,0,0,0,0,0,0,0,0
4362,X,Cethan Carter,TE,,27,0,,TE-,0,0,0,0,0,0,0,0,0
4364,X,Karel Hamilton,WR,,26,0,,WR-,0,0,0,0,0,0,0,0,0
4365,X,Darrin Laufasa,FB,,26,0,,FB-,0,0,0,0,0,0,0,0,0
4367,X,Monty Madaris,WR,,28,0,,WR-,0,0,0,0,0,0,0,0,0
4372,X,Jarveon Williams,RB,,27,0,,RB-,0,0,0,0,0,0,0,0,0
4373,X,Stanley Williams,RB,,26,0,,RB-,0,0,0,0,0,0,0,0,0
4376,X,Michael Clark,WR,,26,0,,WR-,0,0,0,0,0,0,0,0,0
4377,X,Montay Crockett,WR,,28,0,,WR-,0,0,0,0,0,0,0,0,0
4381,X,Taysom Hill,TE,,35,0,Tristan,TE-Tristan,0,0,0,0,0,0,0,0,0
4384,X,Aaron Peck,TE,,27,0,,TE-,0,0,0,0,0,0,0,0,0
4385,X,Kalif Phillips,RB,,27,0,,RB-,0,0,0,0,0,0,0,0,0
4392,X,Malcolm Lewis,WR,,28,0,,WR-,0,0,0,0,0,0,0,0,0
4396,X,Drew Morgan,WR,,27,0,,WR-,0,0,0,0,0,0,0,0,0
4398,X,De'Veon Smith,RB,,27,0,,RB-,0,0,0,0,0,0,0,0,0
4401,X,Damore'ea Stringfellow,WR,,27,0,,WR-,0,0,0,0,0,0,0,0,0
4406,X,Wes Lunt,QB,,28,0,,QB-,0,0,0,0,0,0,0,0,0
4408,X,Terrell Newby,RB,,26,0,,RB-,0,0,0,0,0,0,0,0,0
4409,X,Josiah Price,TE,,28,0,,TE-,0,0,0,0,0,0,0,0,0
4411,X,RJ Shelton,WR,,27,0,,WR-,0,0,0,0,0,0,0,0,0
4416,X,Austin Carr,WR,,28,0,,WR-,0,0,0,0,0,0,0,0,0
4418,X,LeShun Daniels,RB,,26,0,,RB-,0,0,0,0,0,0,0,0,0
4420,X,Cody Hollister,WR,,29,0,,WR-,0,0,0,0,0,0,0,0,0
4421,X,Jacob Hollister,TE,,30,0,,TE-,0,0,0,0,0,0,0,0,0
4434,X,Brisly Estime,WR,,29,0,,WR-,0,0,0,0,0,0,0,0,0
4435,X,Anthony Firkser,TE,DET,31,0,,TE-,0,0,0,0,0,0,0,0,0
4437,X,Connor Harris,FB,,28,0,,FB-,0,0,0,0,0,0,0,0,0
4443,X,Pharaoh Brown,TE,,31,0,,TE-,0,0,0,0,0,0,0,0,0
4445,X,Keon Hatcher,WR,,27,0,,WR-,0,0,0,0,0,0,0,0,0
4451,X,Isaac Whitney,WR,ARI,27,0,,WR-,0,0,0,0,0,0,0,0,0
4453,X,Victor Bolden,WR,,28,0,,WR-,0,0,0,0,0,0,0,0,0
4455,X,Matt Breida,RB,,29,0,,RB-,0,0,0,0,0,0,0,0,0
4456,X,KD Cannon,WR,,26,0,,WR-,0,0,0,0,0,0,0,0,0
4460,X,Cole Hikutini,TE,,27,0,,TE-,0,0,0,0,0,0,0,0,0
4463,X,Tyler McCloskey,RB,,27,0,,RB-,0,0,0,0,0,0,0,0,0
4464,X,Nick Mullens,QB,JAX,31,0,,QB-,0,0,0,0,0,0,0,0,0
4468,X,Antony Auclair,TE,,29,0,,TE-,0,0,0,0,0,0,0,0,0
4475,X,Sefo Liufau,QB,,27,0,,QB-,0,0,0,0,0,0,0,0,0
4479,X,Thomas Sperbeck,WR,,27,0,,WR-,0,0,0,0,0,0,0,0,0
448,X,Josh Freeman,QB,,32,0,,QB-,0,0,0,0,0,0,0,0,0
4480,X,Bobo Wilson,WR,,26,0,,WR-,0,0,0,0,0,0,0,0,0
4485,X,William Stanback,RB,,27,0,,RB-,0,0,0,0,0,0,0,0,0
4489,X,Gehrig Dieter,WR,,29,0,,WR-,0,0,0,0,0,0,0,0,0
449,X,Kellen Winslow,TE,,35,0,,TE-,0,0,0,0,0,0,0,0,0
4490,X,Wyatt Houston,TE,CAR,23,0,,TE-,0,0,0,0,0,0,0,0,0
4491,X,Marcus Kemp,WR,,28,0,,WR-,0,0,0,0,0,0,0,0,0
4494,X,Alonzo Moore,WR,,29,0,,WR-,0,0,0,0,0,0,0,0,0
4497,X,Tony Stevens,WR,,26,0,,WR-,0,0,0,0,0,0,0,0,0
450,X,Billy Bajema,TE,,34,0,,TE-,0,0,0,0,0,0,0,0,0
4504,X,John Robinson-Woodgett,RB,,28,0,,RB-,0,0,0,0,0,0,0,0,0
4508,X,Gabe Marks,WR,,27,0,,WR-,0,0,0,0,0,0,0,0,0
4515,X,BJ Johnson,WR,,28,0,,WR-,0,0,0,0,0,0,0,0,0
4518,X,Emanuel Byrd,TE,,27,0,,TE-,0,0,0,0,0,0,0,0,0
4519,X,Devine Redding,RB,,25,0,,RB-,0,0,0,0,0,0,0,0,0
4520,X,Travin Dural,WR,,28,0,,WR-,0,0,0,0,0,0,0,0,0
4522,X,Carlton Agudosi,WR,,27,0,,WR-,0,0,0,0,0,0,0,0,0
4526,X,Krishawn Hogan,WR,,26,0,,WR-,0,0,0,0,0,0,0,0,0
4528,X,Trevor Knight,QB,,28,0,,QB-,0,0,0,0,0,0,0,0,0
4531,X,Ricky Seals-Jones,TE,,28,0,,TE-,0,0,0,0,0,0,0,0,0
4533,X,James Summers,RB,,27,0,,RB-,0,0,0,0,0,0,0,0,0
4535,X,Steven Wroblewski,TE,,29,0,,TE-,0,0,0,0,0,0,0,0,0
4536,X,Jason Croom,TE,,28,0,,TE-,0,0,0,0,0,0,0,0,0
4537,X,Jordan Johnson,RB,,27,0,,RB-,0,0,0,0,0,0,0,0,0
454,X,Chris Ogbonnaya,RB,,31,0,,RB-,0,0,0,0,0,0,0,0,0
4541,X,Brandon Reilly,WR,,28,0,,WR-,0,0,0,0,0,0,0,0,0
4544,X,Daikiel Shorts,WR,,27,0,,WR-,0,0,0,0,0,0,0,0,0
4545,X,Keith Towbridge,TE,,26,0,,TE-,0,0,0,0,0,0,0,0,0
4548,X,Joel Bouagnon,RB,,26,0,,RB-,0,0,0,0,0,0,0,0,0
455,X,Michael Crabtree,WR,,34,0,,WR-,0,0,0,0,0,0,0,0,0
4551,X,Tanner Gentry,WR,,28,0,,WR-,0,0,0,0,0,0,0,0,0
4557,X,Freddie Stevenson,FB,,26,0,,FB-,0,0,0,0,0,0,0,0,0
456,X,Deon Butler,TE,,31,0,,TE-,0,0,0,0,0,0,0,0,0
4563,X,Taylor McNamara,TE,,27,0,,TE-,0,0,0,0,0,0,0,0,0
4569,X,Brian Brown,WR,,27,0,,WR-,0,0,0,0,0,0,0,0,0
4571,X,Blake Jarwin,TE,,27,0,,TE-,0,0,0,0,0,0,0,0,0
4574,X,Cooper Rush,QB,ATL,32,0,Jordan,QB-Jordan,0,0,0,0,0,0,0,0,0
4576,X,Jahad Thomas,RB,,26,0,,RB-,0,0,0,0,0,0,0,0,0
458,X,Justin Forsett,RB,,34,0,,RB-,0,0,0,0,0,0,0,0,0
4585,X,Anthony Nash,WR,,28,0,,WR-,0,0,0,0,0,0,0,0,0
4588,X,Kyle Sloter,QB,,28,0,,QB-,0,0,0,0,0,0,0,0,0
4593,X,Brandon Barnes,TE,,27,0,,TE-,0,0,0,0,0,0,0,0,0
4595,X,Dontez Ford,WR,,27,0,,WR-,0,0,0,0,0,0,0,0,0
4596,X,Tion Green,RB,,28,0,,RB-,0,0,0,0,0,0,0,0,0
4599,X,Michael Rector,WR,,28,0,,WR-,0,0,0,0,0,0,0,0,0
4600,X,Noel Thomas,WR,,27,0,,WR-,0,0,0,0,0,0,0,0,0
4602,X,Robert Tonyan,TE,PIT,32,0,,TE-,0,0,0,0,0,0,0,0,0
4605,X,Evan Baylis,TE,,28,0,,TE-,0,0,0,0,0,0,0,0,0
4607,X,Zach Conque,QB,,27,0,,QB-,0,0,0,0,0,0,0,0,0
461,X,Michael Vick,QB,,40,0,,QB-,0,0,0,0,0,0,0,0,0
4610,X,Deante' Gray,WR,,27,0,,WR-,0,0,0,0,0,0,0,0,0
4613,X,Shaq Hill,WR,,28,0,,WR-,0,0,0,0,0,0,0,0,0
4614,X,Riley McCarron,WR,,28,0,,WR-,0,0,0,0,0,0,0,0,0
462,X,Brett Favre,QB,,48,0,,QB-,0,0,0,0,0,0,0,0,0
4621,X,Caleb Bluiett,TE,,28,0,,TE-,0,0,0,0,0,0,0,0,0
4622,X,Keelan Cole,WR,,31,0,,WR-,0,0,0,0,0,0,0,0,0
4623,X,Tim Cook,RB,,27,0,,RB-,0,0,0,0,0,0,0,0,0
4626,X,Amba Etta-Tawo,WR,,28,0,,WR-,0,0,0,0,0,0,0,0,0
4630,X,I'Tavius Mathers,RB,,28,0,,RB-,0,0,0,0,0,0,0,0,0
4634,X,Kenneth Walker,WR,,27,0,,WR-,0,0,0,0,0,0,0,0,0
4635,X,Justin Davis,RB,,26,0,,RB-,0,0,0,0,0,0,0,0,0
4636,X,Lenard Tillery,RB,,28,0,,RB-,0,0,0,0,0,0,0,0,0
4641,X,Keeon Johnson,WR,,27,0,,WR-,0,0,0,0,0,0,0,0,0
4644,X,Travis Rudolph,WR,,26,0,,WR-,0,0,0,0,0,0,0,0,0
4646,X,Shane Smith,FB,,28,0,,FB-,0,0,0,0,0,0,0,0,0
4647,X,Colin Thompson,TE,,29,0,,TE-,0,0,0,0,0,0,0,0,0
465,X,Brandon Pettigrew,TE,,35,0,,TE-,0,0,0,0,0,0,0,0,0
4650,X,Billy Brown,TE,,28,0,,TE-,0,0,0,0,0,0,0,0,0
4651,X,Corey Clement,RB,,29,0,,RB-,0,0,0,0,0,0,0,0,0
4660,X,Sean Culkin,TE,,28,0,,TE-,0,0,0,0,0,0,0,0,0
4663,X,Austin Ekeler,RB,,30,0,Lucas,RB-Lucas,0,0,0,0,0,0,0,0,0
4665,X,Eli Jenkins,QB,,27,0,,QB-,0,0,0,0,0,0,0,0,0
4669,X,Andre Patton,WR,,27,0,,WR-,0,0,0,0,0,0,0,0,0
4670,X,Artavis Scott,WR,,27,0,,WR-,0,0,0,0,0,0,0,0,0
4673,X,Algernon Brown,FB,,30,0,,FB-,0,0,0,0,0,0,0,0,0
4676,X,Darreus Rogers,WR,,28,0,,WR-,0,0,0,0,0,0,0,0,0
4678,X,Tyrone Swoopes,TE,,27,0,,TE-,0,0,0,0,0,0,0,0,0
468,X,Ben Hartsock,TE,,37,0,,TE-,0,0,0,0,0,0,0,0,0
4680,X,Larry Clark,WR,,28,0,,WR-,0,0,0,0,0,0,0,0,0
4681,X,Reggie Davis,WR,,26,0,,WR-,0,0,0,0,0,0,0,0,0
469,X,Matthew Mulligan,TE,,35,0,,TE-,0,0,0,0,0,0,0,0,0
4696,X,Trey Edmunds,RB,,27,0,,RB-,0,0,0,0,0,0,0,0,0
4697,X,Khalid Abdullah,RB,,26,0,,RB-,0,0,0,0,0,0,0,0,0
4699,X,Kevin Snead,WR,,30,0,,WR-,0,0,0,0,0,0,0,0,0
47,X,Jackie Battle,FB,,33,0,,FB-,0,0,0,0,0,0,0,0,0
4704,X,Tyler Ferguson,QB,,28,0,,QB-,0,0,0,0,0,0,0,0,0
4707,X,Akeem Judd,RB,,29,0,,RB-,0,0,0,0,0,0,0,0,0
4708,X,KeVonn Mabon,WR,,28,0,,WR-,0,0,0,0,0,0,0,0,0
4710,X,Gio Pascascio,WR,,27,0,,WR-,0,0,0,0,0,0,0,0,0
4718,X,Dare Ogunbowale,RB,,31,0,,RB-,0,0,0,0,0,0,0,0,0
4719,X,Chris Thompson,WR,,27,0,,WR-,0,0,0,0,0,0,0,0,0
4721,X,Shakeir Ryan,WR,,26,0,,WR-,0,0,0,0,0,0,0,0,0
4723,X,Justin Thomas,WR,,34,0,,WR-,0,0,0,0,0,0,0,0,0
4725,X,Phazahn Odom,TE,,27,0,,TE-,0,0,0,0,0,0,0,0,0
4727,X,Mitchell Paige,WR,,28,0,,WR-,0,0,0,0,0,0,0,0,0
4728,X,Bart Houston,QB,,29,0,,QB-,0,0,0,0,0,0,0,0,0
4730,X,Sam Cotton,TE,,27,0,,TE-,0,0,0,0,0,0,0,0,0
4731,X,Joe Bacci,FB,,27,0,,FB-,0,0,0,0,0,0,0,0,0
4733,X,Alex Gray,TE,,30,0,,TE-,0,0,0,0,0,0,0,0,0
4738,X,Colby Pearson,WR,,26,0,,WR-,0,0,0,0,0,0,0,0,0
474,X,Hakeem Nicks,WR,,32,0,,WR-,0,0,0,0,0,0,0,0,0
4741,X,Dan Arnold,TE,,28,0,,TE-,0,0,0,0,0,0,0,0,0
4744,X,Barrett Burns,TE,BAL,23,0,,TE-,0,0,0,0,0,0,0,0,0
4747,X,Stevie Donatell,TE,,27,0,,TE-,0,0,0,0,0,0,0,0,0
4749,X,Cameron Posey,WR,,28,0,,WR-,0,0,0,0,0,0,0,0,0
4750,X,Lance Lenoir,WR,,28,0,,WR-,0,0,0,0,0,0,0,0,0
4752,X,Fred Brown,WR,,28,0,,WR-,0,0,0,0,0,0,0,0,0
4767,X,Dane Evans,QB,,28,0,,QB-,0,0,0,0,0,0,0,0,0
4768,X,Adam Zaruba,TE,,30,0,,TE-,0,0,0,0,0,0,0,0,0
4770,X,Duplicate Player,WR,,30,0,,WR-,0,0,0,0,0,0,0,0,0
4774,X,De'Mard Llorens,RB,,27,0,,RB-,0,0,0,0,0,0,0,0,0
4777,X,De'Chavon Hayes,RB,,29,0,,RB-,0,0,0,0,0,0,0,0,0
4778,X,Reggie Davis,WR,,26,0,,WR-,0,0,0,0,0,0,0,0,0
4779,X,Bra'Lon Cherry,WR,,26,0,,WR-,0,0,0,0,0,0,0,0,0
4785,X,Kermit Whitfield,WR,,28,0,,WR-,0,0,0,0,0,0,0,0,0
4786,X,Jhajuan Seales,WR,,28,0,,WR-,0,0,0,0,0,0,0,0,0
4787,X,Jordan Westerkamp,WR,,27,0,,WR-,0,0,0,0,0,0,0,0,0
479,X,Jalen Parmele,RB,,31,0,,RB-,0,0,0,0,0,0,0,0,0
4791,X,Darius Victor,RB,,27,0,,RB-,0,0,0,0,0,0,0,0,0
4797,X,Josh Rounds,RB,,28,0,,RB-,0,0,0,0,0,0,0,0,0
4803,X,Nate Iese,TE,,27,0,,TE-,0,0,0,0,0,0,0,0,0
4805,X,Pig Howard,WR,,28,0,,WR-,0,0,0,0,0,0,0,0,0
4806,X,Brandon Radcliff,RB,,28,0,,RB-,0,0,0,0,0,0,0,0,0
4813,X,Marvin Bracy,WR,,28,0,,WR-,0,0,0,0,0,0,0,0,0
4814,X,De'Quan Hampton,WR,,27,0,,WR-,0,0,0,0,0,0,0,0,0
4815,X,Brian Riley,WR,,26,0,,WR-,0,0,0,0,0,0,0,0,0
4821,X,Jamari Staples,WR,,27,0,,WR-,0,0,0,0,0,0,0,0,0
4823,X,Keevan Lucas,WR,,26,0,,WR-,0,0,0,0,0,0,0,0,0
4825,X,Freddie Brown,WR,,34,0,,WR-,0,0,0,0,0,0,0,0,0
4827,X,Germone Hopper,WR,,28,0,,WR-,0,0,0,0,0,0,0,0,0
4828,X,Rashard Davis,WR,,26,0,,WR-,0,0,0,0,0,0,0,0,0
4829,X,Daniel Williams,WR,,26,0,,WR-,0,0,0,0,0,0,0,0,0
4831,X,Justice Liggins,WR,,27,0,,WR-,0,0,0,0,0,0,0,0,0
4832,X,Andrew Price,TE,,28,0,,TE-,0,0,0,0,0,0,0,0,0
4835,X,Darrius Sims,RB,,27,0,,RB-,0,0,0,0,0,0,0,0,0
4839,X,Mitch Leidner,QB,,27,0,,QB-,0,0,0,0,0,0,0,0,0
4853,X,Jerod Evans,QB,,27,0,,QB-,0,0,0,0,0,0,0,0,0
4854,X,River Cracraft,WR,WAS,31,0,,WR-,0,0,0,0,0,0,0,0,0
4861,X,Kent Taylor,TE,,28,0,,TE-,0,0,0,0,0,0,0,0,0
4863,X,Josh Rosen,QB,,25,0,,QB-,0,0,0,0,0,0,0,0,0
4864,X,Jevoni Robinson,TE,,29,0,,TE-,0,0,0,0,0,0,0,0,0
4874,X,Chris Bazile,TE,,30,0,,TE-,0,0,0,0,0,0,0,0,0
4878,X,Brandon Zylstra,WR,,29,0,,WR-,0,0,0,0,0,0,0,0,0
4879,X,Francis Owusu,WR,,25,0,,WR-,0,0,0,0,0,0,0,0,0
4895,X,Lamar Atkins,WR,,27,0,,WR-,0,0,0,0,0,0,0,0,0
490,X,Chase Daniel,QB,,36,0,,QB-,0,0,0,0,0,0,0,0,0
491,X,Danny Amendola,WR,,36,0,,WR-,0,0,0,0,0,0,0,0,0
4910,X,Quincy McDuffie,WR,,31,0,,WR-,0,0,0,0,0,0,0,0,0
4914,X,Glen Coffee,RB,SF,30,0,,RB-,0,0,0,0,0,0,0,0,0
4917,X,Daryl Virgies,RB,,29,0,,RB-,0,0,0,0,0,0,0,0,0
492,X,Tyler Thigpen,RB,,37,0,,RB-,0,0,0,0,0,0,0,0,0
4923,X,Rushel Shell,RB,,28,0,,RB-,0,0,0,0,0,0,0,0,0
4924,X,Zach Terrell,QB,BAL,24,0,,QB-,0,0,0,0,0,0,0,0,0
4930,X,Franko House,TE,CHI,23,0,,TE-,0,0,0,0,0,0,0,0,0
4931,X,Austin Appleby,QB,,28,0,,QB-,0,0,0,0,0,0,0,0,0
4934,X,Jalen Williams,WR,,27,0,,WR-,0,0,0,0,0,0,0,0,0
4936,X,Skyler Howard,QB,SEA,23,0,,QB-,0,0,0,0,0,0,0,0,0
4937,X,Al Riles,WR,IND,24,0,,WR-,0,0,0,0,0,0,0,0,0
4938,X,Speedy Noil,WR,,26,0,,WR-,0,0,0,0,0,0,0,0,0
4940,X,DeSean Smith,TE,,27,0,,TE-,0,0,0,0,0,0,0,0,0
4942,X,Marcell Ateman,WR,,29,0,,WR-,0,0,0,0,0,0,0,0,0
4949,X,Derrius Guice,RB,,24,0,,RB-,0,0,0,0,0,0,0,0,0
4951,X,DJ Chark,WR,,28,0,Shane,WR-Shane,0,0,0,0,0,0,0,0,0
4955,X,Ronald Jones,RB,,27,0,,RB-,0,0,0,0,0,0,0,0,0
496,X,Brandon Gibson,WR,,30,0,,WR-,0,0,0,0,0,0,0,0,0
4962,X,Sony Michel,RB,,28,0,,RB-,0,0,0,0,0,0,0,0,0
4973,X,Hayden Hurst,TE,,31,0,Tristan,TE-Tristan,0,0,0,0,0,0,0,0,0
4985,X,Rashaad Penny,RB,,28,0,,RB-,0,0,0,0,0,0,0,0,0
4988,X,Nick Chubb,RB,,30,0,Luc,RB-Luc,0,0,0,0,0,0,0,0,0
4992,X,Dante Pettis,WR,BUF,30,0,,WR-,0,0,0,0,0,0,0,0,0
4994,X,Kalen Ballage,RB,,26,0,,RB-,0,0,0,0,0,0,0,0,0
4995,X,Ian Thomas,TE,LV,30,0,,TE-,0,0,0,0,0,0,0,0,0
4996,X,Kyle Lauletta,QB,,26,0,,QB-,0,0,0,0,0,0,0,0,0
4997,X,Mark Walton,RB,,24,0,,RB-,0,0,0,0,0,0,0,0,0
4998,X,DaeSean Hamilton,WR,,27,0,,WR-,0,0,0,0,0,0,0,0,0
5,X,Dallas Clark,TE,,38,0,,TE-,0,0,0,0,0,0,0,0,0
50,X,Jordan Palmer,QB,,33,0,,QB-,0,0,0,0,0,0,0,0,0
5000,X,Chase Edmonds,RB,,29,0,Jeremy,RB-Jeremy,0,0,0,0,0,0,0,0,0
5004,X,Ito Smith,RB,DAL,26,0,,RB-,0,0,0,0,0,0,0,0,0
5005,X,Jaleel Scott,WR,,26,0,,WR-,0,0,0,0,0,0,0,0,0
5006,X,J'Mon Moore,WR,,26,0,,WR-,0,0,0,0,0,0,0,0,0
5007,X,Keke Coutee,WR,,26,0,,WR-,0,0,0,0,0,0,0,0,0
5008,X,Durham Smythe,TE,BAL,30,0,,TE-,0,0,0,0,0,0,0,0,0
5009,X,Chris Herndon,TE,,26,0,,TE-,0,0,0,0,0,0,0,0,0
5010,X,Will Dissly,TE,,29,0,Alex,TE-Alex,0,0,0,0,0,0,0,0,0
5013,X,Anthony Miller,WR,,30,0,,WR-,0,0,0,0,0,0,0,0,0
502,X,Bear Pascoe,TE,,34,0,,TE-,0,0,0,0,0,0,0,0,0
5024,X,James Washington,WR,,28,0,,WR-,0,0,0,0,0,0,0,0,0
5026,X,Tre'Quan Smith,WR,,28,0,,WR-,0,0,0,0,0,0,0,0,0
5032,X,Jordan Akins,TE,,33,0,,TE-,0,0,0,0,0,0,0,0,0
5038,X,Michael Gallup,WR,,29,0,,WR-,0,0,0,0,0,0,0,0,0
504,X,Micheal Spurlock,WR,,34,0,,WR-,0,0,0,0,0,0,0,0,0
5046,X,Royce Freeman,RB,,29,0,,RB-,0,0,0,0,0,0,0,0,0
5052,X,Ronald Jones,RB,,26,0,,RB-,0,0,0,0,0,0,0,0,0
506,X,David Nelson,WR,,31,0,,WR-,0,0,0,0,0,0,0,0,0
5068,X,Kerryon Johnson,RB,,24,0,,RB-,0,0,0,0,0,0,0,0,0
507,X,CJ Spiller,RB,,33,0,,RB-,0,0,0,0,0,0,0,0,0
5070,X,Jordan Lasley,WR,,25,0,,WR-,0,0,0,0,0,0,0,0,0
5076,X,John Kelly,RB,,28,0,,RB-,0,0,0,0,0,0,0,0,0
5080,X,Damion Ratley,WR,,26,0,,WR-,0,0,0,0,0,0,0,0,0
5086,X,Marquez Valdes-Scantling,WR,DAL,31,0,Tristan,WR-Tristan,0,0,0,0,0,0,0,0,0
5089,X,Mike White,QB,,30,0,,QB-,0,0,0,0,0,0,0,0,0
5092,X,Troy Fumagalli,TE,,29,0,,TE-,0,0,0,0,0,0,0,0,0
5094,X,Ryan Izzo,TE,,26,0,,TE-,0,0,0,0,0,0,0,0,0
5096,X,Ray-Ray McCloud,WR,,29,0,James,WR-James,0,0,0,0,0,0,0,0,0
51,X,Anthony Fasano,TE,,36,0,,TE-,0,0,0,0,0,0,0,0,0
5100,X,Jordan Wilkins,RB,,29,0,,RB-,0,0,0,0,0,0,0,0,0
5101,X,Deon Cain,WR,,29,0,,WR-,0,0,0,0,0,0,0,0,0
5102,X,Daurice Fountain,WR,,28,0,,WR-,0,0,0,0,0,0,0,0,0
5103,X,Dylan Cantrell,TE,,27,0,,TE-,0,0,0,0,0,0,0,0,0
5107,X,Jaylen Samuels,RB,,25,0,,RB-,0,0,0,0,0,0,0,0,0
5108,X,Luke Falk,QB,,27,0,,QB-,0,0,0,0,0,0,0,0,0
511,X,Marlon Moore,WR,,33,0,,WR-,0,0,0,0,0,0,0,0,0
5110,X,Russell Gage,WR,,29,0,Luc,WR-Luc,0,0,0,0,0,0,0,0,0
5111,X,Javon Wims,WR,,28,0,,WR-,0,0,0,0,0,0,0,0,0
5112,X,Bo Scarbrough,RB,,25,0,,RB-,0,0,0,0,0,0,0,0,0
5113,X,Cedrick Wilson,WR,DET,30,0,,WR-,0,0,0,0,0,0,0,0,0
5115,X,David Williams,RB,,27,0,,RB-,0,0,0,0,0,0,0,0,0
5116,X,Nick Bawden,FB,,28,0,,FB-,0,0,0,0,0,0,0,0,0
5117,X,Jordan Thomas,TE,,28,0,,TE-,0,0,0,0,0,0,0,0,0
5118,X,Tanner Lee,QB,,26,0,,QB-,0,0,0,0,0,0,0,0,0
5120,X,Danny Etling,QB,,29,0,,QB-,0,0,0,0,0,0,0,0,0
5121,X,Braxton Berrios,WR,NYG,30,0,,WR-,0,0,0,0,0,0,0,0,0
5122,X,Boston Scott,RB,,29,0,,RB-,0,0,0,0,0,0,0,0,0
5123,X,Trenton Cannon,RB,,28,0,,RB-,0,0,0,0,0,0,0,0,0
5124,X,Alex McGough,QB,,29,0,,QB-,0,0,0,0,0,0,0,0,0
5125,X,Damoun Patterson,WR,,27,0,,WR-,0,0,0,0,0,0,0,0,0
5126,X,Austin Proehl,WR,,26,0,,WR-,0,0,0,0,0,0,0,0,0
5127,X,Kyle Allen,QB,BUF,30,0,,QB-,0,0,0,0,0,0,0,0,0
5128,X,Logan Woodside,QB,,30,0,,QB-,0,0,0,0,0,0,0,0,0
5129,X,Adonis Jennings,WR,,26,0,,WR-,0,0,0,0,0,0,0,0,0
5130,X,Auden Tate,WR,,26,0,,WR-,0,0,0,0,0,0,0,0,0
5131,X,Justin Jackson,RB,,26,0,,RB-,0,0,0,0,0,0,0,0,0
5132,X,Steven Mitchell,WR,,27,0,,WR-,0,0,0,0,0,0,0,0,0
5134,X,Keith Kirkwood,WR,,31,0,,WR-,0,0,0,0,0,0,0,0,0
5135,X,Saeed Blacknall,WR,,25,0,,WR-,0,0,0,0,0,0,0,0,0
5136,X,Josh Adams,RB,,25,0,,RB-,0,0,0,0,0,0,0,0,0
5137,X,Richie James,WR,,28,0,,WR-,0,0,0,0,0,0,0,0,0
5138,X,Martez Carter,RB,,28,0,,RB-,0,0,0,0,0,0,0,0,0
5139,X,Trey Quinn,WR,,27,0,,WR-,0,0,0,0,0,0,0,0,0
5140,X,Jaelon Acklin,WR,,26,0,,WR-,0,0,0,0,0,0,0,0,0
5142,X,Kurt Benkert,QB,,27,0,,QB-,0,0,0,0,0,0,0,0,0
5143,X,Demario Richard,RB,,25,0,,RB-,0,0,0,0,0,0,0,0,0
5144,X,Malik Williams,RB,,25,0,,RB-,0,0,0,0,0,0,0,0,0
5145,X,Luke McNitt,FB,,27,0,,FB-,0,0,0,0,0,0,0,0,0
515,X,Rob Gronkowski,TE,,32,0,,TE-,0,0,0,0,0,0,0,0,0
5154,X,Trent Sherfield,WR,BUF,30,0,,WR-,0,0,0,0,0,0,0,0,0
5155,X,Corey Willis,WR,,26,0,,WR-,0,0,0,0,0,0,0,0,0
5156,X,Andrew Vollert,TE,,26,0,,TE-,0,0,0,0,0,0,0,0,0
516,X,Aaron Hernandez,TE,,29,0,,TE-,0,0,0,0,0,0,0,0,0
5162,X,Reggie Bonnafon,RB,,27,0,,RB-,0,0,0,0,0,0,0,0,0
5163,X,Ryan Nall,RB,,26,0,,RB-,0,0,0,0,0,0,0,0,0
5164,X,Simmie Cobbs,WR,,26,0,,WR-,0,0,0,0,0,0,0,0,0
5165,X,Quinton Flowers,QB,,27,0,,QB-,0,0,0,0,0,0,0,0,0
5166,X,Da'Mari Scott,WR,,26,0,,WR-,0,0,0,0,0,0,0,0,0
5167,X,Dalton Sturm,QB,,26,0,,QB-,0,0,0,0,0,0,0,0,0
5168,X,Jordan Chunn,RB,,27,0,,RB-,0,0,0,0,0,0,0,0,0
5169,X,Malik Earl,WR,,25,0,,WR-,0,0,0,0,0,0,0,0,0
5170,X,Phillip Lindsay,RB,,28,0,,RB-,0,0,0,0,0,0,0,0,0
5171,X,Kevin Rader,TE,,29,0,,TE-,0,0,0,0,0,0,0,0,0
5175,X,Jawill Davis,WR,,26,0,,WR-,0,0,0,0,0,0,0,0,0
5176,X,Davon Grayson,WR,,26,0,,WR-,0,0,0,0,0,0,0,0,0
5185,X,Allen Lazard,WR,,30,0,Tristan,WR-Tristan,0,0,0,0,0,0,0,0,0
5192,X,Ralph Webb,RB,,27,0,,RB-,0,0,0,0,0,0,0,0,0
5194,X,Matt Flanagan,TE,,26,0,,TE-,0,0,0,0,0,0,0,0,0
5195,X,Akrum Wadley,RB,,26,0,,RB-,0,0,0,0,0,0,0,0,0
5196,X,Ethan Wolf,TE,,26,0,,TE-,0,0,0,0,0,0,0,0,0
5197,X,Rico Gafford,WR,,26,0,,WR-,0,0,0,0,0,0,0,0,0
5199,X,Byron Pringle,WR,,30,0,,WR-,0,0,0,0,0,0,0,0,0
52,X,Joel Dreessen,TE,,35,0,,TE-,0,0,0,0,0,0,0,0,0
520,X,John Conner,FB,,32,0,,FB-,0,0,0,0,0,0,0,0,0
5201,X,Terry Swanson,RB,,25,0,,RB-,0,0,0,0,0,0,0,0,0
5207,X,Marchie Murdock,WR,,27,0,,WR-,0,0,0,0,0,0,0,0,0
5209,X,Mike Boone,RB,,30,0,,RB-,0,0,0,0,0,0,0,0,0
521,X,Jeff Cumberland,TE,,33,0,,TE-,0,0,0,0,0,0,0,0,0
5210,X,Korey Robertson,WR,,26,0,,WR-,0,0,0,0,0,0,0,0,0
5211,X,Jake Wieneke,WR,,27,0,,WR-,0,0,0,0,0,0,0,0,0
5217,X,Jason Reese,TE,,26,0,,TE-,0,0,0,0,0,0,0,0,0
5220,X,Godwin Igwebuike,RB,,29,0,,RB-,0,0,0,0,0,0,0,0,0
5223,X,Caleb Scott,WR,TEN,25,0,,WR-,0,0,0,0,0,0,0,0,0
5228,X,JT Barrett,QB,,26,0,,QB-,0,0,0,0,0,0,0,0,0
523,X,Joe McKnight,RB,,30,0,,RB-,0,0,0,0,0,0,0,0,0
5231,X,Cole Hunt,TE,,26,0,,TE-,0,0,0,0,0,0,0,0,0
5233,X,Marcus Baugh,TE,,27,0,,TE-,0,0,0,0,0,0,0,0,0
5235,X,David Wells,TE,,29,0,,TE-,0,0,0,0,0,0,0,0,0
5236,X,Kyle Lewis,WR,,26,0,,WR-,0,0,0,0,0,0,0,0,0
5237,X,Chad Kanoff,QB,,27,0,,QB-,0,0,0,0,0,0,0,0,0
5238,X,Austin Ramesh,FB,,26,0,,FB-,0,0,0,0,0,0,0,0,0
5239,X,Lamar Jordan,QB,,27,0,,QB-,0,0,0,0,0,0,0,0,0
5240,X,Daniel Marx,FB,,26,0,,FB-,0,0,0,0,0,0,0,0,0
5241,X,Christian Blake,WR,,26,0,,WR-,0,0,0,0,0,0,0,0,0
5242,X,Dontez Byrd,WR,,26,0,,WR-,0,0,0,0,0,0,0,0,0
5243,X,Detrich Clark,WR,,27,0,,WR-,0,0,0,0,0,0,0,0,0
5244,X,Devin Gray,WR,,27,0,,WR-,0,0,0,0,0,0,0,0,0
5245,X,Troy Mangen,TE,,27,0,,TE-,0,0,0,0,0,0,0,0,0
5246,X,Jake Roh,TE,,27,0,,TE-,0,0,0,0,0,0,0,0,0
5248,X,Gus Edwards,RB,,29,0,Jeremy,RB-Jeremy,0,0,0,0,0,0,0,0,0
5249,X,Andre Levrone,WR,,26,0,,WR-,0,0,0,0,0,0,0,0,0
5250,X,Robert Foster,WR,,28,0,,WR-,0,0,0,0,0,0,0,0,0
5252,X,Ray Lawry,RB,,25,0,,RB-,0,0,0,0,0,0,0,0,0
5253,X,Jordan Franks,TE,,27,0,,TE-,0,0,0,0,0,0,0,0,0
5254,X,Jimmy Williams,WR,,26,0,,WR-,0,0,0,0,0,0,0,0,0
5255,X,Teo Redding,WR,,27,0,,WR-,0,0,0,0,0,0,0,0,0
5256,X,DeAndre Goolsby,TE,,25,0,,TE-,0,0,0,0,0,0,0,0,0
5257,X,Tim Boyle,QB,,30,0,,QB-,0,0,0,0,0,0,0,0,0
5259,X,Lavon Coleman,RB,,27,0,,RB-,0,0,0,0,0,0,0,0,0
5260,X,Vyncint Smith,WR,,27,0,,WR-,0,0,0,0,0,0,0,0,0
5261,X,Jester Weah,WR,,26,0,,WR-,0,0,0,0,0,0,0,0,0
5262,X,Steve Ishmael,WR,,26,0,,WR-,0,0,0,0,0,0,0,0,0
5263,X,Chase Litton,QB,,26,0,,QB-,0,0,0,0,0,0,0,0,0
5264,X,Blake Mack,TE,,25,0,,TE-,0,0,0,0,0,0,0,0,0
5265,X,Nic Shimonek,QB,,27,0,,QB-,0,0,0,0,0,0,0,0,0
5266,X,Detrez Newsome,RB,,27,0,,RB-,0,0,0,0,0,0,0,0,0
5267,X,JJ Jones,WR,,27,0,,WR-,0,0,0,0,0,0,0,0,0
5268,X,Ben Johnson,TE,,27,0,,TE-,0,0,0,0,0,0,0,0,0
5269,X,Codey McElroy,TE,,29,0,,TE-,0,0,0,0,0,0,0,0,0
527,X,Dennis Pitta,TE,,36,0,,TE-,0,0,0,0,0,0,0,0,0
5270,X,Riley Ferguson,QB,,31,0,,QB-,0,0,0,0,0,0,0,0,0
5271,X,Buddy Howell,RB,,26,0,,RB-,0,0,0,0,0,0,0,0,0
5273,X,Kamryn Pettway,RB,,26,0,,RB-,0,0,0,0,0,0,0,0,0
5274,X,Roc Thomas,RB,,26,0,,RB-,0,0,0,0,0,0,0,0,0
5275,X,Jeff Badet,WR,,27,0,,WR-,0,0,0,0,0,0,0,0,0
5276,X,Tyler Hoppes,TE,,26,0,,TE-,0,0,0,0,0,0,0,0,0
5277,X,Deon Yelder,TE,,27,0,,TE-,0,0,0,0,0,0,0,0,0
5278,X,Jarvion Franklin,RB,,26,0,,RB-,0,0,0,0,0,0,0,0,0
5279,X,Quadree Henderson,WR,,25,0,,WR-,0,0,0,0,0,0,0,0,0
5280,X,Pharoah McKever,TE,,27,0,,TE-,0,0,0,0,0,0,0,0,0
5283,X,Ka'Raun White,WR,,28,0,,WR-,0,0,0,0,0,0,0,0,0
5284,X,Jeff Wilson,RB,,30,0,Shane,RB-Shane,0,0,0,0,0,0,0,0,0
5285,X,Ross Dwelley,TE,,30,0,,TE-,0,0,0,0,0,0,0,0,0
5286,X,Austin Allen,QB,,27,0,,QB-,0,0,0,0,0,0,0,0,0
5288,X,Donnie Ernsberger,TE,TEN,25,0,,TE-,0,0,0,0,0,0,0,0,0
5289,X,Cameron Batson,WR,,27,0,,WR-,0,0,0,0,0,0,0,0,0
5290,X,Deontay Burnett,WR,,26,0,,WR-,0,0,0,0,0,0,0,0,0
5292,X,Devin Ross,WR,,28,0,,WR-,0,0,0,0,0,0,0,0,0
5293,X,Jordan Veasy,WR,,27,0,,WR-,0,0,0,0,0,0,0,0,0
5294,X,Mikah Holder,WR,,25,0,,WR-,0,0,0,0,0,0,0,0,0
5295,X,De'Mornay Pierson-El,WR,,26,0,,WR-,0,0,0,0,0,0,0,0,0
5296,X,Elijah Wellman,FB,,27,0,,FB-,0,0,0,0,0,0,0,0,0
53,X,John Kuhn,FB,,38,0,,FB-,0,0,0,0,0,0,0,0,0
530,X,Jermaine Gresham,TE,,33,0,,TE-,0,0,0,0,0,0,0,0,0
5310,X,Antonio Callaway,WR,,26,0,,WR-,0,0,0,0,0,0,0,0,0
5322,X,James Looney,TE,,26,0,,TE-,0,0,0,0,0,0,0,0,0
5323,X,Equanimeous St Brown,WR,,28,0,,WR-,0,0,0,0,0,0,0,0,0
533,X,Colt McCoy,QB,,36,0,,QB-,0,0,0,0,0,0,0,0,0
534,X,Carlton Mitchell,WR,,29,0,,WR-,0,0,0,0,0,0,0,0,0
5347,X,Nyheim Miller-Hines,RB,,29,0,,RB-,0,0,0,0,0,0,0,0,0
5352,X,Ryan Green,RB,,24,0,,RB-,0,0,0,0,0,0,0,0,0
5353,X,Dimitri Flowers,FB,,25,0,,FB-,0,0,0,0,0,0,0,0,0
5356,X,Jeremiah Briscoe,QB,,32,0,,QB-,0,0,0,0,0,0,0,0,0
5358,X,Anthony Manzo-Lewis,TE,,26,0,,TE-,0,0,0,0,0,0,0,0,0
5359,X,Dorren Miller,WR,,27,0,,WR-,0,0,0,0,0,0,0,0,0
536,X,Antonio Brown,WR,,33,0,,WR-,0,0,0,0,0,0,0,0,0
5374,X,Justin Watson,WR,HOU,30,0,Tom,WR-Tom,0,0,0,0,0,0,0,0,0
538,X,Emmanuel Sanders,WR,,35,0,,WR-,0,0,0,0,0,0,0,0,0
5383,X,Jalen Tolliver,WR,,26,0,,WR-,0,0,0,0,0,0,0,0,0
5384,X,Jonah Trinnaman,WR,,25,0,,WR-,0,0,0,0,0,0,0,0,0
5385,X,Alec Bloom,TE,,25,0,,TE-,0,0,0,0,0,0,0,0,0
539,X,Marc Mariani,WR,,33,0,,WR-,0,0,0,0,0,0,0,0,0
5391,X,Steven Dunbar,WR,,26,0,,WR-,0,0,0,0,0,0,0,0,0
5392,X,Jack Heneghan,QB,,25,0,,QB-,0,0,0,0,0,0,0,0,0
5395,X,Shaun Wilson,RB,,26,0,,RB-,0,0,0,0,0,0,0,0,0
5396,X,Sergio Bailey II,WR,,29,0,,WR-,0,0,0,0,0,0,0,0,0
5398,X,Justin Crawford,RB,,26,0,,RB-,0,0,0,0,0,0,0,0,0
5403,X,Peter Pujals,QB,,26,0,,QB-,0,0,0,0,0,0,0,0,0
5407,X,Ervin Philips,RB,,26,0,,RB-,0,0,0,0,0,0,0,0,0
5408,X,Sergio Bailey,WR,,27,0,,WR-,0,0,0,0,0,0,0,0,0
5409,X,Tanner Hudson,TE,CIN,31,0,,TE-,0,0,0,0,0,0,0,0,0
541,X,Damian Williams,WR,,29,0,,WR-,0,0,0,0,0,0,0,0,0
542,X,Dorin Dickerson,TE,,29,0,,TE-,0,0,0,0,0,0,0,0,0
5425,X,John Diarse,WR,,27,0,,WR-,0,0,0,0,0,0,0,0,0
5427,X,LaQuvionte Gonzalez,WR,,28,0,,WR-,0,0,0,0,0,0,0,0,0
5428,X,Ricky Jeune,WR,,28,0,,WR-,0,0,0,0,0,0,0,0,0
543,X,Garrett Graham,TE,,34,0,,TE-,0,0,0,0,0,0,0,0,0
5431,X,Shay Fields,WR,,25,0,,WR-,0,0,0,0,0,0,0,0,0
5432,X,Cam Sims,WR,,28,0,,WR-,0,0,0,0,0,0,0,0,0
5462,X,Christopher Ezeala,RB,,26,0,,RB-,0,0,0,0,0,0,0,0,0
5463,X,Mark Thompson,RB,,27,0,,RB-,0,0,0,0,0,0,0,0,0
5464,X,De'Lance Turner,RB,,26,0,,RB-,0,0,0,0,0,0,0,0,0
5465,X,Nick Keizer,TE,,26,0,,TE-,0,0,0,0,0,0,0,0,0
5468,X,Christian Scotland-Williamson,TE,,28,0,,TE-,0,0,0,0,0,0,0,0,0
55,X,Visanthe Shiancoe,TE,,37,0,,TE-,0,0,0,0,0,0,0,0,0
5530,X,Evan Berry,WR,,26,0,,WR-,0,0,0,0,0,0,0,0,0
5536,X,Dontrell Hilliard,RB,,28,0,,RB-,0,0,0,0,0,0,0,0,0
5539,X,Derrick Willies,WR,,27,0,,WR-,0,0,0,0,0,0,0,0,0
5547,X,Ryan Smith,TE,,25,0,,TE-,0,0,0,0,0,0,0,0,0
5548,X,Elijah Marks,WR,,26,0,,WR-,0,0,0,0,0,0,0,0,0
5549,X,Darrel Williams,RB,,28,0,,RB-,0,0,0,0,0,0,0,0,0
5550,X,John David Moore,RB,,26,0,,RB-,0,0,0,0,0,0,0,0,0
5558,X,Marcus Martin,RB,,26,0,,RB-,0,0,0,0,0,0,0,0,0
5560,X,Khalid Hill,FB,,26,0,,FB-,0,0,0,0,0,0,0,0,0
5565,X,Jason Cabinda,FB,,27,0,,FB-,0,0,0,0,0,0,0,0,0
5566,X,Julian Allen,FB,,27,0,,FB-,0,0,0,0,0,0,0,0,0
5567,X,Janarion Grant,WR,,28,0,,WR-,0,0,0,0,0,0,0,0,0
5569,X,Johnny Stanton,FB,,27,0,,FB-,0,0,0,0,0,0,0,0,0
5570,X,Chad Beebe,WR,,28,0,,WR-,0,0,0,0,0,0,0,0,0
558,X,Eric Decker,WR,,33,0,,WR-,0,0,0,0,0,0,0,0,0
5586,X,Henry Poggi,FB,,27,0,,FB-,0,0,0,0,0,0,0,0,0
5587,X,Chris Warren,RB,,25,0,,RB-,0,0,0,0,0,0,0,0,0
5588,X,Paul Butler,TE,,28,0,,TE-,0,0,0,0,0,0,0,0,0
559,X,Tim Tebow,TE,,34,0,,TE-,0,0,0,0,0,0,0,0,0
5590,X,Jordan Smallwood,WR,,26,0,,WR-,0,0,0,0,0,0,0,0,0
5597,X,Brogan Roback,QB,,27,0,,QB-,0,0,0,0,0,0,0,0,0
560,X,Demaryius Thomas,WR,,34,0,,WR-,0,0,0,0,0,0,0,0,0
5608,X,Devonte Boyd,WR,,27,0,,WR-,0,0,0,0,0,0,0,0,0
5612,X,Anthony Mahoungou,WR,,27,0,,WR-,0,0,0,0,0,0,0,0,0
5618,X,Larry Rose,RB,,26,0,,RB-,0,0,0,0,0,0,0,0,0
5619,X,Dalyn Dawkins,RB,,27,0,,RB-,0,0,0,0,0,0,0,0,0
5624,X,Keith Ford,RB,,27,0,,RB-,0,0,0,0,0,0,0,0,0
5625,X,Cam Phillips,WR,,26,0,,WR-,0,0,0,0,0,0,0,0,0
5637,X,Garrett Johnson,WR,,26,0,,WR-,0,0,0,0,0,0,0,0,0
564,X,Dexter McCluster,RB,,32,0,,RB-,0,0,0,0,0,0,0,0,0
565,X,Tony Moeaki,TE,,33,0,,TE-,0,0,0,0,0,0,0,0,0
5661,X,Chris Lacy,WR,,27,0,,WR-,0,0,0,0,0,0,0,0,0
5663,X,Shane Wimann,RB,,27,0,,RB-,0,0,0,0,0,0,0,0,0
567,X,Jacoby Ford,WR,,30,0,,WR-,0,0,0,0,0,0,0,0,0
5670,X,Nick DeLuca,TE,,26,0,,TE-,0,0,0,0,0,0,0,0,0
5695,X,Brandon Powell,WR,,29,0,,WR-,0,0,0,0,0,0,0,0,0
5697,X,Zach Olstad,RB,,28,0,,RB-,0,0,0,0,0,0,0,0,0
5699,X,Matt Fleming,WR,,25,0,,WR-,0,0,0,0,0,0,0,0,0
57,X,Steven Jackson,RB,,37,0,,RB-,0,0,0,0,0,0,0,0,0
570,X,Seyi Ajirotutu,WR,,33,0,,WR-,0,0,0,0,0,0,0,0,0
5700,X,Robert Martin,RB,,26,0,,RB-,0,0,0,0,0,0,0,0,0
5703,X,Deontez Alexander,WR,,26,0,,WR-,0,0,0,0,0,0,0,0,0
5705,X,John Franklin,WR,,27,0,,WR-,0,0,0,0,0,0,0,0,0
5709,X,Luis Perez,QB,,30,0,,QB-,0,0,0,0,0,0,0,0,0
571,X,Ryan Mathews,RB,,32,0,,RB-,0,0,0,0,0,0,0,0,0
5710,X,Nick Holley,WR,,27,0,,WR-,0,0,0,0,0,0,0,0,0
5714,X,Tim Wilson,WR,,27,0,,WR-,0,0,0,0,0,0,0,0,0
5718,X,Ryan Yurachek,TE,,25,0,,TE-,0,0,0,0,0,0,0,0,0
5722,X,Darvin Kidsy,WR,,26,0,,WR-,0,0,0,0,0,0,0,0,0
5733,X,Clayton Wilson,TE,,27,0,,TE-,0,0,0,0,0,0,0,0,0
5734,X,CJ Duncan,WR,,26,0,,WR-,0,0,0,0,0,0,0,0,0
574,X,Dez Bryant,WR,,33,0,,WR-,0,0,0,0,0,0,0,0,0
5744,X,Eldridge Massington,WR,NO,24,0,,WR-,0,0,0,0,0,0,0,0,0
5745,X,Nick Stevens,QB,,24,0,,QB-,0,0,0,0,0,0,0,0,0
5747,X,Kayaune Ross,WR,,27,0,,WR-,0,0,0,0,0,0,0,0,0
5750,X,Garrett Hudson,TE,,26,0,,TE-,0,0,0,0,0,0,0,0,0
5751,X,Austin Roberts,TE,,26,0,,TE-,0,0,0,0,0,0,0,0,0
5752,X,Sherman Badie,RB,,27,0,,RB-,0,0,0,0,0,0,0,0,0
5754,X,Jaeden Graham,TE,,27,0,,TE-,0,0,0,0,0,0,0,0,0
5755,X,Duplicate Player,TE,,24,0,,TE-,0,0,0,0,0,0,0,0,0
5756,X,Garrett Dickerson,TE,,26,0,,TE-,0,0,0,0,0,0,0,0,0
5760,X,Josh Crockett,WR,,26,0,,WR-,0,0,0,0,0,0,0,0,0
5762,X,Josh Smith,WR,,27,0,,WR-,0,0,0,0,0,0,0,0,0
5772,X,Aaron Lacombe,WR,,26,0,,WR-,0,0,0,0,0,0,0,0,0
5773,X,KhaDarel Hodge,WR,,31,0,,WR-,0,0,0,0,0,0,0,0,0
5774,X,Cam Serigne,TE,,27,0,,TE-,0,0,0,0,0,0,0,0,0
5775,X,Jared Murphy,WR,,27,0,,WR-,0,0,0,0,0,0,0,0,0
5777,X,Malachi Jones,WR,,27,0,,WR-,0,0,0,0,0,0,0,0,0
5779,X,Blake Jackson,WR,,27,0,,WR-,0,0,0,0,0,0,0,0,0
5781,X,Malik Turner,WR,SF,30,0,,WR-,0,0,0,0,0,0,0,0,0
5785,X,James Butler,RB,,26,0,,RB-,0,0,0,0,0,0,0,0,0
5786,X,Marcus Peterson,WR,,29,0,,WR-,0,0,0,0,0,0,0,0,0
5787,X,Bryce Bobo,WR,,26,0,,WR-,0,0,0,0,0,0,0,0,0
5791,X,Gerald Holmes,RB,,27,0,,RB-,0,0,0,0,0,0,0,0,0
5796,X,Austin Wolf,WR,,25,0,,WR-,0,0,0,0,0,0,0,0,0
5798,X,Darren Carrington,WR,,27,0,,WR-,0,0,0,0,0,0,0,0,0
5799,X,Darius Prince,WR,,31,0,,WR-,0,0,0,0,0,0,0,0,0
58,X,Greg Olsen,TE,,36,0,,TE-,0,0,0,0,0,0,0,0,0
5800,X,Justin Stockton,RB,,26,0,,RB-,0,0,0,0,0,0,0,0,0
5801,X,Kobe McCrary,RB,,27,0,,RB-,0,0,0,0,0,0,0,0,0
5806,X,John Wolford,QB,,30,0,,QB-,0,0,0,0,0,0,0,0,0
5814,X,Frank Stephens,WR,,30,0,,WR-,0,0,0,0,0,0,0,0,0
5817,X,Byron Leftwich,QB,,40,0,,QB-,0,0,0,0,0,0,0,0,0
582,X,Riley Cooper,WR,,33,0,,WR-,0,0,0,0,0,0,0,0,0
5820,X,BenJarvus Green-Ellis,RB,,36,0,,RB-,0,0,0,0,0,0,0,0,0
5828,X,Diontae Spencer,WR,,31,0,,WR-,0,0,0,0,0,0,0,0,0
5831,X,Bryant Mitchell,WR,,29,0,,WR-,0,0,0,0,0,0,0,0,0
5833,X,Kevin O'Connell,QB,,34,0,,QB-,0,0,0,0,0,0,0,0,0
5834,X,Sean Ryan,TE,,40,0,,TE-,0,0,0,0,0,0,0,0,0
584,X,Clay Harbor,TE,,33,0,,TE-,0,0,0,0,0,0,0,0,0
5845,X,Dwayne Haskins,QB,PIT,24,0,,QB-,0,0,0,0,0,0,0,0,0
586,X,Mike Kafka,QB,,31,0,,QB-,0,0,0,0,0,0,0,0,0
5863,X,JJ Arcega-Whiteside,WR,,26,0,,WR-,0,0,0,0,0,0,0,0,0
587,X,Logan Paulsen,TE,,34,0,,TE-,0,0,0,0,0,0,0,0,0
5872,383,Deebo Samuel,WR,SF,30,2342,Tristan,WR-Tristan,78.06666667,1902.875,1463.75,731.875,-439.125,-439.125,-731.875,0,0
5873,X,Riley Ridley,WR,,25,0,,WR-,0,0,0,0,0,0,0,0,0
5878,X,N'Keal Harry,TE,,26,0,,TE-,0,0,0,0,0,0,0,0,0
5880,X,Parris Campbell,WR,,28,0,,WR-,0,0,0,0,0,0,0,0,0
5884,X,Kelvin Harmon,WR,,28,0,,WR-,0,0,0,0,0,0,0,0,0
5885,X,Ryan Finley,QB,,27,0,,QB-,0,0,0,0,0,0,0,0,0
5886,X,Hakeem Butler,TE,DEN,30,0,,TE-,0,0,0,0,0,0,0,0,0
5889,X,Bryce Love,RB,,24,0,,RB-,0,0,0,0,0,0,0,0,0
5890,X,Damien Harris,RB,,27,0,,RB-,0,0,0,0,0,0,0,0,0
5902,X,Penny Hart,WR,,27,0,,WR-,0,0,0,0,0,0,0,0,0
5903,X,Will Grier,QB,,31,0,,QB-,0,0,0,0,0,0,0,0,0
5911,X,Jalen Hurd,WR,,27,0,,WR-,0,0,0,0,0,0,0,0,0
5915,X,Andy Isabella,WR,,28,0,,WR-,0,0,0,0,0,0,0,0,0
5916,X,Darrell Henderson,RB,,26,0,,RB-,0,0,0,0,0,0,0,0,0
5917,404,Mecole Hardman,WR,BUF,28,499,Ricky,WR-Ricky,17.82142857,445.5357143,285.1428571,231.6785714,-53.46428571,-160.3928571,-53.46428571,0,0
5918,X,Rodney Anderson,RB,,25,0,,RB-,0,0,0,0,0,0,0,0,0
5919,X,Elijah Holyfield,RB,,25,0,,RB-,0,0,0,0,0,0,0,0,0
592,X,Jahvid Best,RB,,29,0,,RB-,0,0,0,0,0,0,0,0,0
5924,X,Emanuel Hall,WR,,24,0,,WR-,0,0,0,0,0,0,0,0,0
5929,X,Anthony Johnson,WR,,26,0,,WR-,0,0,0,0,0,0,0,0,0
5937,X,Diontae Johnson,WR,,29,0,Matt,WR-Matt,0,0,0,0,0,0,0,0,0
5941,X,Felton Davis,WR,,24,0,,WR-,0,0,0,0,0,0,0,0,0
5950,X,Nyqwan Murray,WR,,24,0,,WR-,0,0,0,0,0,0,0,0,0
5955,X,Hunter Renfrow,WR,,30,0,Shane,WR-Shane,0,0,0,0,0,0,0,0,0
5957,X,Isaac Nauta,TE,GB,24,0,,TE-,0,0,0,0,0,0,0,0,0
5961,X,Jalin Moore,RB,,26,0,,RB-,0,0,0,0,0,0,0,0,0
5962,X,KeeSean Johnson,WR,,26,0,,WR-,0,0,0,0,0,0,0,0,0
5965,X,Miles Boykin,WR,,29,0,,WR-,0,0,0,0,0,0,0,0,0
5974,X,Trace McSorley,QB,,29,0,,QB-,0,0,0,0,0,0,0,0,0
5975,X,Alize Mack,TE,,26,0,,TE-,0,0,0,0,0,0,0,0,0
5976,X,Karan Higdon,RB,,25,0,,RB-,0,0,0,0,0,0,0,0,0
5977,X,Terry Godwin,WR,,25,0,,WR-,0,0,0,0,0,0,0,0,0
5980,X,Myles Gaskin,RB,,28,0,,RB-,0,0,0,0,0,0,0,0,0
5984,X,Anthony Ratliff-Williams,WR,,24,0,,WR-,0,0,0,0,0,0,0,0,0
5985,X,Foster Moreau,TE,HOU,29,0,James,TE-James,0,0,0,0,0,0,0,0,0
5987,X,Alexander Mattison,RB,,27,0,Tristan,RB-Tristan,0,0,0,0,0,0,0,0,0
5997,X,Jazz Ferguson,WR,,25,0,,WR-,0,0,0,0,0,0,0,0,0
6001,X,Drew Sample,TE,CIN,30,0,,TE-,0,0,0,0,0,0,0,0,0
6002,X,Qadree Ollison,RB,,27,0,,RB-,0,0,0,0,0,0,0,0,0
6007,X,Ryquell Armstead,RB,,25,0,,RB-,0,0,0,0,0,0,0,0,0
601,X,Andrew Quarless,TE,,31,0,,TE-,0,0,0,0,0,0,0,0,0
6012,X,Travis Homer,RB,PIT,27,0,,RB-,0,0,0,0,0,0,0,0,0
6016,X,Dax Raymond,TE,PIT,27,0,,TE-,0,0,0,0,0,0,0,0,0
6017,X,DaMarkus Lodge,WR,,24,0,,WR-,0,0,0,0,0,0,0,0,0
6018,X,Zach Gentry,TE,,27,0,,TE-,0,0,0,0,0,0,0,0,0
6019,X,Johnnie Dixon,WR,,27,0,,WR-,0,0,0,0,0,0,0,0,0
6021,X,Nick Brossette,RB,,25,0,,RB-,0,0,0,0,0,0,0,0,0
6031,X,Alex Barnes,RB,,25,0,,RB-,0,0,0,0,0,0,0,0,0
6032,X,Keelan Doss,WR,,28,0,,WR-,0,0,0,0,0,0,0,0,0
6036,X,Ryan Davis,WR,,24,0,,WR-,0,0,0,0,0,0,0,0,0
6037,X,Brett Rypien,QB,,29,0,,QB-,0,0,0,0,0,0,0,0,0
604,X,Toby Gerhart,RB,,33,0,,RB-,0,0,0,0,0,0,0,0,0
6040,X,Tyree Jackson,TE,,28,0,,TE-,0,0,0,0,0,0,0,0,0
6045,X,Gary Jennings,WR,,26,0,,WR-,0,0,0,0,0,0,0,0,0
6047,X,Dillon Mitchell,WR,,24,0,,WR-,0,0,0,0,0,0,0,0,0
6049,X,Tyre Brady,WR,,26,0,,WR-,0,0,0,0,0,0,0,0,0
6059,X,Travis Fulgham,WR,,27,0,,WR-,0,0,0,0,0,0,0,0,0
606,X,Joe Webb,QB,,35,0,,QB-,0,0,0,0,0,0,0,0,0
6063,X,Tyron Billy-Johnson,WR,,28,0,,WR-,0,0,0,0,0,0,0,0,0
6068,X,Devine Ozigbo,RB,,27,0,,RB-,0,0,0,0,0,0,0,0,0
6069,X,Stanley Morgan,WR,,28,0,,WR-,0,0,0,0,0,0,0,0,0
6072,X,Bruce Anderson,RB,,24,0,,RB-,0,0,0,0,0,0,0,0,0
6074,X,Donald Parham,TE,,28,0,,TE-,0,0,0,0,0,0,0,0,0
6075,X,Jesper Horsted,TE,,27,0,,TE-,0,0,0,0,0,0,0,0,0
6081,X,Kendall Blanton,TE,,27,0,,TE-,0,0,0,0,0,0,0,0,0
6088,X,Bisi Johnson,WR,,25,0,,WR-,0,0,0,0,0,0,0,0,0
6089,X,Daniel Helm,TE,,28,0,,TE-,0,0,0,0,0,0,0,0,0
609,X,Antone Smith,RB,,35,0,,RB-,0,0,0,0,0,0,0,0,0
6097,X,Jamal Custis,WR,,24,0,,WR-,0,0,0,0,0,0,0,0,0
6107,X,Emmanuel Butler,WR,,25,0,,WR-,0,0,0,0,0,0,0,0,0
6108,X,Jacques Patrick,RB,,27,0,,RB-,0,0,0,0,0,0,0,0,0
6109,X,Alec Ingold,FB,LAC,30,0,,FB-,0,0,0,0,0,0,0,0,0
611,X,Jimmy Clausen,QB,,32,0,,QB-,0,0,0,0,0,0,0,0,0
6111,X,Jake Browning,QB,TB,30,0,Matt,QB-Matt,0,0,0,0,0,0,0,0,0
6115,X,Wes Hills,RB,,26,0,,RB-,0,0,0,0,0,0,0,0,0
6126,X,Irv Smith,TE,,27,0,,TE-,0,0,0,0,0,0,0,0,0
613,X,Brandon LaFell,WR,,35,0,,WR-,0,0,0,0,0,0,0,0,0
6136,X,Jarrett Stidham,QB,DEN,29,0,Matt,QB-Matt,0,0,0,0,0,0,0,0,0
6137,X,Tommy Sweeney,TE,,29,0,,TE-,0,0,0,0,0,0,0,0,0
6139,X,Jace Sternberger,TE,,27,0,,TE-,0,0,0,0,0,0,0,0,0
6142,X,Caleb Wilson,TE,,25,0,,TE-,0,0,0,0,0,0,0,0,0
6144,X,Trayveon Williams,RB,,28,0,,RB-,0,0,0,0,0,0,0,0,0
6146,X,Kaden Smith,TE,,26,0,,TE-,0,0,0,0,0,0,0,0,0
6147,X,Clayton Thorson,QB,NYG,26,0,,QB-,0,0,0,0,0,0,0,0,0
6148,X,Preston Williams,WR,,26,0,,WR-,0,0,0,0,0,0,0,0,0
6151,X,Miles Sanders,RB,,28,0,Lucas,RB-Lucas,0,0,0,0,0,0,0,0,0
6153,X,Dexter Williams,RB,,25,0,,RB-,0,0,0,0,0,0,0,0,0
6154,X,David Sills,WR,TB,30,0,,WR-,0,0,0,0,0,0,0,0,0
6155,X,Jaylen Smith,WR,,25,0,,WR-,0,0,0,0,0,0,0,0,0
6156,X,Benny Snell,RB,,25,0,,RB-,0,0,0,0,0,0,0,0,0
6159,X,Mike Weber,RB,,24,0,,RB-,0,0,0,0,0,0,0,0,0
616,X,Jimmy Graham,TE,,37,0,,TE-,0,0,0,0,0,0,0,0,0
6161,X,LJ Scott,RB,,25,0,,RB-,0,0,0,0,0,0,0,0,0
6163,X,Alex Wesley,WR,,26,0,,WR-,0,0,0,0,0,0,0,0,0
6164,X,Kahale Warring,TE,,25,0,,TE-,0,0,0,0,0,0,0,0,0
6165,X,Antoine Wesley,WR,,25,0,,WR-,0,0,0,0,0,0,0,0,0
6167,X,Jordan Scarlett,RB,MIA,26,0,,RB-,0,0,0,0,0,0,0,0,0
6168,X,John Ursua,WR,,28,0,,WR-,0,0,0,0,0,0,0,0,0
6169,X,James Williams,RB,,25,0,,RB-,0,0,0,0,0,0,0,0,0
6171,X,Cody Thompson,WR,,29,0,,WR-,0,0,0,0,0,0,0,0,0
6175,X,Kerrith Whyte,RB,GB,25,0,,RB-,0,0,0,0,0,0,0,0,0
6178,X,Darwin Thompson,RB,,26,0,,RB-,0,0,0,0,0,0,0,0,0
618,X,Arrelious Benn,WR,,33,0,,WR-,0,0,0,0,0,0,0,0,0
6181,X,Trevon Wesco,TE,,29,0,,TE-,0,0,0,0,0,0,0,0,0
6185,X,Easton Stick,QB,IND,30,0,,QB-,0,0,0,0,0,0,0,0,0
6187,X,Aca'Cedric Ware,RB,,24,0,,RB-,0,0,0,0,0,0,0,0,0
6188,X,Sutton Smith,FB,,26,0,,FB-,0,0,0,0,0,0,0,0,0
6195,X,Damon Sheehy-Guiseppi,WR,,26,0,,WR-,0,0,0,0,0,0,0,0,0
6196,X,Christian Wade,RB,,30,0,,RB-,0,0,0,0,0,0,0,0,0
620,X,Preston Parker,WR,,33,0,,WR-,0,0,0,0,0,0,0,0,0
6202,X,Jakob Johnson,FB,,31,0,,FB-,0,0,0,0,0,0,0,0,0
6203,X,Valentine Holmes,RB,,26,0,,RB-,0,0,0,0,0,0,0,0,0
6205,X,Brandon Silvers,QB,,27,0,,QB-,0,0,0,0,0,0,0,0,0
6209,X,Ishmael Hyman,WR,,27,0,,WR-,0,0,0,0,0,0,0,0,0
621,X,Sam Bradford,QB,,33,0,,QB-,0,0,0,0,0,0,0,0,0
622,X,Michael Hoomanawanui,TE,,32,0,,TE-,0,0,0,0,0,0,0,0,0
6223,X,Juwann Winfree,WR,,28,0,,WR-,0,0,0,0,0,0,0,0,0
6227,X,Nick Easley,WR,,24,0,,WR-,0,0,0,0,0,0,0,0,0
6231,X,John Lovett,QB,,27,0,,QB-,0,0,0,0,0,0,0,0,0
6233,X,Matt Sokol,TE,,30,0,,TE-,0,0,0,0,0,0,0,0,0
6234,X,Deonte Harty,WR,,27,0,,WR-,0,0,0,0,0,0,0,0,0
6236,X,Travon McMillian,RB,,25,0,,RB-,0,0,0,0,0,0,0,0,0
6237,X,Wilton Speight,QB,,27,0,,QB-,0,0,0,0,0,0,0,0,0
6238,X,Tyree Mayfield,TE,,26,0,,TE-,0,0,0,0,0,0,0,0,0
6239,X,Malik Taylor,WR,,29,0,,WR-,0,0,0,0,0,0,0,0,0
6246,X,Jeremy Cox,RB,,25,0,,RB-,0,0,0,0,0,0,0,0,0
6247,X,Jason Moore,WR,,28,0,,WR-,0,0,0,0,0,0,0,0,0
6248,X,Trevion Thompson,WR,,26,0,,WR-,0,0,0,0,0,0,0,0,0
6259,X,Darnell Holland,RB,,25,0,,RB-,0,0,0,0,0,0,0,0,0
626,X,Jim Dray,TE,,33,0,,TE-,0,0,0,0,0,0,0,0,0
6260,X,Jake Powell,TE,,25,0,,TE-,0,0,0,0,0,0,0,0,0
6261,X,Reggie White,WR,,25,0,,WR-,0,0,0,0,0,0,0,0,0
6263,X,Trevor Wood,TE,,25,0,,TE-,0,0,0,0,0,0,0,0,0
6269,X,Kyle Shurmur,QB,,25,0,,QB-,0,0,0,0,0,0,0,0,0
627,X,Andre Roberts,WR,,35,0,,WR-,0,0,0,0,0,0,0,0,0
6279,X,Brandon Dillon,TE,,26,0,,TE-,0,0,0,0,0,0,0,0,0
6288,X,Marcus Green,WR,,25,0,,WR-,0,0,0,0,0,0,0,0,0
6290,X,Scotty Miller,WR,CHI,29,0,,WR-,0,0,0,0,0,0,0,0,0
6293,X,Cullen Gillaspia,RB,,27,0,,RB-,0,0,0,0,0,0,0,0,0
6298,X,Chandler Cox,FB,,25,0,,FB-,0,0,0,0,0,0,0,0,0
63,X,Vonta Leach,RB,,35,0,,RB-,0,0,0,0,0,0,0,0,0
6308,X,Ian Bunting,TE,,27,0,,TE-,0,0,0,0,0,0,0,0,0
6311,X,Patrick Laird,RB,,28,0,,RB-,0,0,0,0,0,0,0,0,0
6313,X,Duplicate Player,WR,,22,0,,WR-,0,0,0,0,0,0,0,0,0
6317,X,Jacob Dolegala,QB,,25,0,,QB-,0,0,0,0,0,0,0,0,0
6318,X,Jordan Ellis,RB,,25,0,,RB-,0,0,0,0,0,0,0,0,0
6320,X,Jonathan Duhart,WR,,25,0,,WR-,0,0,0,0,0,0,0,0,0
6322,X,Xavier Ubosi,WR,,27,0,,WR-,0,0,0,0,0,0,0,0,0
6323,X,Andrew Beck,RB,NYJ,30,0,,RB-,0,0,0,0,0,0,0,0,0
6334,X,Damarea Crockett,RB,,25,0,,RB-,0,0,0,0,0,0,0,0,0
6342,X,Stephen Louis,WR,,26,0,,WR-,0,0,0,0,0,0,0,0,0
6343,X,Manny Wilkins,QB,,26,0,,QB-,0,0,0,0,0,0,0,0,0
6352,X,Matt Colburn,RB,,27,0,,RB-,0,0,0,0,0,0,0,0,0
6357,X,Shawn Bane,WR,,26,0,,WR-,0,0,0,0,0,0,0,0,0
6358,X,Kahlil Lewis,WR,,24,0,,WR-,0,0,0,0,0,0,0,0,0
6359,X,CJ Worton,WR,,25,0,,WR-,0,0,0,0,0,0,0,0,0
6361,X,Raphael Leonard,WR,,24,0,,WR-,0,0,0,0,0,0,0,0,0
6362,X,Dredrick Snelson,WR,,23,0,,WR-,0,0,0,0,0,0,0,0,0
6363,X,Michael Walker,WR,,25,0,,WR-,0,0,0,0,0,0,0,0,0
6364,X,Papi White,WR,,25,0,,WR-,0,0,0,0,0,0,0,0,0
6365,X,Carson Meier,TE,,26,0,,TE-,0,0,0,0,0,0,0,0,0
6370,X,Damion Jeanpiere,WR,,25,0,,WR-,0,0,0,0,0,0,0,0,0
6371,X,Drew Anderson,QB,,26,0,,QB-,0,0,0,0,0,0,0,0,0
6372,X,Xavier Turner,RB,,27,0,,RB-,0,0,0,0,0,0,0,0,0
6373,X,AJ Richardson,WR,,26,0,,WR-,0,0,0,0,0,0,0,0,0
6374,X,Drew Belcher,TE,,25,0,,TE-,0,0,0,0,0,0,0,0,0
6375,X,Jerome Washington,TE,,27,0,,TE-,0,0,0,0,0,0,0,0,0
6379,X,Khari Blasingame,FB,,28,0,,FB-,0,0,0,0,0,0,0,0,0
638,X,Kyle Williams,WR,,30,0,,WR-,0,0,0,0,0,0,0,0,0
6380,X,Davion Davis,WR,,27,0,,WR-,0,0,0,0,0,0,0,0,0
6381,X,Alexander Hollins,WR,,25,0,,WR-,0,0,0,0,0,0,0,0,0
6384,X,Justin Sumpter,WR,,25,0,,WR-,0,0,0,0,0,0,0,0,0
6385,X,Matt Colburn,RB,,25,0,,RB-,0,0,0,0,0,0,0,0,0
6386,X,Alex Bachman,WR,,29,0,,WR-,0,0,0,0,0,0,0,0,0
6387,X,Nsimba Webster,WR,,29,0,,WR-,0,0,0,0,0,0,0,0,0
6388,X,Romello Brooker,TE,,26,0,,TE-,0,0,0,0,0,0,0,0,0
6389,X,Keenen Brown,TE,,26,0,,TE-,0,0,0,0,0,0,0,0,0
6392,X,Johnathan Lloyd,WR,,26,0,,WR-,0,0,0,0,0,0,0,0,0
6395,X,Trinity Benson,WR,,26,0,,WR-,0,0,0,0,0,0,0,0,0
6396,X,Austin Fort,TE,,26,0,,TE-,0,0,0,0,0,0,0,0,0
64,X,Owen Daniels,TE,,37,0,,TE-,0,0,0,0,0,0,0,0,0
640,X,Anthony McCoy,TE,,32,0,,TE-,0,0,0,0,0,0,0,0,0
6401,X,TJ Rahming,WR,,25,0,,WR-,0,0,0,0,0,0,0,0,0
6402,X,Steven Sims,WR,,28,0,,WR-,0,0,0,0,0,0,0,0,0
642,X,Golden Tate,WR,,33,0,,WR-,0,0,0,0,0,0,0,0,0
6420,X,Jon'Vea Johnson,WR,,26,0,,WR-,0,0,0,0,0,0,0,0,0
6421,X,Jalen Guyton,WR,,27,0,,WR-,0,0,0,0,0,0,0,0,0
6427,X,Ashton Dulin,WR,IND,29,0,,WR-,0,0,0,0,0,0,0,0,0
6435,X,George Aston,FB,,25,0,,FB-,0,0,0,0,0,0,0,0,0
6438,X,Kelvin McKnight,WR,,24,0,,WR-,0,0,0,0,0,0,0,0,0
6439,X,Hale Hentges,TE,,25,0,,TE-,0,0,0,0,0,0,0,0,0
6443,X,Eric Dungey,QB,,25,0,,QB-,0,0,0,0,0,0,0,0,0
6446,X,Jon Hilliman,RB,,26,0,,RB-,0,0,0,0,0,0,0,0,0
6448,X,Darrin Hall,RB,,25,0,,RB-,0,0,0,0,0,0,0,0,0
6449,X,Dorian Baker,WR,,25,0,,WR-,0,0,0,0,0,0,0,0,0
6450,X,David Blough,QB,,28,0,,QB-,0,0,0,0,0,0,0,0,0
6451,X,Stephen Carlson,TE,CHI,29,0,,TE-,0,0,0,0,0,0,0,0,0
6453,X,DJ Montgomery,WR,,29,0,,WR-,0,0,0,0,0,0,0,0,0
6459,X,Sean Modster,WR,,26,0,,WR-,0,0,0,0,0,0,0,0,0
6460,X,Cole Herdman,TE,,26,0,,TE-,0,0,0,0,0,0,0,0,0
6462,X,Ellis Richardson,TE,,26,0,,TE-,0,0,0,0,0,0,0,0,0
6465,X,Thomas Ives,WR,CHI,25,0,,WR-,0,0,0,0,0,0,0,0,0
6468,X,Matthew Eaton,WR,,26,0,,WR-,0,0,0,0,0,0,0,0,0
6469,X,Davis Koppenhaver,TE,,25,0,,TE-,0,0,0,0,0,0,0,0,0
648,X,Brandon Marshall,WR,,37,0,,WR-,0,0,0,0,0,0,0,0,0
6487,X,Charles Scarff,TE,,25,0,,TE-,0,0,0,0,0,0,0,0,0
6491,X,Adam Choice,RB,,26,0,,RB-,0,0,0,0,0,0,0,0,0
6492,X,Terry Wright,WR,,24,0,,WR-,0,0,0,0,0,0,0,0,0
6493,X,Justin Johnson,TE,,25,0,,TE-,0,0,0,0,0,0,0,0,0
65,X,Domenik Hixon,WR,,32,0,,WR-,0,0,0,0,0,0,0,0,0
6501,X,CJ Conrad,TE,,25,0,,TE-,0,0,0,0,0,0,0,0,0
6506,X,Trayone Gray,RB,,26,0,,RB-,0,0,0,0,0,0,0,0,0
651,X,Santonio Holmes,WR,,33,0,,WR-,0,0,0,0,0,0,0,0,0
6519,X,Darrius Shepherd,WR,,27,0,,WR-,0,0,0,0,0,0,0,0,0
6529,X,Chris Myarick,TE,,30,0,,TE-,0,0,0,0,0,0,0,0,0
6535,X,Nate Becker,TE,,26,0,,TE-,0,0,0,0,0,0,0,0,0
6539,X,Devontae Jackson,RB,,25,0,,RB-,0,0,0,0,0,0,0,0,0
654,X,LaDainian Tomlinson,RB,,39,0,,RB-,0,0,0,0,0,0,0,0,0
6540,X,DeAndre Thompkins,WR,GB,26,0,,WR-,0,0,0,0,0,0,0,0,0
6548,X,Marcus Marshall,RB,,24,0,,RB-,0,0,0,0,0,0,0,0,0
6549,X,Damion Willis,WR,,24,0,,WR-,0,0,0,0,0,0,0,0,0
655,X,Anquan Boldin,WR,,39,0,,WR-,0,0,0,0,0,0,0,0,0
6552,X,Malik Henry,WR,,24,0,,WR-,0,0,0,0,0,0,0,0,0
6553,X,Austin Walter,RB,,27,0,,RB-,0,0,0,0,0,0,0,0,0
6554,X,Shawn Poindexter,WR,,26,0,,WR-,0,0,0,0,0,0,0,0,0
6557,X,Jeff Smith,WR,,27,0,,WR-,0,0,0,0,0,0,0,0,0
6585,X,Tony Brooks-James,RB,,27,0,,RB-,0,0,0,0,0,0,0,0,0
6588,X,Tom Kennedy,WR,DET,30,0,,WR-,0,0,0,0,0,0,0,0,0
659,X,Cedric Peerman,RB,,33,0,,RB-,0,0,0,0,0,0,0,0,0
6590,X,Michael Colubiale,TE,,26,0,,TE-,0,0,0,0,0,0,0,0,0
6591,X,Charles Jones,TE,,25,0,,TE-,0,0,0,0,0,0,0,0,0
6592,X,Dontae Strickland,RB,,24,0,,RB-,0,0,0,0,0,0,0,0,0
6593,X,Spencer Schnell,WR,,27,0,,WR-,0,0,0,0,0,0,0,0,0
6595,X,Devlin Hodges,QB,,25,0,,QB-,0,0,0,0,0,0,0,0,0
6598,X,Trenton Irwin,WR,SF,30,0,,WR-,0,0,0,0,0,0,0,0,0
66,X,Tashard Choice,RB,,32,0,,RB-,0,0,0,0,0,0,0,0,0
660,X,Peyton Hillis,RB,,35,0,,RB-,0,0,0,0,0,0,0,0,0
6605,X,Cortrelle Simpson,WR,,25,0,,WR-,0,0,0,0,0,0,0,0,0
6606,X,Nick Fitzgerald,QB,,25,0,,QB-,0,0,0,0,0,0,0,0,0
661,X,Alex Smith,TE,,38,0,,TE-,0,0,0,0,0,0,0,0,0
6618,X,Isaiah Searight,TE,,24,0,,TE-,0,0,0,0,0,0,0,0,0
662,X,Seneca Wallace,QB,,37,0,,QB-,0,0,0,0,0,0,0,0,0
6626,X,Isaac Zico,WR,,25,0,,WR-,0,0,0,0,0,0,0,0,0
6628,X,Ventell Bryant,WR,,25,0,,WR-,0,0,0,0,0,0,0,0,0
663,X,Benjamin Watson,TE,,41,0,,TE-,0,0,0,0,0,0,0,0,0
6637,X,Nico Evans,RB,,25,0,,RB-,0,0,0,0,0,0,0,0,0
665,X,Dennis Dixon,QB,,32,0,,QB-,0,0,0,0,0,0,0,0,0
6659,X,Craig Reynolds,RB,,29,0,,RB-,0,0,0,0,0,0,0,0,0
6661,X,Joseph Parker,WR,,25,0,,WR-,0,0,0,0,0,0,0,0,0
6662,X,Parker Hesse,TE,,29,0,,TE-,0,0,0,0,0,0,0,0,0
6664,X,AJ Ouellette,RB,,26,0,,RB-,0,0,0,0,0,0,0,0,0
6665,X,Jody Fortson,TE,,29,0,,TE-,0,0,0,0,0,0,0,0,0
6677,X,Joe Forson,WR,KC,24,0,,WR-,0,0,0,0,0,0,0,0,0
6685,X,Jalen Greene,WR,,25,0,,WR-,0,0,0,0,0,0,0,0,0
6686,X,Joe Horn,WR,,27,0,,WR-,0,0,0,0,0,0,0,0,0
669,X,Arian Foster,RB,,34,0,,RB-,0,0,0,0,0,0,0,0,0
6692,X,Joe Horn,WR,,27,0,,WR-,0,0,0,0,0,0,0,0,0
6694,X,D'Ernest Johnson,RB,,29,0,Tom,RB-Tom,0,0,0,0,0,0,0,0,0
6697,X,Floyd Allen,WR,,25,0,,WR-,0,0,0,0,0,0,0,0,0
6699,X,Gunner Olszewski,WR,NYG,29,0,,WR-,0,0,0,0,0,0,0,0,0
670,X,Kassim Osgood,WR,,37,0,,WR-,0,0,0,0,0,0,0,0,0
6701,X,Fred Trevillion,WR,,27,0,,WR-,0,0,0,0,0,0,0,0,0
6705,X,Taj McGowan,RB,,25,0,,RB-,0,0,0,0,0,0,0,0,0
671,X,Brady Quinn,QB,,32,0,,QB-,0,0,0,0,0,0,0,0,0
6710,X,Josh Caldwell,RB,,25,0,,RB-,0,0,0,0,0,0,0,0,0
6712,X,Marcus Simms,WR,,26,0,,WR-,0,0,0,0,0,0,0,0,0
6713,X,Jamarius Way,WR,,25,0,,WR-,0,0,0,0,0,0,0,0,0
6723,X,Vincent Testaverde,QB,,25,0,,QB-,0,0,0,0,0,0,0,0,0
6727,X,Joe Walker,WR,,26,0,,WR-,0,0,0,0,0,0,0,0,0
6728,X,Jackson Harris,TE,,24,0,,TE-,0,0,0,0,0,0,0,0,0
673,X,Jason Campbell,QB,,36,0,,QB-,0,0,0,0,0,0,0,0,0
6730,X,Jordan Ta'amu,QB,,25,0,,QB-,0,0,0,0,0,0,0,0,0
6735,X,Duplicate Player,WR,,29,0,,WR-,0,0,0,0,0,0,0,0,0
6737,X,Micky Crum,TE,,26,0,,TE-,0,0,0,0,0,0,0,0,0
6738,X,Cedric Benson,RB,,37,0,,RB-,0,0,0,0,0,0,0,0,0
6742,X,Marquis Young,RB,,26,0,,RB-,0,0,0,0,0,0,0,0,0
6744,X,Greg Ward,WR,,29,0,,WR-,0,0,0,0,0,0,0,0,0
6753,X,Derrick Gore,RB,,29,0,,RB-,0,0,0,0,0,0,0,0,0
6755,X,Tavonn Salter,WR,,25,0,,WR-,0,0,0,0,0,0,0,0,0
676,X,LeSean McCoy,RB,,33,0,,RB-,0,0,0,0,0,0,0,0,0
6762,X,Darion Clark,TE,,27,0,,TE-,0,0,0,0,0,0,0,0,0
6763,X,Reggie Begelton,WR,,28,0,,WR-,0,0,0,0,0,0,0,0,0
6769,X,Graham Harrell,QB,,34,0,,QB-,0,0,0,0,0,0,0,0,0
6778,X,Chris Streveler,QB,,28,0,,QB-,0,0,0,0,0,0,0,0,0
6779,X,Jordan Harris,WR,,34,0,,WR-,0,0,0,0,0,0,0,0,0
6789,X,Henry Ruggs,WR,,22,0,,WR-,0,0,0,0,0,0,0,0,0
679,X,Rex Grossman,QB,,37,0,,QB-,0,0,0,0,0,0,0,0,0
6798,X,Jalen Reagor,WR,MIA,27,0,Shane,WR-Shane,0,0,0,0,0,0,0,0,0
68,X,Mario Manningham,WR,,31,0,,WR-,0,0,0,0,0,0,0,0,0
6805,X,KJ Hamler,WR,,26,0,,WR-,0,0,0,0,0,0,0,0,0
6814,X,Laviska Shenault,WR,,26,0,,WR-,0,0,0,0,0,0,0,0,0
682,X,Darrel Young,FB,,33,0,,FB-,0,0,0,0,0,0,0,0,0
6820,X,Clyde Edwards-Helaire,RB,,26,0,Ricky,RB-Ricky,0,0,0,0,0,0,0,0,0
6822,X,Jake Fromm,QB,,26,0,,QB-,0,0,0,0,0,0,0,0,0
6823,X,Jacob Eason,QB,,26,0,,QB-,0,0,0,0,0,0,0,0,0
6824,X,Donovan Peoples-Jones,WR,,26,0,,WR-,0,0,0,0,0,0,0,0,0
6832,X,Kalija Lipscomb,WR,,24,0,,WR-,0,0,0,0,0,0,0,0,0
6834,X,Jared Pinkney,TE,,26,0,,TE-,0,0,0,0,0,0,0,0,0
6843,X,Albert Okwuegbunam,TE,LV,28,0,,TE-,0,0,0,0,0,0,0,0,0
6845,X,Zack Moss,RB,,27,0,Tristan,RB-Tristan,0,0,0,0,0,0,0,0,0
6846,X,Hunter Bryant,TE,,23,0,,TE-,0,0,0,0,0,0,0,0,0
6847,X,Devin Duvernay,WR,ARI,28,0,,WR-,0,0,0,0,0,0,0,0,0
6849,X,Denzel Mims,WR,DAL,28,0,,WR-,0,0,0,0,0,0,0,0,0
6850,X,Harrison Bryant,TE,,28,0,Alex,TE-Alex,0,0,0,0,0,0,0,0,0
6857,X,Collin Johnson,WR,,27,0,,WR-,0,0,0,0,0,0,0,0,0
686,X,Shaun Hill,QB,,40,0,,QB-,0,0,0,0,0,0,0,0,0
6866,X,KJ Hill,WR,LAC,24,0,,WR-,0,0,0,0,0,0,0,0,0
6869,X,Adam Trautman,TE,DEN,29,0,,TE-,0,0,0,0,0,0,0,0,0
6870,X,Bryan Edwards,WR,,24,0,,WR-,0,0,0,0,0,0,0,0,0
6873,X,Austin Mack,WR,,26,0,,WR-,0,0,0,0,0,0,0,0,0
6878,X,Anthony McFarland,RB,,25,0,,RB-,0,0,0,0,0,0,0,0,0
6879,X,Quartney Davis,WR,,24,0,,WR-,0,0,0,0,0,0,0,0,0
688,X,Tony Scheffler,TE,,34,0,,TE-,0,0,0,0,0,0,0,0,0
6885,X,Ke'Shawn Vaughn,RB,,28,0,,RB-,0,0,0,0,0,0,0,0,0
6886,X,Chase Claypool,WR,,26,0,,WR-,0,0,0,0,0,0,0,0,0
6892,X,Nate Stanley,QB,,24,0,,QB-,0,0,0,0,0,0,0,0,0
6894,X,Mitchell Wilcox,TE,,28,0,,TE-,0,0,0,0,0,0,0,0,0
6895,X,Quintez Cephus,WR,,27,0,,WR-,0,0,0,0,0,0,0,0,0
6898,X,Anthony Gordon,QB,,25,0,,QB-,0,0,0,0,0,0,0,0,0
69,X,Santana Moss,WR,,38,0,,WR-,0,0,0,0,0,0,0,0,0
6906,X,Antonio Gandy-Golden,TE,,24,0,,TE-,0,0,0,0,0,0,0,0,0
6908,X,La'Mical Perine,RB,,26,0,,RB-,0,0,0,0,0,0,0,0,0
6909,X,Lynn Bowden,WR,,26,0,,WR-,0,0,0,0,0,0,0,0,0
691,X,Derek Anderson,QB,,38,0,,QB-,0,0,0,0,0,0,0,0,0
6913,X,Joe Reed,WR,,25,0,,WR-,0,0,0,0,0,0,0,0,0
6918,X,Salvon Ahmed,RB,CHI,27,0,,RB-,0,0,0,0,0,0,0,0,0
6919,X,Thaddeus Moss,TE,,24,0,,TE-,0,0,0,0,0,0,0,0,0
6926,X,Brycen Hopkins,TE,,27,0,,TE-,0,0,0,0,0,0,0,0,0
6927,X,Quez Watkins,WR,PHI,28,0,,WR-,0,0,0,0,0,0,0,0,0
6931,X,DeeJay Dallas,RB,JAX,27,0,,RB-,0,0,0,0,0,0,0,0,0
6932,X,Charlie Taumoepeau,TE,,23,0,,TE-,0,0,0,0,0,0,0,0,0
6938,X,Cam Akers,RB,,26,0,Matt,RB-Matt,0,0,0,0,0,0,0,0,0
6939,X,Binjimen Victor,WR,,26,0,,WR-,0,0,0,0,0,0,0,0,0
6943,X,Gabe Davis,WR,,26,0,Joe,WR-Joe,0,0,0,0,0,0,0,0,0
6945,X,Antonio Gibson,RB,,27,0,Alex,RB-Alex,0,0,0,0,0,0,0,0,0
695,X,Ted Ginn,WR,,36,0,,WR-,0,0,0,0,0,0,0,0,0
6951,X,Eno Benjamin,RB,,25,0,,RB-,0,0,0,0,0,0,0,0,0
6954,X,Cole McDonald,QB,,23,0,,QB-,0,0,0,0,0,0,0,0,0
6955,X,James Robinson,RB,,26,0,,RB-,0,0,0,0,0,0,0,0,0
6956,X,Devin Asiasi,TE,,26,0,,TE-,0,0,0,0,0,0,0,0,0
6957,X,James Proche,WR,,29,0,,WR-,0,0,0,0,0,0,0,0,0
6959,X,LeVante Bellamy,RB,,25,0,,RB-,0,0,0,0,0,0,0,0,0
6963,X,Patrick Taylor,RB,SF,28,0,Alex,RB-Alex,0,0,0,0,0,0,0,0,0
6964,X,Sean McKeon,TE,IND,28,0,,TE-,0,0,0,0,0,0,0,0,0
6966,X,Javon Leake,RB,,23,0,,RB-,0,0,0,0,0,0,0,0,0
6967,X,Aaron Fuller,WR,,24,0,,WR-,0,0,0,0,0,0,0,0,0
697,X,Leon Washington,RB,,35,0,,RB-,0,0,0,0,0,0,0,0,0
6970,X,Stephen Sullivan,TE,,28,0,,TE-,0,0,0,0,0,0,0,0,0
6973,X,JJ Taylor,RB,,27,0,,RB-,0,0,0,0,0,0,0,0,0
698,X,Charlie Whitehurst,QB,,38,0,,QB-,0,0,0,0,0,0,0,0,0
6982,X,Cheyenne O'Grady,TE,,25,0,,TE-,0,0,0,0,0,0,0,0,0
6984,X,Tony Jones,RB,,27,0,,RB-,0,0,0,0,0,0,0,0,0
6985,X,Dezmon Patmon,WR,,25,0,,WR-,0,0,0,0,0,0,0,0,0
6988,X,Raymond Calais,RB,,24,0,,RB-,0,0,0,0,0,0,0,0,0
6989,X,Marquez Callaway,WR,,27,0,,WR-,0,0,0,0,0,0,0,0,0
6992,X,Michael Warren,RB,DET,23,0,,RB-,0,0,0,0,0,0,0,0,0
6993,X,Dominick Wood-Anderson,TE,,23,0,,TE-,0,0,0,0,0,0,0,0,0
6996,X,JaMycal Hasty,RB,,29,0,,RB-,0,0,0,0,0,0,0,0,0
7,X,Kurt Warner,QB,,47,0,,QB-,0,0,0,0,0,0,0,0,0
7001,X,Brian Herrien,RB,,23,0,,RB-,0,0,0,0,0,0,0,0,0
7005,X,Scottie Phillips,RB,,24,0,,RB-,0,0,0,0,0,0,0,0,0
7008,X,Brian Lewerke,QB,,25,0,,QB-,0,0,0,0,0,0,0,0,0
7009,X,Trishton Jackson,WR,,27,0,,WR-,0,0,0,0,0,0,0,0,0
701,X,Ed Dickson,TE,,34,0,,TE-,0,0,0,0,0,0,0,0,0
7013,X,Steven Montez,QB,,26,0,,QB-,0,0,0,0,0,0,0,0,0
7015,X,Jacob Breeland,TE,,25,0,,TE-,0,0,0,0,0,0,0,0,0
7032,X,Tyrie Cleveland,WR,,26,0,,WR-,0,0,0,0,0,0,0,0,0
7035,X,Kendrick Rogers,WR,,24,0,,WR-,0,0,0,0,0,0,0,0,0
7038,X,Darius Anderson,RB,,25,0,,RB-,0,0,0,0,0,0,0,0,0
7039,X,Cody White,WR,SEA,27,0,,WR-,0,0,0,0,0,0,0,0,0
7045,X,Joshua Kelley,RB,,27,0,,RB-,0,0,0,0,0,0,0,0,0
7048,X,Benny LeMay,RB,CLE,24,0,,RB-,0,0,0,0,0,0,0,0,0
7050,X,Josiah Deguara,TE,SF,29,0,,TE-,0,0,0,0,0,0,0,0,0
7055,X,Sewo Olonilua,FB,,24,0,,FB-,0,0,0,0,0,0,0,0,0
7056,X,Darrell Stewart,WR,,25,0,,WR-,0,0,0,0,0,0,0,0,0
7063,X,Shea Patterson,QB,,24,0,,QB-,0,0,0,0,0,0,0,0,0
7064,X,Darrynton Evans,RB,,27,0,,RB-,0,0,0,0,0,0,0,0,0
7065,X,Eli Wolf,TE,,24,0,,TE-,0,0,0,0,0,0,0,0,0
7066,X,KJ Osborn,WR,TEN,29,0,Tristan,WR-Tristan,0,0,0,0,0,0,0,0,0
7075,X,Charlie Woerner,TE,ATL,28,0,,TE-,0,0,0,0,0,0,0,0,0
7076,X,Jeff Thomas,WR,,24,0,,WR-,0,0,0,0,0,0,0,0,0
7078,X,Tony Brown,WR,,24,0,,WR-,0,0,0,0,0,0,0,0,0
7079,X,Pete Guerriero,RB,,23,0,,RB-,0,0,0,0,0,0,0,0,0
7080,X,Omar Bayless,WR,,25,0,,WR-,0,0,0,0,0,0,0,0,0
7081,X,James Morgan,QB,,26,0,,QB-,0,0,0,0,0,0,0,0,0
7082,X,Dalton Keene,TE,,26,0,,TE-,0,0,0,0,0,0,0,0,0
7084,X,Jake Luton,QB,,28,0,,QB-,0,0,0,0,0,0,0,0,0
7085,X,Isaiah Coulter,WR,,24,0,,WR-,0,0,0,0,0,0,0,0,0
7086,X,John Hightower,WR,,27,0,,WR-,0,0,0,0,0,0,0,0,0
7087,X,Jonathan Ward,RB,,28,0,,RB-,0,0,0,0,0,0,0,0,0
7088,X,Xavier Jones,RB,,24,0,,RB-,0,0,0,0,0,0,0,0,0
7091,X,Aaron Parker,WR,,24,0,,WR-,0,0,0,0,0,0,0,0,0
7092,X,Chris Finke,WR,,26,0,,WR-,0,0,0,0,0,0,0,0,0
7093,X,Adrian Killins,RB,DEN,24,0,,RB-,0,0,0,0,0,0,0,0,0
7096,X,Kaleb Barker,QB,,23,0,,QB-,0,0,0,0,0,0,0,0,0
7097,X,Tra Barnett,RB,,23,0,,RB-,0,0,0,0,0,0,0,0,0
7098,X,Ty'Son Williams,RB,,26,0,,RB-,0,0,0,0,0,0,0,0,0
7099,X,Tom Flacco,QB,,25,0,,QB-,0,0,0,0,0,0,0,0,0
71,X,Jason Avant,WR,,37,0,,WR-,0,0,0,0,0,0,0,0,0
7100,X,Derrick Dillon,WR,,26,0,,WR-,0,0,0,0,0,0,0,0,0
7101,X,Rodney Smith,RB,,25,0,,RB-,0,0,0,0,0,0,0,0,0
7102,X,Mason Fine,QB,,23,0,,QB-,0,0,0,0,0,0,0,0,0
7103,X,Tavien Feaster,RB,ARI,24,0,,RB-,0,0,0,0,0,0,0,0,0
7106,X,Lawrence Cager,TE,WAS,28,0,,TE-,0,0,0,0,0,0,0,0,0
7107,X,Jason Huntley,RB,,25,0,,RB-,0,0,0,0,0,0,0,0,0
7109,X,Malcolm Perry,WR,,25,0,,WR-,0,0,0,0,0,0,0,0,0
7110,X,Kelly Bryant,QB,,23,0,,QB-,0,0,0,0,0,0,0,0,0
7131,X,Tyler Davis,TE,,28,0,,TE-,0,0,0,0,0,0,0,0,0
7135,X,Freddie Swain,WR,,26,0,,WR-,0,0,0,0,0,0,0,0,0
7143,X,Ben DiNucci,QB,,29,0,,QB-,0,0,0,0,0,0,0,0,0
7149,X,Tommy Stevens,TE,NYG,25,0,,TE-,0,0,0,0,0,0,0,0,0
7156,X,J'Mar Smith,QB,,25,0,,QB-,0,0,0,0,0,0,0,0,0
7157,X,Josh Love,QB,,25,0,,QB-,0,0,0,0,0,0,0,0,0
7158,X,Riley Neal,QB,,25,0,,QB-,0,0,0,0,0,0,0,0,0
7159,X,Reid Sinnett,QB,,26,0,,QB-,0,0,0,0,0,0,0,0,0
716,X,Steve Maneri,TE,,29,0,,TE-,0,0,0,0,0,0,0,0,0
7161,X,Shane Leatherbury,WR,,24,0,,WR-,0,0,0,0,0,0,0,0,0
7162,X,Ryan Becker,TE,,24,0,,TE-,0,0,0,0,0,0,0,0,0
717,X,Chris Ivory,RB,,33,0,,RB-,0,0,0,0,0,0,0,0,0
7172,X,Mikey Daniel,RB,,25,0,,RB-,0,0,0,0,0,0,0,0,0
7173,X,Jalen McCleskey,WR,,24,0,,WR-,0,0,0,0,0,0,0,0,0
7174,X,Juwan Green,WR,,25,0,,WR-,0,0,0,0,0,0,0,0,0
7175,X,Chris Rowland,WR,,24,0,,WR-,0,0,0,0,0,0,0,0,0
7176,X,Caleb Repp,TE,,24,0,,TE-,0,0,0,0,0,0,0,0,0
719,X,Victor Cruz,WR,,33,0,,WR-,0,0,0,0,0,0,0,0,0
7190,X,Bronson Rechsteiner,RB,,24,0,,RB-,0,0,0,0,0,0,0,0,0
7191,X,Jaylon Moore,WR,,27,0,,WR-,0,0,0,0,0,0,0,0,0
72,X,Kevin Walter,WR,,36,0,,WR-,0,0,0,0,0,0,0,0,0
7203,X,Antonio Williams,RB,,24,0,,RB-,0,0,0,0,0,0,0,0,0
7204,X,Reggie Gilliam,RB,NE,28,0,,RB-,0,0,0,0,0,0,0,0,0
7210,X,Kendall Hinton,WR,,26,0,,WR-,0,0,0,0,0,0,0,0,0
7211,X,Zimari Manning,WR,,26,0,,WR-,0,0,0,0,0,0,0,0,0
7212,X,Spencer Nigh,FB,,23,0,,FB-,0,0,0,0,0,0,0,0,0
7216,X,Giovanni Ricci,FB,,29,0,,FB-,0,0,0,0,0,0,0,0,0
7217,X,Trevontae Hights,WR,,24,0,,WR-,0,0,0,0,0,0,0,0,0
7218,X,Cam Sutton,TE,,25,0,,TE-,0,0,0,0,0,0,0,0,0
7227,X,Artavis Pierce,RB,,25,0,,RB-,0,0,0,0,0,0,0,0,0
7228,X,Ahmad Wagner,WR,,25,0,,WR-,0,0,0,0,0,0,0,0,0
723,X,Michael Robinson,RB,,34,0,,RB-,0,0,0,0,0,0,0,0,0
7233,X,Andre Baccellia,WR,,29,0,,WR-,0,0,0,0,0,0,0,0,0
7234,X,Maurice Ffrench,WR,,24,0,,WR-,0,0,0,0,0,0,0,0,0
7235,X,Aleva Hifo,WR,,24,0,,WR-,0,0,0,0,0,0,0,0,0
7236,X,Devwah Whaley,RB,,24,0,,RB-,0,0,0,0,0,0,0,0,0
7237,X,Scotty Washington,WR,,28,0,,WR-,0,0,0,0,0,0,0,0,0
7243,X,Kevin Davidson,QB,,24,0,,QB-,0,0,0,0,0,0,0,0,0
7244,X,Ja'Marcus Bradley,WR,,26,0,,WR-,0,0,0,0,0,0,0,0,0
7245,X,Nate Wieting,TE,,24,0,,TE-,0,0,0,0,0,0,0,0,0
7258,X,Luke Sellers,FB,,24,0,,FB-,0,0,0,0,0,0,0,0,0
7262,X,Jalen Morton,QB,IND,24,0,,QB-,0,0,0,0,0,0,0,0,0
7264,X,Jordan Jones,FB,,24,0,,FB-,0,0,0,0,0,0,0,0,0
727,X,Anthony Dixon,RB,,32,0,,RB-,0,0,0,0,0,0,0,0,0
7272,X,Dylan Stapleton,TE,,23,0,,TE-,0,0,0,0,0,0,0,0,0
7274,X,Tyler Simmons,WR,,24,0,,WR-,0,0,0,0,0,0,0,0,0
7279,X,DeMichael Harris,WR,,24,0,,WR-,0,0,0,0,0,0,0,0,0
7286,X,Marvelle Ross,WR,,25,0,,WR-,0,0,0,0,0,0,0,0,0
7287,X,Josh Hammond,WR,,25,0,,WR-,0,0,0,0,0,0,0,0,0
7288,X,Ben Ellefson,TE,,26,0,,TE-,0,0,0,0,0,0,0,0,0
7299,X,Justice Shelton-Mosley,WR,,24,0,,WR-,0,0,0,0,0,0,0,0,0
730,X,LeGarrette Blount,RB,,35,0,,RB-,0,0,0,0,0,0,0,0,0
7308,X,Nick Bowers,TE,,28,0,,TE-,0,0,0,0,0,0,0,0,0
7309,X,Siaosi Mariner,WR,,24,0,,WR-,0,0,0,0,0,0,0,0,0
7315,X,Bobby Holly,FB,,24,0,,FB-,0,0,0,0,0,0,0,0,0
7316,X,Darius Bradwell,RB,,25,0,,RB-,0,0,0,0,0,0,0,0,0
7317,X,Jared Rice,TE,,25,0,,TE-,0,0,0,0,0,0,0,0,0
7318,X,Gabe Nabers,FB,,24,0,,FB-,0,0,0,0,0,0,0,0,0
7319,X,Jeff Cotton,WR,,26,0,,WR-,0,0,0,0,0,0,0,0,0
7320,X,Dalton Schoen,WR,,25,0,,WR-,0,0,0,0,0,0,0,0,0
7334,X,Earnest Edwards,WR,,23,0,,WR-,0,0,0,0,0,0,0,0,0
7335,X,Bryce Perkins,QB,,28,0,,QB-,0,0,0,0,0,0,0,0,0
7336,X,James Gilbert,RB,,26,0,,RB-,0,0,0,0,0,0,0,0,0
7337,X,Easop Winston,WR,,28,0,,WR-,0,0,0,0,0,0,0,0,0
7339,X,JJ Koski,WR,,26,0,,WR-,0,0,0,0,0,0,0,0,0
7340,X,Brandon Polk,WR,,25,0,,WR-,0,0,0,0,0,0,0,0,0
735,X,Danny Woodhead,RB,,35,0,,RB-,0,0,0,0,0,0,0,0,0
7351,X,Kirk Merritt,WR,,26,0,,WR-,0,0,0,0,0,0,0,0,0
7352,X,Matt Cole,WR,,25,0,,WR-,0,0,0,0,0,0,0,0,0
7353,X,Bryce Sterk,TE,,25,0,,TE-,0,0,0,0,0,0,0,0,0
7357,X,Dan Chisena,WR,CAR,29,0,,WR-,0,0,0,0,0,0,0,0,0
7358,X,Jake Bargas,FB,,26,0,,FB-,0,0,0,0,0,0,0,0,0
7359,X,Nakia Griffin-Stewart,TE,,25,0,,TE-,0,0,0,0,0,0,0,0,0
736,X,Joique Bell,RB,,34,0,,RB-,0,0,0,0,0,0,0,0,0
7367,X,Will Hastings,WR,,25,0,,WR-,0,0,0,0,0,0,0,0,0
7368,X,Sean Riley,WR,,24,0,,WR-,0,0,0,0,0,0,0,0,0
737,X,Mickey Shuler,TE,,33,0,,TE-,0,0,0,0,0,0,0,0,0
7370,X,JoJo Ward,WR,,24,0,,WR-,0,0,0,0,0,0,0,0,0
7376,X,Case Cookus,QB,,27,0,,QB-,0,0,0,0,0,0,0,0,0
7378,X,Kyle Markway,TE,,25,0,,TE-,0,0,0,0,0,0,0,0,0
7379,X,Rysen John,TE,,24,0,,TE-,0,0,0,0,0,0,0,0,0
7387,X,George Campbell,WR,,25,0,,WR-,0,0,0,0,0,0,0,0,0
739,X,Trent Edwards,QB,,33,0,,QB-,0,0,0,0,0,0,0,0,0
7394,X,Jermiah Braswell,WR,,24,0,,WR-,0,0,0,0,0,0,0,0,0
7395,X,Rashad Medaris,WR,,25,0,,WR-,0,0,0,0,0,0,0,0,0
7396,X,Devin Phelps,WR,,25,0,,WR-,0,0,0,0,0,0,0,0,0
7397,X,Parker Houston,TE,,24,0,,TE-,0,0,0,0,0,0,0,0,0
740,X,Brandon Stokley,WR,,41,0,,WR-,0,0,0,0,0,0,0,0,0
7400,X,Manasseh Bailey,WR,,24,0,,WR-,0,0,0,0,0,0,0,0,0
7401,X,Khalil Tate,WR,,23,0,,WR-,0,0,0,0,0,0,0,0,0
7404,X,Noah Togiai,TE,,26,0,,TE-,0,0,0,0,0,0,0,0,0
7407,X,Isaiah Wright,WR,,24,0,,WR-,0,0,0,0,0,0,0,0,0
7412,X,Sandro Platzgummer,RB,,25,0,,RB-,0,0,0,0,0,0,0,0,0
7414,X,Johnathon Johnson,WR,,25,0,,WR-,0,0,0,0,0,0,0,0,0
7418,X,Broc Rutter,QB,,24,0,,QB-,0,0,0,0,0,0,0,0,0
7420,X,Josh Hokit,FB,,24,0,,FB-,0,0,0,0,0,0,0,0,0
7424,X,Anthony Jones,RB,,24,0,,RB-,0,0,0,0,0,0,0,0,0
7425,X,Patrick Carr,RB,,26,0,,RB-,0,0,0,0,0,0,0,0,0
7426,X,Seth Dawkins,WR,,23,0,,WR-,0,0,0,0,0,0,0,0,0
7427,X,Tyler Mabry,TE,,28,0,,TE-,0,0,0,0,0,0,0,0,0
7435,X,Cameron Scarlett,RB,,25,0,,RB-,0,0,0,0,0,0,0,0,0
7436,X,Mason Kinsey,WR,TEN,27,0,,WR-,0,0,0,0,0,0,0,0,0
7437,X,Kyle Williams,WR,,23,0,,WR-,0,0,0,0,0,0,0,0,0
7438,X,Kristian Wilkerson,WR,,29,0,,WR-,0,0,0,0,0,0,0,0,0
7439,X,Tommy Hudson,TE,,27,0,,TE-,0,0,0,0,0,0,0,0,0
745,X,Marshawn Lynch,RB,,35,0,,RB-,0,0,0,0,0,0,0,0,0
7452,X,Josh Pearson,WR,,24,0,,WR-,0,0,0,0,0,0,0,0,0
7454,X,Travis Jonsen,WR,,25,0,,WR-,0,0,0,0,0,0,0,0,0
7455,X,John Hurst,WR,,25,0,,WR-,0,0,0,0,0,0,0,0,0
7457,X,Michael Dereus,WR,,24,0,,WR-,0,0,0,0,0,0,0,0,0
7458,X,Isaiah Zuber,WR,,26,0,,WR-,0,0,0,0,0,0,0,0,0
7460,X,Jake Burt,TE,,25,0,,TE-,0,0,0,0,0,0,0,0,0
7462,X,Stephen Guidry,WR,,24,0,,WR-,0,0,0,0,0,0,0,0,0
7464,X,Connor Slomka,RB,,24,0,,RB-,0,0,0,0,0,0,0,0,0
7465,X,Nick Tiano,QB,,25,0,,QB-,0,0,0,0,0,0,0,0,0
7466,X,Nathan Cottrell,RB,,26,0,,RB-,0,0,0,0,0,0,0,0,0
747,X,Erik Lorig,FB,,31,0,,FB-,0,0,0,0,0,0,0,0,0
7475,X,Napoleon Maxwell,RB,,25,0,,RB-,0,0,0,0,0,0,0,0,0
748,X,Mike Williams,WR,,31,0,,WR-,0,0,0,0,0,0,0,0,0
7481,X,Chase Harrell,TE,,25,0,,TE-,0,0,0,0,0,0,0,0,0
7483,X,Farrod Green,TE,,24,0,,TE-,0,0,0,0,0,0,0,0,0
749,X,Zach Miller,TE,,35,0,,TE-,0,0,0,0,0,0,0,0,0
7499,X,Paul Quessenberry,TE,,30,0,,TE-,0,0,0,0,0,0,0,0,0
7502,X,Dominique Dafney,TE,,28,0,,TE-,0,0,0,0,0,0,0,0,0
7503,X,Connor Davis,TE,,27,0,,TE-,0,0,0,0,0,0,0,0,0
7509,X,Chris Owusu,WR,,30,0,,WR-,0,0,0,0,0,0,0,0,0
7517,X,Duplicate Player,WR,,22,0,,WR-,0,0,0,0,0,0,0,0,0
7521,X,Chris Blair,WR,ATL,28,0,,WR-,0,0,0,0,0,0,0,0,0
7522,X,Hunter Thedford,TE,,26,0,,TE-,0,0,0,0,0,0,0,0,0
7528,X,Najee Harris,RB,,27,0,Luc,RB-Luc,0,0,0,0,0,0,0,0,0
7529,X,Gary Brightwell,RB,CIN,28,0,,RB-,0,0,0,0,0,0,0,0,0
7530,X,Frank Darby,WR,,26,0,,WR-,0,0,0,0,0,0,0,0,0
7531,X,Feleipe Franks,TE,CAR,28,0,,TE-,0,0,0,0,0,0,0,0,0
7533,X,Anthony Schwartz,WR,,24,0,,WR-,0,0,0,0,0,0,0,0,0
7534,X,Seth Williams,WR,,25,0,,WR-,0,0,0,0,0,0,0,0,0
7535,X,Hunter Long,TE,JAX,27,0,,TE-,0,0,0,0,0,0,0,0,0
7536,X,Quintin Morris,TE,JAX,27,0,,TE-,0,0,0,0,0,0,0,0,0
7537,X,Jaret Patterson,RB,LAC,26,0,,RB-,0,0,0,0,0,0,0,0,0
7539,X,Gerrid Doaks,RB,,25,0,,RB-,0,0,0,0,0,0,0,0,0
7540,X,Amari Rodgers,WR,,24,0,,WR-,0,0,0,0,0,0,0,0,0
7541,X,Cornell Powell,WR,,28,0,,WR-,0,0,0,0,0,0,0,0,0
7546,X,Tre Nixon,WR,,26,0,,WR-,0,0,0,0,0,0,0,0,0
7548,X,Tyler Vaughns,WR,,25,0,,WR-,0,0,0,0,0,0,0,0,0
7549,X,CJ Marable,RB,,26,0,,RB-,0,0,0,0,0,0,0,0,0
7550,X,Warren Jackson,WR,,23,0,,WR-,0,0,0,0,0,0,0,0,0
7551,X,Deon Jackson,RB,,26,0,,RB-,0,0,0,0,0,0,0,0,0
7552,X,Blake Proehl,WR,,24,0,,WR-,0,0,0,0,0,0,0,0,0
7554,X,Tre' McKitty,TE,,26,0,,TE-,0,0,0,0,0,0,0,0,0
7555,X,Jamie Newman,QB,,24,0,,QB-,0,0,0,0,0,0,0,0,0
7556,X,Marquez Stevenson,WR,,25,0,,WR-,0,0,0,0,0,0,0,0,0
7558,X,Whop Philyor,WR,,23,0,,WR-,0,0,0,0,0,0,0,0,0
7559,X,Ihmir Smith-Marsette,WR,ARI,26,0,,WR-,0,0,0,0,0,0,0,0,0
7560,X,Pooka Williams,RB,,23,0,,RB-,0,0,0,0,0,0,0,0,0
7563,X,Javian Hawkins,RB,,22,0,,RB-,0,0,0,0,0,0,0,0,0
7565,X,Terrace Marshall,WR,MIA,26,0,,WR-,0,0,0,0,0,0,0,0,0
7567,X,Kenny Gainwell,RB,TB,27,0,James,RB-James,0,0,0,0,0,0,0,0,0
7572,X,Kylin Hill,RB,,24,0,,RB-,0,0,0,0,0,0,0,0,0
7573,X,Damon Hazelton,WR,,25,0,,WR-,0,0,0,0,0,0,0,0,0
7574,X,Larry Rountree,RB,,24,0,,RB-,0,0,0,0,0,0,0,0,0
7576,X,Sage Surratt,TE,,26,0,,TE-,0,0,0,0,0,0,0,0,0
7578,X,Myron Mitchell,WR,,24,0,,WR-,0,0,0,0,0,0,0,0,0
7579,X,Austin Watkins,WR,,26,0,,WR-,0,0,0,0,0,0,0,0,0
7580,X,Khalil McClain,WR,,22,0,,WR-,0,0,0,0,0,0,0,0,0
7581,X,Kellen Mond,QB,,24,0,,QB-,0,0,0,0,0,0,0,0,0
7582,X,Jhamon Ausbon,WR,,22,0,,WR-,0,0,0,0,0,0,0,0,0
7583,X,Sam Ehlinger,QB,DEN,27,0,,QB-,0,0,0,0,0,0,0,0,0
7586,X,Dazz Newsome,WR,,24,0,,WR-,0,0,0,0,0,0,0,0,0
7589,X,Ian Book,QB,,26,0,,QB-,0,0,0,0,0,0,0,0,0
7593,X,Trey Sermon,RB,,26,0,,RB-,0,0,0,0,0,0,0,0,0
7595,X,Tylan Wallace,WR,CLE,27,0,,WR-,0,0,0,0,0,0,0,0,0
7597,X,Kenny Yeboah,TE,ARI,27,0,,TE-,0,0,0,0,0,0,0,0,0
7599,X,Jermar Jefferson,RB,,26,0,,RB-,0,0,0,0,0,0,0,0,0
7601,X,Rondale Moore,WR,,25,0,Matt,WR-Matt,0,0,0,0,0,0,0,0,0
7602,X,Kylen Granson,TE,TEN,28,0,Ricky,TE-Ricky,0,0,0,0,0,0,0,0,0
7603,X,Shi Smith,WR,,25,0,,WR-,0,0,0,0,0,0,0,0,0
7604,X,Tamorrion Terry,WR,,27,0,,WR-,0,0,0,0,0,0,0,0,0
7605,X,Kyle Trask,QB,,27,0,,QB-,0,0,0,0,0,0,0,0,0
7606,X,Kadarius Toney,WR,,25,0,Shane,WR-Shane,0,0,0,0,0,0,0,0,0
7608,994,Khalil Herbert,RB,SF,28,486,James,RB-James,17.35714286,265.0909091,220.9090909,110.4545455,-220.9090909,-44.18181818,-110.4545455,0,0
7609,X,Demetric Felton,RB,,27,0,,RB-,0,0,0,0,0,0,0,0,0
761,X,Brian St Pierre,QB,,37,0,,QB-,0,0,0,0,0,0,0,0,0
7612,X,Dee Eskridge,WR,,28,0,,WR-,0,0,0,0,0,0,0,0,0
7613,X,Jonathan Adams,WR,,23,0,,WR-,0,0,0,0,0,0,0,0,0
7614,X,Darius Clark,RB,,25,0,,RB-,0,0,0,0,0,0,0,0,0
7616,X,Kai Locksley,WR,,25,0,,WR-,0,0,0,0,0,0,0,0,0
7619,X,Mathew Sexton,WR,,26,0,,WR-,0,0,0,0,0,0,0,0,0
762,X,James Starks,RB,,34,0,,RB-,0,0,0,0,0,0,0,0,0
7622,X,Sammis Reyes,TE,,29,0,,TE-,0,0,0,0,0,0,0,0,0
7623,X,Darece Roberson,WR,,23,0,,WR-,0,0,0,0,0,0,0,0,0
764,X,Derek Hagan,WR,,32,0,,WR-,0,0,0,0,0,0,0,0,0
768,X,Scott Chandler,TE,,35,0,,TE-,0,0,0,0,0,0,0,0,0
769,X,Jordan Norwood,WR,,33,0,,WR-,0,0,0,0,0,0,0,0,0
7703,X,Jacob Harris,WR,,28,0,,WR-,0,0,0,0,0,0,0,0,0
7713,X,Jaelon Darden,WR,,26,0,,WR-,0,0,0,0,0,0,0,0,0
7716,X,John Bates,TE,WAS,28,0,,TE-,0,0,0,0,0,0,0,0,0
7720,X,Kene Nwangwu,RB,NYJ,28,0,,RB-,0,0,0,0,0,0,0,0,0
7729,X,Dez Fitzpatrick,WR,,27,0,,WR-,0,0,0,0,0,0,0,0,0
7733,X,Josh Pederson,TE,,26,0,,TE-,0,0,0,0,0,0,0,0,0
7734,X,Bruno Labelle,TE,,24,0,,TE-,0,0,0,0,0,0,0,0,0
7735,X,Cary Angeline,TE,,24,0,,TE-,0,0,0,0,0,0,0,0,0
7741,X,Caleb Huntley,RB,,24,0,,RB-,0,0,0,0,0,0,0,0,0
7744,X,Antonio Nunn,WR,,25,0,,WR-,0,0,0,0,0,0,0,0,0
7746,X,Austin Trammell,WR,JAX,28,0,,WR-,0,0,0,0,0,0,0,0,0
7751,X,Dax Milne,WR,,25,0,,WR-,0,0,0,0,0,0,0,0,0
7752,X,Kawaan Baker,WR,,27,0,,WR-,0,0,0,0,0,0,0,0,0
7757,X,Ben Skowronek,WR,PIT,29,0,,WR-,0,0,0,0,0,0,0,0,0
7771,X,Jake Funk,RB,,26,0,,RB-,0,0,0,0,0,0,0,0,0
7789,X,Jalen Camp,WR,,26,0,,WR-,0,0,0,0,0,0,0,0,0
7793,X,Racey McMath,WR,,25,0,,WR-,0,0,0,0,0,0,0,0,0
7794,X,Chris Evans,RB,,27,0,Tristan,RB-Tristan,0,0,0,0,0,0,0,0,0
78,X,Ahmad Bradshaw,RB,,34,0,,RB-,0,0,0,0,0,0,0,0,0
7808,X,Ben Mason,FB,,25,0,,FB-,0,0,0,0,0,0,0,0,0
7809,X,Avery Williams,RB,,27,0,,RB-,0,0,0,0,0,0,0,0,0
7812,X,Simi Fehoko,WR,ARI,28,0,,WR-,0,0,0,0,0,0,0,0,0
782,X,Will Tukuafu,FB,,36,0,,FB-,0,0,0,0,0,0,0,0,0
7842,X,Luke Farrell,TE,SF,28,0,,TE-,0,0,0,0,0,0,0,0,0
7848,X,Scooter Harrington,TE,,24,0,,TE-,0,0,0,0,0,0,0,0,0
7852,X,Tory Carter,FB,,23,0,,FB-,0,0,0,0,0,0,0,0,0
7854,X,Miller Forristall,TE,,26,0,,TE-,0,0,0,0,0,0,0,0,0
7858,X,Brenden Knox,RB,,23,0,,RB-,0,0,0,0,0,0,0,0,0
7859,X,Nick Eubanks,TE,,26,0,,TE-,0,0,0,0,0,0,0,0,0
7860,X,Osirus Mitchell,WR,,23,0,,WR-,0,0,0,0,0,0,0,0,0
7862,X,TJ Vasher,WR,,24,0,,WR-,0,0,0,0,0,0,0,0,0
7863,X,JaQuan Hardy,RB,,24,0,,RB-,0,0,0,0,0,0,0,0,0
7864,X,Artayvious Lynn,TE,,25,0,,TE-,0,0,0,0,0,0,0,0,0
7865,X,Brandon Smith,WR,PIT,27,0,,WR-,0,0,0,0,0,0,0,0,0
7867,X,Spencer Brown,RB,,25,0,,RB-,0,0,0,0,0,0,0,0,0
7874,X,Jeremiah Haydel,WR,,22,0,,WR-,0,0,0,0,0,0,0,0,0
788,X,Dion Lewis,RB,,31,0,,RB-,0,0,0,0,0,0,0,0,0
7885,X,Bailey Gaither,WR,,26,0,,WR-,0,0,0,0,0,0,0,0,0
7890,X,Javon McKinley,WR,,24,0,,WR-,0,0,0,0,0,0,0,0,0
7893,X,Dedrick Mills,RB,,25,0,,RB-,0,0,0,0,0,0,0,0,0
7901,X,Rico Bussey,WR,,24,0,,WR-,0,0,0,0,0,0,0,0,0
7903,X,Briley Moore,TE,,24,0,,TE-,0,0,0,0,0,0,0,0,0
7904,X,Stevie Scott,RB,,23,0,,RB-,0,0,0,0,0,0,0,0,0
7905,X,Dylan Soehner,TE,,25,0,,TE-,0,0,0,0,0,0,0,0,0
7915,X,Landen Akers,WR,,25,0,,WR-,0,0,0,0,0,0,0,0,0
7918,X,AJ Rose,RB,,24,0,,RB-,0,0,0,0,0,0,0,0,0
7926,X,Carl Tucker,TE,,24,0,,TE-,0,0,0,0,0,0,0,0,0
7938,X,Hunter Kampmoyer,TE,,26,0,,TE-,0,0,0,0,0,0,0,0,0
794,X,Kamar Aiken,WR,,32,0,,WR-,0,0,0,0,0,0,0,0,0
7941,X,Nick Ralston,RB,,25,0,,RB-,0,0,0,0,0,0,0,0,0
7943,X,Zach Davidson,TE,,27,0,,TE-,0,0,0,0,0,0,0,0,0
7944,X,Michael Strachan,WR,,28,0,,WR-,0,0,0,0,0,0,0,0,0
7946,X,Jack Stoll,TE,CLE,28,0,,TE-,0,0,0,0,0,0,0,0,0
7951,X,BJ Emmons,RB,,25,0,,RB-,0,0,0,0,0,0,0,0,0
7954,X,Connor Wedington,WR,,23,0,,WR-,0,0,0,0,0,0,0,0,0
7956,X,Cade Johnson,WR,,26,0,,WR-,0,0,0,0,0,0,0,0,0
7972,X,Tony Poljan,TE,,25,0,,TE-,0,0,0,0,0,0,0,0,0
7980,X,John Raine,FB,,25,0,,FB-,0,0,0,0,0,0,0,0,0
7983,X,Collin Hill,QB,,24,0,,QB-,0,0,0,0,0,0,0,0,0
7989,X,DJ Turner,WR,HOU,29,0,Ricky,WR-Ricky,0,0,0,0,0,0,0,0,0
7990,X,Garrett Groshek,RB,,24,0,,RB-,0,0,0,0,0,0,0,0,0
7992,X,Matt Bushman,TE,,28,0,,TE-,0,0,0,0,0,0,0,0,0
7993,X,Trey Ragas,RB,,25,0,,RB-,0,0,0,0,0,0,0,0,0
7996,X,Dillon Stoner,WR,,25,0,,WR-,0,0,0,0,0,0,0,0,0
8002,X,Shane Buechele,QB,BUF,28,0,,QB-,0,0,0,0,0,0,0,0,0
8005,X,Tarik Black,WR,,28,0,,WR-,0,0,0,0,0,0,0,0,0
8008,X,Josh Imatorbhebhe,WR,,23,0,,WR-,0,0,0,0,0,0,0,0,0
801,X,Charles Clay,TE,,32,0,,TE-,0,0,0,0,0,0,0,0,0
8013,X,Tim Jones,WR,JAX,28,0,,WR-,0,0,0,0,0,0,0,0,0
8018,X,Shaun Beyer,TE,,25,0,,TE-,0,0,0,0,0,0,0,0,0
8019,X,Devontres Dukes,WR,,24,0,,WR-,0,0,0,0,0,0,0,0,0
802,X,Pat Devlin,QB,,32,0,,QB-,0,0,0,0,0,0,0,0,0
8021,X,Branden Mack,WR,,23,0,,WR-,0,0,0,0,0,0,0,0,0
8025,X,Adam Prentice,FB,DEN,29,0,,FB-,0,0,0,0,0,0,0,0,0
8026,X,Landon Rice,TE,,24,0,,TE-,0,0,0,0,0,0,0,0,0
8027,X,Tre Harbison,RB,,23,0,,RB-,0,0,0,0,0,0,0,0,0
8033,X,Bernhard Seikovits,TE,,27,0,,TE-,0,0,0,0,0,0,0,0,0
8038,X,Nick Guggemos,TE,,27,0,,TE-,0,0,0,0,0,0,0,0,0
8039,X,Jibri Blount,TE,,25,0,,TE-,0,0,0,0,0,0,0,0,0
804,X,Clyde Gates,WR,,31,0,,WR-,0,0,0,0,0,0,0,0,0
8041,X,Shane Zylstra,TE,BUF,29,0,,TE-,0,0,0,0,0,0,0,0,0
8051,X,Josh Johnson,RB,,24,0,,RB-,0,0,0,0,0,0,0,0,0
8058,X,Nate McCrary,RB,,25,0,,RB-,0,0,0,0,0,0,0,0,0
806,X,Daniel Thomas,RB,,30,0,,RB-,0,0,0,0,0,0,0,0,0
8061,X,Jake Hausmann,TE,,25,0,,TE-,0,0,0,0,0,0,0,0,0
8068,X,CJ Saunders,WR,,27,0,,WR-,0,0,0,0,0,0,0,0,0
8070,X,Travis Toivonen,WR,,24,0,,WR-,0,0,0,0,0,0,0,0,0
8074,X,Matt Seybert,TE,,24,0,,TE-,0,0,0,0,0,0,0,0,0
8076,X,Michael Bandy,WR,DEN,28,0,,WR-,0,0,0,0,0,0,0,0,0
8077,X,Otis Anderson,RB,,23,0,,RB-,0,0,0,0,0,0,0,0,0
8079,X,Craig Stevens,TE,,36,0,,TE-,0,0,0,0,0,0,0,0,0
8085,X,Mekhi Sargent,RB,,25,0,,RB-,0,0,0,0,0,0,0,0,0
8087,X,KJ Costello,QB,,25,0,,QB-,0,0,0,0,0,0,0,0,0
8089,X,Sal Cannella,TE,,29,0,,TE-,0,0,0,0,0,0,0,0,0
8090,X,Daniel Crawford,TE,,24,0,,TE-,0,0,0,0,0,0,0,0,0
8092,X,Corey Taylor,RB,,24,0,,RB-,0,0,0,0,0,0,0,0,0
8094,X,Michael Jacobson,TE,,28,0,,TE-,0,0,0,0,0,0,0,0,0
8095,X,Graham Adomitis,TE,,25,0,,TE-,0,0,0,0,0,0,0,0,0
8099,X,DeMichael Harris-DUP,WR,,23,0,,WR-,0,0,0,0,0,0,0,0,0
810,X,Ryan Mallett,QB,,32,0,,QB-,0,0,0,0,0,0,0,0,0
8101,X,Mark Vital,TE,,25,0,,TE-,0,0,0,0,0,0,0,0,0
8103,X,Ryan Willis,QB,,25,0,,QB-,0,0,0,0,0,0,0,0,0
8105,X,Brayden Lenius,TE,,25,0,,TE-,0,0,0,0,0,0,0,0,0
8107,X,Nikola Kalinic,TE,CHI,29,0,,TE-,0,0,0,0,0,0,0,0,0
8108,X,DeVonte Dedmon,WR,,26,0,,WR-,0,0,0,0,0,0,0,0,0
811,X,Stevan Ridley,RB,,32,0,,RB-,0,0,0,0,0,0,0,0,0
8114,X,Erik Ezukanma,WR,PHI,26,0,,WR-,0,0,0,0,0,0,0,0,0
8115,X,Jalen Wydermyer,TE,,22,0,,TE-,0,0,0,0,0,0,0,0,0
8116,X,Pierre Strong,RB,GB,27,0,James,RB-James,0,0,0,0,0,0,0,0,0
8118,X,David Bell,WR,,24,0,Jordan,WR-Jordan,0,0,0,0,0,0,0,0,0
812,X,Lee Smith,TE,ATL,34,0,,TE-,0,0,0,0,0,0,0,0,0
8120,X,Jerrion Ealy,RB,,23,0,,RB-,0,0,0,0,0,0,0,0,0
8122,X,Zonovan Knight,RB,ARI,25,0,,RB-,0,0,0,0,0,0,0,0,0
8123,X,Hassan Haskins,RB,,26,0,Tristan,RB-Tristan,0,0,0,0,0,0,0,0,0
8125,X,Calvin Austin,WR,NYG,27,0,Shane,WR-Shane,0,0,0,0,0,0,0,0,0
8139,X,Zamir White,RB,,26,0,Luc,RB-Luc,0,0,0,0,0,0,0,0,0
814,X,Shane Vereen,RB,,31,0,,RB-,0,0,0,0,0,0,0,0,0
8140,X,Justyn Ross,WR,,25,0,,WR-,0,0,0,0,0,0,0,0,0
8149,X,Master Teague,RB,,23,0,,RB-,0,0,0,0,0,0,0,0,0
8152,X,Kennedy Brooks,RB,,24,0,,RB-,0,0,0,0,0,0,0,0,0
8153,X,Isaiah Spiller,RB,,23,0,,RB-,0,0,0,0,0,0,0,0,0
8157,X,Bailey Zappe,QB,NYJ,27,0,Matt,QB-Matt,0,0,0,0,0,0,0,0,0
8158,X,Carson Strong,QB,,23,0,,QB-,0,0,0,0,0,0,0,0,0
8159,X,Desmond Ridder,QB,,26,0,Matt,QB-Matt,0,0,0,0,0,0,0,0,0
8164,X,Matt Corral,QB,,25,0,,QB-,0,0,0,0,0,0,0,0,0
8166,X,Dontario Drummond,WR,,26,0,,WR-,0,0,0,0,0,0,0,0,0
817,X,Jeremy Kerley,WR,,33,0,,WR-,0,0,0,0,0,0,0,0,0
8170,X,James Mitchell,TE,CAR,26,0,,TE-,0,0,0,0,0,0,0,0,0
8171,X,Kyle Philips,WR,,26,0,Luc,WR-Luc,0,0,0,0,0,0,0,0,0
8173,X,ZaQuandre White,RB,,24,0,,RB-,0,0,0,0,0,0,0,0,0
8174,X,Kevin Harris,RB,,24,0,Ricky,RB-Ricky,0,0,0,0,0,0,0,0,0
8175,X,Reggie Roberson,WR,,24,0,,WR-,0,0,0,0,0,0,0,0,0
8176,X,Danny Gray,WR,PHI,27,0,Luc,WR-Luc,0,0,0,0,0,0,0,0,0
8178,X,Braylon Sanders,WR,,26,0,,WR-,0,0,0,0,0,0,0,0,0
8179,X,Snoop Conner,RB,,24,0,,RB-,0,0,0,0,0,0,0,0,0
818,X,Bilal Powell,RB,,33,0,,RB-,0,0,0,0,0,0,0,0,0
8181,X,Connor Heyward,TE,LV,27,0,,TE-,0,0,0,0,0,0,0,0,0
8182,X,Chase Allen,TE,,26,0,,TE-,0,0,0,0,0,0,0,0,0
8184,X,D'Vonte Price,RB,,23,0,,RB-,0,0,0,0,0,0,0,0,0
8185,X,Johnny Johnson,WR,,26,0,,WR-,0,0,0,0,0,0,0,0,0
8187,X,CJ Verdell,RB,,23,0,,RB-,0,0,0,0,0,0,0,0,0
8189,X,Trestan Ebner,RB,,24,0,,RB-,0,0,0,0,0,0,0,0,0
8190,X,Abram Smith,RB,,24,0,,RB-,0,0,0,0,0,0,0,0,0
8191,X,Slade Bolden,WR,,24,0,,WR-,0,0,0,0,0,0,0,0,0
8192,X,Curtis Hodges,TE,,25,0,,TE-,0,0,0,0,0,0,0,0,0
8193,X,EJ Perry,QB,,26,0,,QB-,0,0,0,0,0,0,0,0,0
8194,X,Jashaun Corbin,RB,,25,0,,RB-,0,0,0,0,0,0,0,0,0
8195,X,Ronnie Rivers,RB,LAR,27,0,,RB-,0,0,0,0,0,0,0,0,0
8196,X,Ty Fryfogle,WR,,24,0,,WR-,0,0,0,0,0,0,0,0,0
8197,X,Peyton Hendershot,TE,,25,0,,TE-,0,0,0,0,0,0,0,0,0
8198,X,Charleston Rambo,WR,,24,0,,WR-,0,0,0,0,0,0,0,0,0
8199,X,D'Eriq King,QB,,25,0,,QB-,0,0,0,0,0,0,0,0,0
82,X,Brandon Jacobs,RB,,35,0,,RB-,0,0,0,0,0,0,0,0,0
8200,X,Kevin Austin,WR,NO,26,0,,WR-,0,0,0,0,0,0,0,0,0
8201,X,Jack Coan,QB,,24,0,,QB-,0,0,0,0,0,0,0,0,0
8202,X,Michael Woods,WR,DEN,26,0,,WR-,0,0,0,0,0,0,0,0,0
8206,X,Skylar Thompson,QB,BAL,29,0,,QB-,0,0,0,0,0,0,0,0,0
8209,X,Makai Polk,WR,,23,0,,WR-,0,0,0,0,0,0,0,0,0
8211,X,Tyrion Davis-Price,RB,,24,0,,RB-,0,0,0,0,0,0,0,0,0
8212,X,Dustin Crum,QB,,24,0,,QB-,0,0,0,0,0,0,0,0,0
8213,X,Dai'Jean Dixon,WR,,24,0,,WR-,0,0,0,0,0,0,0,0,0
8214,X,Cole Turner,TE,MIA,26,0,,TE-,0,0,0,0,0,0,0,0,0
8215,X,Austin Allen,TE,,24,0,,TE-,0,0,0,0,0,0,0,0,0
8217,X,Leddie Brown,RB,,22,0,,RB-,0,0,0,0,0,0,0,0,0
8218,X,Max Borghi,RB,,22,0,,RB-,0,0,0,0,0,0,0,0,0
8219,X,Jelani Woods,TE,NYJ,27,0,Jeremy,TE-Jeremy,0,0,0,0,0,0,0,0,0
822,X,Tandon Doss,WR,,27,0,,WR-,0,0,0,0,0,0,0,0,0
8220,X,Sincere McCormick,RB,SF,25,0,Lucas,RB-Lucas,0,0,0,0,0,0,0,0,0
8221,X,Keaontay Ingram,RB,,26,0,,RB-,0,0,0,0,0,0,0,0,0
8222,X,Josh Johnson,WR,,23,0,,WR-,0,0,0,0,0,0,0,0,0
8223,X,Velus Jones,WR,SEA,29,0,,WR-,0,0,0,0,0,0,0,0,0
8224,X,Cole Kelley,QB,,25,0,,QB-,0,0,0,0,0,0,0,0,0
8226,X,Greg Bell,RB,,25,0,,RB-,0,0,0,0,0,0,0,0,0
8227,X,Teagan Quitoriano,TE,ARI,26,0,,TE-,0,0,0,0,0,0,0,0,0
8229,X,Isaiah Weston,WR,,25,0,,WR-,0,0,0,0,0,0,0,0,0
8232,X,Jaquarii Roberson,WR,,24,0,,WR-,0,0,0,0,0,0,0,0,0
8233,X,Mataeo Durant,RB,,23,0,,RB-,0,0,0,0,0,0,0,0,0
8234,X,Jaivon Heiligh,WR,,23,0,,WR-,0,0,0,0,0,0,0,0,0
8235,X,Samori Toure,WR,PHI,28,0,,WR-,0,0,0,0,0,0,0,0,0
8236,X,Jerreth Sterns,WR,,23,0,,WR-,0,0,0,0,0,0,0,0,0
8238,X,Emeka Emezie,WR,,23,0,,WR-,0,0,0,0,0,0,0,0,0
8239,X,Ricky Person,RB,,24,0,,RB-,0,0,0,0,0,0,0,0,0
8240,X,BJ Baylor,RB,,24,0,,RB-,0,0,0,0,0,0,0,0,0
8241,X,Anthony Brown,QB,,26,0,,QB-,0,0,0,0,0,0,0,0,0
8243,X,DeAndre Torrey,RB,,24,0,,RB-,0,0,0,0,0,0,0,0,0
8245,X,Derrick Deese,TE,,24,0,,TE-,0,0,0,0,0,0,0,0,0
8246,X,Bryant Koback,RB,,26,0,,RB-,0,0,0,0,0,0,0,0,0
8247,X,Gerrit Prince,TE,,26,0,,TE-,0,0,0,0,0,0,0,0,0
8248,X,Kalil Pimpleton,WR,,24,0,,WR-,0,0,0,0,0,0,0,0,0
8249,X,Lucas Krull,TE,DEN,28,0,,TE-,0,0,0,0,0,0,0,0,0
8250,X,Tay Martin,WR,DET,28,0,,WR-,0,0,0,0,0,0,0,0,0
8251,X,Calvin Jackson,WR,,25,0,,WR-,0,0,0,0,0,0,0,0,0
8253,X,Deven Thompkins,WR,LV,26,0,,WR-,0,0,0,0,0,0,0,0,0
8254,X,Julius Chestnut,RB,TEN,25,0,Alex,RB-Alex,0,0,0,0,0,0,0,0,0
8255,X,Raheem Blackshear,RB,DET,28,0,Lucas,RB-Lucas,0,0,0,0,0,0,0,0,0
826,X,Torrey Smith,WR,,32,0,,WR-,0,0,0,0,0,0,0,0,0
827,X,Tyrod Taylor,QB,GB,37,0,,QB-,0,0,0,0,0,0,0,0,0
829,X,Andy Dalton,QB,PHI,38,0,Alex,QB-Alex,0,0,0,0,0,0,0,0,0
83,X,Tim Hightower,RB,,34,0,,RB-,0,0,0,0,0,0,0,0,0
830,X,AJ Green,WR,,34,0,,WR-,0,0,0,0,0,0,0,0,0
831,X,Andrew Hawkins,WR,,34,0,,WR-,0,0,0,0,0,0,0,0,0
832,X,Ryan Whalen,WR,,29,0,,WR-,0,0,0,0,0,0,0,0,0
833,X,Jordan Cameron,TE,,32,0,,TE-,0,0,0,0,0,0,0,0,0
835,X,Greg Little,WR,,31,0,,WR-,0,0,0,0,0,0,0,0,0
8407,X,TJ Pledger,RB,,22,0,,RB-,0,0,0,0,0,0,0,0,0
8409,X,Tyler Snead,WR,,22,0,,WR-,0,0,0,0,0,0,0,0,0
8411,X,Devon Allen,WR,,29,0,,WR-,0,0,0,0,0,0,0,0,0
8413,X,Chris Oladokun,QB,KC,28,0,,QB-,0,0,0,0,0,0,0,0,0
8414,X,Britain Covey,WR,PHI,29,0,,WR-,0,0,0,0,0,0,0,0,0
8416,X,Jalen Virgil,WR,,28,0,,WR-,0,0,0,0,0,0,0,0,0
8419,X,Stanley Berryhill,WR,,24,0,,WR-,0,0,0,0,0,0,0,0,0
8420,X,Jack Sorenson,WR,,25,0,,WR-,0,0,0,0,0,0,0,0,0
8421,X,Mike Harley,WR,,26,0,,WR-,0,0,0,0,0,0,0,0,0
8423,X,Brittain Brown,RB,CHI,28,0,,RB-,0,0,0,0,0,0,0,0,0
8424,X,Kevin Marks,RB,,24,0,,RB-,0,0,0,0,0,0,0,0,0
8428,X,Zander Horvath,RB,,25,0,,RB-,0,0,0,0,0,0,0,0,0
8429,X,Levi Lewis,QB,,24,0,,QB-,0,0,0,0,0,0,0,0,0
8431,X,Chase Garbers,QB,,24,0,,QB-,0,0,0,0,0,0,0,0,0
8433,X,Cade Brewer,TE,,24,0,,TE-,0,0,0,0,0,0,0,0,0
8435,X,Kwamie Lassiter,WR,,26,0,,WR-,0,0,0,0,0,0,0,0,0
8436,X,Neil Pau'u,WR,,27,0,,WR-,0,0,0,0,0,0,0,0,0
8437,X,Thomas Hennigan,WR,,24,0,,WR-,0,0,0,0,0,0,0,0,0
8438,X,Corey Sutton,WR,,25,0,,WR-,0,0,0,0,0,0,0,0,0
8439,X,Demetris Robertson,WR,,25,0,,WR-,0,0,0,0,0,0,0,0,0
8441,X,Justin Hall,WR,,25,0,,WR-,0,0,0,0,0,0,0,0,0
8442,X,Jarrett Guarantano,QB,,25,0,,QB-,0,0,0,0,0,0,0,0,0
8475,X,Montrell Washington,WR,HOU,27,0,,WR-,0,0,0,0,0,0,0,0,0
8484,X,Ko Kieft,TE,TB,28,0,,TE-,0,0,0,0,0,0,0,0,0
8489,X,Drew Ogletree,TE,IND,28,0,,TE-,0,0,0,0,0,0,0,0,0
8500,X,John FitzPatrick,TE,,25,0,,TE-,0,0,0,0,0,0,0,0,0
8523,X,Nick Muse,TE,DET,27,0,,TE-,0,0,0,0,0,0,0,0,0
8527,X,Dareke Young,WR,LV,27,0,,WR-,0,0,0,0,0,0,0,0,0
853,X,Jeff Maehl,WR,,28,0,,WR-,0,0,0,0,0,0,0,0,0
8539,X,Seth Green,TE,,27,0,,TE-,0,0,0,0,0,0,0,0,0
8543,X,Drew Estrada,WR,,25,0,,WR-,0,0,0,0,0,0,0,0,0
8549,X,Trevon Clark,WR,,23,0,,WR-,0,0,0,0,0,0,0,0,0
8553,X,Tre Ford,QB,,24,0,,QB-,0,0,0,0,0,0,0,0,0
8559,X,Josh Babicz,TE,,23,0,,TE-,0,0,0,0,0,0,0,0,0
8560,X,Davis Cheek,QB,,23,0,,QB-,0,0,0,0,0,0,0,0,0
8568,X,John Lovett,RB,,23,0,,RB-,0,0,0,0,0,0,0,0,0
857,X,TJ Yates,QB,,33,0,,QB-,0,0,0,0,0,0,0,0,0
8570,X,Derek Wright,WR,,25,0,,WR-,0,0,0,0,0,0,0,0,0
8571,X,Ra'Shaun Henry,WR,,25,0,,WR-,0,0,0,0,0,0,0,0,0
8573,X,Talolo Limi-Jones,WR,,25,0,,WR-,0,0,0,0,0,0,0,0,0
8579,X,Brandon Peters,QB,,25,0,,QB-,0,0,0,0,0,0,0,0,0
8583,X,Stone Smartt,TE,PHI,27,0,,TE-,0,0,0,0,0,0,0,0,0
8589,X,Marcus Santos-Silva,TE,,25,0,,TE-,0,0,0,0,0,0,0,0,0
8595,X,Kyric McGowan,WR,,24,0,,WR-,0,0,0,0,0,0,0,0,0
86,X,Dante Rosario,TE,,33,0,,TE-,0,0,0,0,0,0,0,0,0
860,X,Armon Binns,WR,,28,0,,WR-,0,0,0,0,0,0,0,0,0
8602,X,Danny Davis,WR,,24,0,,WR-,0,0,0,0,0,0,0,0,0
8613,X,Taysir Mack,WR,,24,0,,WR-,0,0,0,0,0,0,0,0,0
862,X,Blaine Gabbert,QB,,34,0,,QB-,0,0,0,0,0,0,0,0,0
8621,X,Garrett Walston,TE,,24,0,,TE-,0,0,0,0,0,0,0,0,0
8624,X,Changa Hodge,WR,,24,0,,WR-,0,0,0,0,0,0,0,0,0
8628,X,Jontre Kirklin,WR,,25,0,,WR-,0,0,0,0,0,0,0,0,0
863,X,DuJuan Harris,RB,,32,0,,RB-,0,0,0,0,0,0,0,0,0
8632,X,JaVonta Payton,WR,,24,0,,WR-,0,0,0,0,0,0,0,0,0
8634,X,Chris Pierce,TE,,25,0,,TE-,0,0,0,0,0,0,0,0,0
8638,X,Grayson Gunter,TE,,25,0,,TE-,0,0,0,0,0,0,0,0,0
8656,X,Tyshaun James,WR,,23,0,,WR-,0,0,0,0,0,0,0,0,0
866,X,Cecil Shorts,WR,,32,0,,WR-,0,0,0,0,0,0,0,0,0
8660,X,Leroy Watson,TE,,27,0,,TE-,0,0,0,0,0,0,0,0,0
8663,X,Jared Bernhardt,WR,,25,0,,WR-,0,0,0,0,0,0,0,0,0
8665,X,Armani Rogers,TE,,27,0,,TE-,0,0,0,0,0,0,0,0,0
868,X,Virgil Green,TE,,33,0,,TE-,0,0,0,0,0,0,0,0,0
8685,X,John Mitchell,TE,,24,0,,TE-,0,0,0,0,0,0,0,0,0
8697,X,Kevin Shaa,WR,,25,0,,WR-,0,0,0,0,0,0,0,0,0
87,X,Jeff King,TE,,34,0,,TE-,0,0,0,0,0,0,0,0,0
8705,X,Landon Lenoir,WR,,24,0,,WR-,0,0,0,0,0,0,0,0,0
8706,X,Kehinde Oginni,TE,,25,0,,TE-,0,0,0,0,0,0,0,0,0
8721,X,De'Montre Tuggle,RB,,23,0,,RB-,0,0,0,0,0,0,0,0,0
8731,X,Shemar Bridges,WR,,25,0,,WR-,0,0,0,0,0,0,0,0,0
8732,X,Raleigh Webb,WR,,26,0,,WR-,0,0,0,0,0,0,0,0,0
874,X,Julius Thomas,TE,,32,0,,TE-,0,0,0,0,0,0,0,0,0
8741,X,Jamal Pettigrew,TE,,24,0,,TE-,0,0,0,0,0,0,0,0,0
8745,X,Lance McCutcheon,WR,TEN,27,0,,WR-,0,0,0,0,0,0,0,0,0
8747,X,Roger Carter,TE,,23,0,,TE-,0,0,0,0,0,0,0,0,0
8749,X,Tyreik McAllister,RB,,27,0,,RB-,0,0,0,0,0,0,0,0,0
8751,X,Dylan Parham,TE,,24,0,,TE-,0,0,0,0,0,0,0,0,0
8755,X,Kaden Davis,WR,CHI,27,0,,WR-,0,0,0,0,0,0,0,0,0
8756,X,Brandon Johnson,WR,LV,28,0,,WR-,0,0,0,0,0,0,0,0,0
8757,X,Rodney Williams,TE,,26,0,,TE-,0,0,0,0,0,0,0,0,0
8760,X,Dre Miller,TE,,25,0,,TE-,0,0,0,0,0,0,0,0,0
8770,X,Malik Williams,WR,,24,0,,WR-,0,0,0,0,0,0,0,0,0
8778,X,Justin Rigg,TE,,25,0,,TE-,0,0,0,0,0,0,0,0,0
8783,X,Kendric Pryor,WR,CIN,28,0,,WR-,0,0,0,0,0,0,0,0,0
8799,X,Zaire Mitchell-Paden,TE,NO,26,0,,TE-,0,0,0,0,0,0,0,0,0
8801,X,Dennis Houston,WR,TB,27,0,,WR-,0,0,0,0,0,0,0,0,0
8809,X,Aaron Shampklin,RB,,25,0,,RB-,0,0,0,0,0,0,0,0,0
881,X,Ricky Stanzi,QB,,30,0,,QB-,0,0,0,0,0,0,0,0,0
882,X,David Ausberry,TE,,29,0,,TE-,0,0,0,0,0,0,0,0,0
8820,X,Troy Hairston,RB,,26,0,,RB-,0,0,0,0,0,0,0,0,0
8825,X,Kekoa Crawford,WR,,25,0,,WR-,0,0,0,0,0,0,0,0,0
8828,X,Michael Young,WR,,23,0,,WR-,0,0,0,0,0,0,0,0,0
8831,X,Ethan Fernea,WR,,26,0,,WR-,0,0,0,0,0,0,0,0,0
8840,X,Cole Fotheringham,TE,,27,0,,TE-,0,0,0,0,0,0,0,0,0
8849,X,Tanner Conner,TE,NYG,28,0,,TE-,0,0,0,0,0,0,0,0,0
885,X,Richard Gordon,TE,,33,0,,TE-,0,0,0,0,0,0,0,0,0
8858,X,Keshunn Abram,WR,,23,0,,WR-,0,0,0,0,0,0,0,0,0
886,X,Taiwan Jones,RB,,35,0,,RB-,0,0,0,0,0,0,0,0,0
8861,X,Irv Charles,WR,SEA,29,0,,WR-,0,0,0,0,0,0,0,0,0
8863,X,Kaylon Geiger,WR,,25,0,,WR-,0,0,0,0,0,0,0,0,0
887,X,Denarius Moore,WR,,31,0,,WR-,0,0,0,0,0,0,0,0,0
8876,X,Kevin Kassis,WR,,25,0,,WR-,0,0,0,0,0,0,0,0,0
8878,X,Jared Scott,TE,,23,0,,TE-,0,0,0,0,0,0,0,0,0
8881,X,Willie Johnson,WR,,26,0,,WR-,0,0,0,0,0,0,0,0,0
8884,X,JJ Howland,TE,,25,0,,TE-,0,0,0,0,0,0,0,0,0
8885,X,Tucker Fisk,TE,,27,0,,TE-,0,0,0,0,0,0,0,0,0
8888,X,Kameron Brown,WR,,26,0,,WR-,0,0,0,0,0,0,0,0,0
8892,X,Keric Wheatfall,WR,,23,0,,WR-,0,0,0,0,0,0,0,0,0
89,X,Chad Henne,QB,,37,0,,QB-,0,0,0,0,0,0,0,0,0
891,X,Vincent Brown,WR,,31,0,,WR-,0,0,0,0,0,0,0,0,0
8915,X,Drew Plitt,QB,,26,0,,QB-,0,0,0,0,0,0,0,0,0
8921,X,Maurice Alexander,WR,CHI,29,0,,WR-,0,0,0,0,0,0,0,0,0
8924,X,Thomas Odukoya,TE,,28,0,,TE-,0,0,0,0,0,0,0,0,0
8928,X,Daylen Baldwin,WR,,24,0,,WR-,0,0,0,0,0,0,0,0,0
8931,X,Josh Ali,WR,,25,0,,WR-,0,0,0,0,0,0,0,0,0
8934,X,Clint Ratkovich,FB,,25,0,,FB-,0,0,0,0,0,0,0,0,0
8938,X,Nathan Rourke,QB,,26,0,,QB-,0,0,0,0,0,0,0,0,0
895,X,Jordan Todman,RB,,30,0,,RB-,0,0,0,0,0,0,0,0,0
896,X,Scott Tolzien,QB,,33,0,,QB-,0,0,0,0,0,0,0,0,0
902,X,Dwayne Harris,WR,,34,0,,WR-,0,0,0,0,0,0,0,0,0
904,X,DeMarco Murray,RB,,32,0,,RB-,0,0,0,0,0,0,0,0,0
906,X,Phillip Tanner,RB,,29,0,,RB-,0,0,0,0,0,0,0,0,0
91,X,Carson Palmer,QB,,40,0,,QB-,0,0,0,0,0,0,0,0,0
910,X,Henry Hynoski,FB,,29,0,,FB-,0,0,0,0,0,0,0,0,0
913,X,Shaun Draughn,RB,,32,0,,RB-,0,0,0,0,0,0,0,0,0
914,X,Leonard Hankerson,WR,,31,0,,WR-,0,0,0,0,0,0,0,0,0
915,X,Roy Helu,RB,,31,0,,RB-,0,0,0,0,0,0,0,0,0
918,X,Niles Paul,TE,,32,0,,TE-,0,0,0,0,0,0,0,0,0
919,X,Aldrick Robinson,WR,,33,0,,WR-,0,0,0,0,0,0,0,0,0
92,X,Andre Johnson,WR,,39,0,,WR-,0,0,0,0,0,0,0,0,0
920,X,Evan Royster,RB,,29,0,,RB-,0,0,0,0,0,0,0,0,0
9220,X,Evan Hull,RB,ARI,25,0,Luc,RB-Luc,0,0,0,0,0,0,0,0,0
9222,X,Zach Evans,RB,,24,0,Matt,RB-Matt,0,0,0,0,0,0,0,0,0
9223,X,Tiyon Evans,RB,,22,0,,RB-,0,0,0,0,0,0,0,0,0
9231,X,Jaren Hall,QB,,27,0,,QB-,0,0,0,0,0,0,0,0,0
928,X,Randall Cobb,WR,,33,0,,WR-,0,0,0,0,0,0,0,0,0
934,X,Ryan Taylor,TE,,29,0,,TE-,0,0,0,0,0,0,0,0,0
935,X,DJ Williams,TE,,29,0,,TE-,0,0,0,0,0,0,0,0,0
936,X,Matt Asiata,RB,,33,0,,RB-,0,0,0,0,0,0,0,0,0
940,X,Andre Holmes,WR,,33,0,,WR-,0,0,0,0,0,0,0,0,0
941,X,Christian Ponder,QB,,32,0,,QB-,0,0,0,0,0,0,0,0,0
942,X,Allen Reisner,TE,,29,0,,TE-,0,0,0,0,0,0,0,0,0
943,X,Kyle Rudolph,TE,,33,0,,TE-,0,0,0,0,0,0,0,0,0
945,X,Kevin Cone,WR,,29,0,,WR-,0,0,0,0,0,0,0,0,0
947,X,Julio Jones,WR,,35,0,,WR-,0,0,0,0,0,0,0,0,0
9483,X,Zack Kuntz,TE,LV,27,0,,TE-,0,0,0,0,0,0,0,0,0
9489,X,Justin Shorter,WR,LV,26,0,Luc,WR-Luc,0,0,0,0,0,0,0,0,0
949,X,Jacquizz Rodgers,RB,,31,0,,RB-,0,0,0,0,0,0,0,0,0
9491,X,Ty Scott,WR,,25,0,,WR-,0,0,0,0,0,0,0,0,0
9495,X,Rakim Jarrett,WR,,24,0,Ricky,WR-Ricky,0,0,0,0,0,0,0,0,0
9496,X,Sam James,WR,,23,0,,WR-,0,0,0,0,0,0,0,0,0
9498,X,Jadon Haselwood,WR,,22,0,,WR-,0,0,0,0,0,0,0,0,0
9499,X,Bryce Ford-Wheaton,WR,,26,0,,WR-,0,0,0,0,0,0,0,0,0
9503,X,Jacob Copeland,WR,,25,0,,WR-,0,0,0,0,0,0,0,0,0
9505,X,Deuce Vaughn,RB,,24,0,Alex,RB-Alex,0,0,0,0,0,0,0,0,0
9510,X,Lew Nichols,RB,PIT,24,0,Luc,RB-Luc,0,0,0,0,0,0,0,0,0
9512,X,DeWayne McBride,RB,,23,0,Luc,RB-Luc,0,0,0,0,0,0,0,0,0
954,X,Cam Newton,QB,,32,0,,QB-,0,0,0,0,0,0,0,0,0
956,X,Mark Ingram,RB,,33,0,,RB-,0,0,0,0,0,0,0,0,0
958,X,Joe Morgan,WR,,32,0,,WR-,0,0,0,0,0,0,0,0,0
963,X,Luke Stocker,TE,,33,0,,TE-,0,0,0,0,0,0,0,0,0
964,X,Lance Kendricks,TE,,33,0,,TE-,0,0,0,0,0,0,0,0,0
966,X,Austin Pettis,WR,,29,0,,WR-,0,0,0,0,0,0,0,0,0
968,X,Greg Salas,WR,,32,0,,WR-,0,0,0,0,0,0,0,0,0
971,X,Rob Housler,TE,,32,0,,TE-,0,0,0,0,0,0,0,0,0
973,X,Anthony Sherman,RB,,33,0,,RB-,0,0,0,0,0,0,0,0,0
974,X,Ryan Williams,RB,,27,0,,RB-,0,0,0,0,0,0,0,0,0
975,X,McLeod Bethel-Thompson,QB,,30,0,,QB-,0,0,0,0,0,0,0,0,0
9759,X,CJ Johnson,WR,,22,0,,WR-,0,0,0,0,0,0,0,0,0
978,X,Kendall Hunter,RB,,32,0,,RB-,0,0,0,0,0,0,0,0,0
98,X,Fred Davis,TE,,31,0,,TE-,0,0,0,0,0,0,0,0,0
980,X,Colin Kaepernick,QB,,34,0,,QB-,0,0,0,0,0,0,0,0,0
982,X,Bruce Miller,FB,,34,0,,FB-,0,0,0,0,0,0,0,0,0
984,X,Konrad Reuland,TE,,33,0,,TE-,0,0,0,0,0,0,0,0,0
988,X,Doug Baldwin,WR,,33,0,,WR-,0,0,0,0,0,0,0,0,0
990,X,Kris Durham,WR,,29,0,,WR-,0,0,0,0,0,0,0,0,0
992,X,Ricardo Lockette,WR,,34,0,,WR-,0,0,0,0,0,0,0,0,0
999,X,Marcus Easley,WR,,32,0,,WR-,0,0,0,0,0,0,0,0,0
9998,X,Hendon Hooker,QB,TEN,28,0,Alex,QB-Alex,0,0,0,0,0,0,0,0,0
